[2026-08-06 04:20:32] production.ERROR: file_get_contents(C:\laragon\www\APK_POS2\.env): Failed to open stream: No such file or directory {"exception":"[object] (ErrorException(code: 0): file_get_contents(C:\\laragon\\www\\APK_POS2\\.env): Failed to open stream: No such file or directory at C:/laragon/www/APK_POS2/vendor/laravel/framework/src/Illuminate/Foundation/Console/KeyGenerateCommand.php:100)
[stacktrace]
#0 C:/laragon/www/APK_POS2/vendor/laravel/framework/src/Illuminate/Foundation/Bootstrap/HandleExceptions.php(262): Illuminate/Foundation/Bootstrap/HandleExceptions->handleError(2, 'file_get_conten...', 'C://laragon//www//...', 100)
#1 [internal function]: Illuminate/Foundation/Bootstrap/HandleExceptions->{closure:Illuminate/Foundation/Bootstrap/HandleExceptions::forwardsTo():261}(2, 'file_get_conten...', 'C://laragon//www//...', 100)
#2 C:/laragon/www/APK_POS2/vendor/laravel/framework/src/Illuminate/Foundation/Console/KeyGenerateCommand.php(100): file_get_contents('C://laragon//www//...')
#3 C:/laragon/www/APK_POS2/vendor/laravel/framework/src/Illuminate/Foundation/Console/KeyGenerateCommand.php(82): Illuminate/Foundation/Console/KeyGenerateCommand->writeNewEnvironmentFileWith('base64:82p8Liw3...')
#4 C:/laragon/www/APK_POS2/vendor/laravel/framework/src/Illuminate/Foundation/Console/KeyGenerateCommand.php(47): Illuminate/Foundation/Console/KeyGenerateCommand->setKeyInEnvironmentFile('base64:82p8Liw3...')
#5 C:/laragon/www/APK_POS2/vendor/laravel/framework/src/Illuminate/Container/BoundMethod.php(36): Illuminate/Foundation/Console/KeyGenerateCommand->handle()
#6 C:/laragon/www/APK_POS2/vendor/laravel/framework/src/Illuminate/Container/Util.php(43): Illuminate/Container/BoundMethod::{closure:Illuminate/Container/BoundMethod::call():35}()
#7 C:/laragon/www/APK_POS2/vendor/laravel/framework/src/Illuminate/Container/BoundMethod.php(96): Illuminate/Container/Util::unwrapIfClosure(Object(Closure))
#8 C:/laragon/www/APK_POS2/vendor/laravel/framework/src/Illuminate/Container/BoundMethod.php(35): Illuminate/Container/BoundMethod::callBoundMethod(Object(Illuminate/Foundation/Application), Array, Object(Closure))
#9 C:/laragon/www/APK_POS2/vendor/laravel/framework/src/Illuminate/Container/Container.php(799): Illuminate/Container/BoundMethod::call(Object(Illuminate/Foundation/Application), Array, Array, NULL)
#10 C:/laragon/www/APK_POS2/vendor/laravel/framework/src/Illuminate/Console/Command.php(211): Illuminate/Container/Container->call(Array)
#11 C:/laragon/www/APK_POS2/vendor/symfony/console/Command/Command.php(341): Illuminate/Console/Command->execute(Object(Symfony/Component/Console/Input/ArgvInput), Object(Illuminate/Console/OutputStyle))
#12 C:/laragon/www/APK_POS2/vendor/laravel/framework/src/Illuminate/Console/Command.php(180): Symfony/Component/Console/Command/Command->run(Object(Symfony/Component/Console/Input/ArgvInput), Object(Illuminate/Console/OutputStyle))
#13 C:/laragon/www/APK_POS2/vendor/symfony/console/Application.php(1117): Illuminate/Console/Command->run(Object(Symfony/Component/Console/Input/ArgvInput), Object(Symfony/Component/Console/Output/ConsoleOutput))
#14 C:/laragon/www/APK_POS2/vendor/symfony/console/Application.php(356): Symfony/Component/Console/Application->doRunCommand(Object(Illuminate/Foundation/Console/KeyGenerateCommand), Object(Symfony/Component/Console/Input/ArgvInput), Object(Symfony/Component/Console/Output/ConsoleOutput))
#15 C:/laragon/www/APK_POS2/vendor/symfony/console/Application.php(195): Symfony/Component/Console/Application->doRun(Object(Symfony/Component/Console/Input/ArgvInput), Object(Symfony/Component/Console/Output/ConsoleOutput))
#16 C:/laragon/www/APK_POS2/vendor/laravel/framework/src/Illuminate/Foundation/Console/Kernel.php(198): Symfony/Component/Console/Application->run(Object(Symfony/Component/Console/Input/ArgvInput), Object(Symfony/Component/Console/Output/ConsoleOutput))
#17 C:/laragon/www/APK_POS2/vendor/laravel/framework/src/Illuminate/Foundation/Application.php(1235): Illuminate/Foundation/Console/Kernel->handle(Object(Symfony/Component/Console/Input/ArgvInput), Object(Symfony/Component/Console/Output/ConsoleOutput))
#18 C:/laragon/www/APK_POS2/artisan(16): Illuminate/Foundation/Application->handleCommand(Object(Symfony/Component/Console/Input/ArgvInput))
#19 {main}
"} 
[2026-08-06 06:23:59] local.ERROR: syntax error, unexpected token "endforeach", expecting "elseif" or "else" or "endif" (View: C:\laragon\www\APK_POS2\resources\views\penjualan\index.blade.php) {"userId":1,"exception":"[object] (Illuminate\\View\\ViewException(code: 0): syntax error, unexpected token \"endforeach\", expecting \"elseif\" or \"else\" or \"endif\" (View: C:\\laragon\\www\\APK_POS2\\resources\\views\\penjualan\\index.blade.php) at C:/laragon/www/APK_POS2/storage/framework/views/304c161585f63d667a9c2c20e2307300.php:96)
[stacktrace]
#0 C:/laragon/www/APK_POS2/vendor/laravel/framework/src/Illuminate/View/Engines/PhpEngine.php(59): Illuminate/View/Engines/CompilerEngine->handleViewException(Object(ParseError), 1)
#1 C:/laragon/www/APK_POS2/vendor/laravel/framework/src/Illuminate/View/Engines/CompilerEngine.php(76): Illuminate/View/Engines/PhpEngine->evaluatePath('C://laragon//www//...', Array)
#2 C:/laragon/www/APK_POS2/vendor/laravel/framework/src/Illuminate/View/View.php(208): Illuminate/View/Engines/CompilerEngine->get('C://laragon//www//...', Array)
#3 C:/laragon/www/APK_POS2/vendor/laravel/framework/src/Illuminate/View/View.php(191): Illuminate/View/View->getContents()
#4 C:/laragon/www/APK_POS2/vendor/laravel/framework/src/Illuminate/View/View.php(160): Illuminate/View/View->renderContents()
#5 C:/laragon/www/APK_POS2/vendor/laravel/framework/src/Illuminate/Http/Response.php(78): Illuminate/View/View->render()
#6 C:/laragon/www/APK_POS2/vendor/laravel/framework/src/Illuminate/Http/Response.php(34): Illuminate/Http/Response->setContent(Object(Illuminate/View/View))
#7 C:/laragon/www/APK_POS2/vendor/laravel/framework/src/Illuminate/Routing/Router.php(939): Illuminate/Http/Response->__construct(Object(Illuminate/View/View), 200, Array)
#8 C:/laragon/www/APK_POS2/vendor/laravel/framework/src/Illuminate/Routing/Router.php(906): Illuminate/Routing/Router::toResponse(Object(Illuminate/Http/Request), Object(Illuminate/View/View))
#9 C:/laragon/www/APK_POS2/vendor/laravel/framework/src/Illuminate/Routing/Router.php(821): Illuminate/Routing/Router->prepareResponse(Object(Illuminate/Http/Request), Object(Illuminate/View/View))
#10 C:/laragon/www/APK_POS2/vendor/laravel/framework/src/Illuminate/Pipeline/Pipeline.php(180): Illuminate/Routing/Router->{closure:Illuminate/Routing/Router::runRouteWithinStack():821}(Object(Illuminate/Http/Request))
#11 C:/laragon/www/APK_POS2/app/Http/Middleware/RoleMiddleware.php(27): Illuminate/Pipeline/Pipeline->{closure:Illuminate/Pipeline/Pipeline::prepareDestination():178}(Object(Illuminate/Http/Request))
#12 C:/laragon/www/APK_POS2/vendor/laravel/framework/src/Illuminate/Pipeline/Pipeline.php(219): App/Http/Middleware/RoleMiddleware->handle(Object(Illuminate/Http/Request), Object(Closure), 'admin', 'kasir')
#13 C:/laragon/www/APK_POS2/vendor/laravel/framework/src/Illuminate/Routing/Middleware/SubstituteBindings.php(50): Illuminate/Pipeline/Pipeline->{closure:{closure:Illuminate/Pipeline/Pipeline::carry():194}:195}(Object(Illuminate/Http/Request))
#14 C:/laragon/www/APK_POS2/vendor/laravel/framework/src/Illuminate/Pipeline/Pipeline.php(219): Illuminate/Routing/Middleware/SubstituteBindings->handle(Object(Illuminate/Http/Request), Object(Closure))
#15 C:/laragon/www/APK_POS2/vendor/laravel/framework/src/Illuminate/Auth/Middleware/Authenticate.php(63): Illuminate/Pipeline/Pipeline->{closure:{closure:Illuminate/Pipeline/Pipeline::carry():194}:195}(Object(Illuminate/Http/Request))
#16 C:/laragon/www/APK_POS2/vendor/laravel/framework/src/Illuminate/Pipeline/Pipeline.php(219): Illuminate/Auth/Middleware/Authenticate->handle(Object(Illuminate/Http/Request), Object(Closure))
#17 C:/laragon/www/APK_POS2/vendor/laravel/framework/src/Illuminate/Foundation/Http/Middleware/VerifyCsrfToken.php(87): Illuminate/Pipeline/Pipeline->{closure:{closure:Illuminate/Pipeline/Pipeline::carry():194}:195}(Object(Illuminate/Http/Request))
#18 C:/laragon/www/APK_POS2/vendor/laravel/framework/src/Illuminate/Pipeline/Pipeline.php(219): Illuminate/Foundation/Http/Middleware/VerifyCsrfToken->handle(Object(Illuminate/Http/Request), Object(Closure))
#19 C:/laragon/www/APK_POS2/vendor/laravel/framework/src/Illuminate/View/Middleware/ShareErrorsFromSession.php(48): Illuminate/Pipeline/Pipeline->{closure:{closure:Illuminate/Pipeline/Pipeline::carry():194}:195}(Object(Illuminate/Http/Request))
#20 C:/laragon/www/APK_POS2/vendor/laravel/framework/src/Illuminate/Pipeline/Pipeline.php(219): Illuminate/View/Middleware/ShareErrorsFromSession->handle(Object(Illuminate/Http/Request), Object(Closure))
#21 C:/laragon/www/APK_POS2/vendor/laravel/framework/src/Illuminate/Session/Middleware/StartSession.php(120): Illuminate/Pipeline/Pipeline->{closure:{closure:Illuminate/Pipeline/Pipeline::carry():194}:195}(Object(Illuminate/Http/Request))
#22 C:/laragon/www/APK_POS2/vendor/laravel/framework/src/Illuminate/Session/Middleware/StartSession.php(63): Illuminate/Session/Middleware/StartSession->handleStatefulRequest(Object(Illuminate/Http/Request), Object(Illuminate/Session/Store), Object(Closure))
#23 C:/laragon/www/APK_POS2/vendor/laravel/framework/src/Illuminate/Pipeline/Pipeline.php(219): Illuminate/Session/Middleware/StartSession->handle(Object(Illuminate/Http/Request), Object(Closure))
#24 C:/laragon/www/APK_POS2/vendor/laravel/framework/src/Illuminate/Cookie/Middleware/AddQueuedCookiesToResponse.php(36): Illuminate/Pipeline/Pipeline->{closure:{closure:Illuminate/Pipeline/Pipeline::carry():194}:195}(Object(Illuminate/Http/Request))
#25 C:/laragon/www/APK_POS2/vendor/laravel/framework/src/Illuminate/Pipeline/Pipeline.php(219): Illuminate/Cookie/Middleware/AddQueuedCookiesToResponse->handle(Object(Illuminate/Http/Request), Object(Closure))
#26 C:/laragon/www/APK_POS2/vendor/laravel/framework/src/Illuminate/Cookie/Middleware/EncryptCookies.php(74): Illuminate/Pipeline/Pipeline->{closure:{closure:Illuminate/Pipeline/Pipeline::carry():194}:195}(Object(Illuminate/Http/Request))
#27 C:/laragon/www/APK_POS2/vendor/laravel/framework/src/Illuminate/Pipeline/Pipeline.php(219): Illuminate/Cookie/Middleware/EncryptCookies->handle(Object(Illuminate/Http/Request), Object(Closure))
#28 C:/laragon/www/APK_POS2/vendor/laravel/framework/src/Illuminate/Pipeline/Pipeline.php(137): Illuminate/Pipeline/Pipeline->{closure:{closure:Illuminate/Pipeline/Pipeline::carry():194}:195}(Object(Illuminate/Http/Request))
#29 C:/laragon/www/APK_POS2/vendor/laravel/framework/src/Illuminate/Routing/Router.php(821): Illuminate/Pipeline/Pipeline->then(Object(Closure))
#30 C:/laragon/www/APK_POS2/vendor/laravel/framework/src/Illuminate/Routing/Router.php(800): Illuminate/Routing/Router->runRouteWithinStack(Object(Illuminate/Routing/Route), Object(Illuminate/Http/Request))
#31 C:/laragon/www/APK_POS2/vendor/laravel/framework/src/Illuminate/Routing/Router.php(764): Illuminate/Routing/Router->runRoute(Object(Illuminate/Http/Request), Object(Illuminate/Routing/Route))
#32 C:/laragon/www/APK_POS2/vendor/laravel/framework/src/Illuminate/Routing/Router.php(753): Illuminate/Routing/Router->dispatchToRoute(Object(Illuminate/Http/Request))
#33 C:/laragon/www/APK_POS2/vendor/laravel/framework/src/Illuminate/Foundation/Http/Kernel.php(200): Illuminate/Routing/Router->dispatch(Object(Illuminate/Http/Request))
#34 C:/laragon/www/APK_POS2/vendor/laravel/framework/src/Illuminate/Pipeline/Pipeline.php(180): Illuminate/Foundation/Http/Kernel->{closure:Illuminate/Foundation/Http/Kernel::dispatchToRouter():197}(Object(Illuminate/Http/Request))
#35 C:/laragon/www/APK_POS2/vendor/laravel/framework/src/Illuminate/Foundation/Http/Middleware/TransformsRequest.php(21): Illuminate/Pipeline/Pipeline->{closure:Illuminate/Pipeline/Pipeline::prepareDestination():178}(Object(Illuminate/Http/Request))
#36 C:/laragon/www/APK_POS2/vendor/laravel/framework/src/Illuminate/Foundation/Http/Middleware/ConvertEmptyStringsToNull.php(31): Illuminate/Foundation/Http/Middleware/TransformsRequest->handle(Object(Illuminate/Http/Request), Object(Closure))
#37 C:/laragon/www/APK_POS2/vendor/laravel/framework/src/Illuminate/Pipeline/Pipeline.php(219): Illuminate/Foundation/Http/Middleware/ConvertEmptyStringsToNull->handle(Object(Illuminate/Http/Request), Object(Closure))
#38 C:/laragon/www/APK_POS2/vendor/laravel/framework/src/Illuminate/Foundation/Http/Middleware/TransformsRequest.php(21): Illuminate/Pipeline/Pipeline->{closure:{closure:Illuminate/Pipeline/Pipeline::carry():194}:195}(Object(Illuminate/Http/Request))
#39 C:/laragon/www/APK_POS2/vendor/laravel/framework/src/Illuminate/Foundation/Http/Middleware/TrimStrings.php(51): Illuminate/Foundation/Http/Middleware/TransformsRequest->handle(Object(Illuminate/Http/Request), Object(Closure))
#40 C:/laragon/www/APK_POS2/vendor/laravel/framework/src/Illuminate/Pipeline/Pipeline.php(219): Illuminate/Foundation/Http/Middleware/TrimStrings->handle(Object(Illuminate/Http/Request), Object(Closure))
#41 C:/laragon/www/APK_POS2/vendor/laravel/framework/src/Illuminate/Http/Middleware/ValidatePostSize.php(27): Illuminate/Pipeline/Pipeline->{closure:{closure:Illuminate/Pipeline/Pipeline::carry():194}:195}(Object(Illuminate/Http/Request))
#42 C:/laragon/www/APK_POS2/vendor/laravel/framework/src/Illuminate/Pipeline/Pipeline.php(219): Illuminate/Http/Middleware/ValidatePostSize->handle(Object(Illuminate/Http/Request), Object(Closure))
#43 C:/laragon/www/APK_POS2/vendor/laravel/framework/src/Illuminate/Foundation/Http/Middleware/PreventRequestsDuringMaintenance.php(109): Illuminate/Pipeline/Pipeline->{closure:{closure:Illuminate/Pipeline/Pipeline::carry():194}:195}(Object(Illuminate/Http/Request))
#44 C:/laragon/www/APK_POS2/vendor/laravel/framework/src/Illuminate/Pipeline/Pipeline.php(219): Illuminate/Foundation/Http/Middleware/PreventRequestsDuringMaintenance->handle(Object(Illuminate/Http/Request), Object(Closure))
#45 C:/laragon/www/APK_POS2/vendor/laravel/framework/src/Illuminate/Http/Middleware/HandleCors.php(61): Illuminate/Pipeline/Pipeline->{closure:{closure:Illuminate/Pipeline/Pipeline::carry():194}:195}(Object(Illuminate/Http/Request))
#46 C:/laragon/www/APK_POS2/vendor/laravel/framework/src/Illuminate/Pipeline/Pipeline.php(219): Illuminate/Http/Middleware/HandleCors->handle(Object(Illuminate/Http/Request), Object(Closure))
#47 C:/laragon/www/APK_POS2/vendor/laravel/framework/src/Illuminate/Http/Middleware/TrustProxies.php(58): Illuminate/Pipeline/Pipeline->{closure:{closure:Illuminate/Pipeline/Pipeline::carry():194}:195}(Object(Illuminate/Http/Request))
#48 C:/laragon/www/APK_POS2/vendor/laravel/framework/src/Illuminate/Pipeline/Pipeline.php(219): Illuminate/Http/Middleware/TrustProxies->handle(Object(Illuminate/Http/Request), Object(Closure))
#49 C:/laragon/www/APK_POS2/vendor/laravel/framework/src/Illuminate/Foundation/Http/Middleware/InvokeDeferredCallbacks.php(22): Illuminate/Pipeline/Pipeline->{closure:{closure:Illuminate/Pipeline/Pipeline::carry():194}:195}(Object(Illuminate/Http/Request))
#50 C:/laragon/www/APK_POS2/vendor/laravel/framework/src/Illuminate/Pipeline/Pipeline.php(219): Illuminate/Foundation/Http/Middleware/InvokeDeferredCallbacks->handle(Object(Illuminate/Http/Request), Object(Closure))
#51 C:/laragon/www/APK_POS2/vendor/laravel/framework/src/Illuminate/Http/Middleware/ValidatePathEncoding.php(26): Illuminate/Pipeline/Pipeline->{closure:{closure:Illuminate/Pipeline/Pipeline::carry():194}:195}(Object(Illuminate/Http/Request))
#52 C:/laragon/www/APK_POS2/vendor/laravel/framework/src/Illuminate/Pipeline/Pipeline.php(219): Illuminate/Http/Middleware/ValidatePathEncoding->handle(Object(Illuminate/Http/Request), Object(Closure))
#53 C:/laragon/www/APK_POS2/vendor/laravel/framework/src/Illuminate/Pipeline/Pipeline.php(137): Illuminate/Pipeline/Pipeline->{closure:{closure:Illuminate/Pipeline/Pipeline::carry():194}:195}(Object(Illuminate/Http/Request))
#54 C:/laragon/www/APK_POS2/vendor/laravel/framework/src/Illuminate/Foundation/Http/Kernel.php(175): Illuminate/Pipeline/Pipeline->then(Object(Closure))
#55 C:/laragon/www/APK_POS2/vendor/laravel/framework/src/Illuminate/Foundation/Http/Kernel.php(144): Illuminate/Foundation/Http/Kernel->sendRequestThroughRouter(Object(Illuminate/Http/Request))
#56 C:/laragon/www/APK_POS2/vendor/laravel/framework/src/Illuminate/Foundation/Application.php(1220): Illuminate/Foundation/Http/Kernel->handle(Object(Illuminate/Http/Request))
#57 C:/laragon/www/APK_POS2/public/index.php(20): Illuminate/Foundation/Application->handleRequest(Object(Illuminate/Http/Request))
#58 C:/laragon/www/APK_POS2/vendor/laravel/framework/src/Illuminate/Foundation/resources/server.php(23): require_once('C://laragon//www//...')
#59 {main}

[previous exception] [object] (ParseError(code: 0): syntax error, unexpected token \"endforeach\", expecting \"elseif\" or \"else\" or \"endif\" at C:/laragon/www/APK_POS2/storage/framework/views/304c161585f63d667a9c2c20e2307300.php:96)
[stacktrace]
#0 C:/laragon/www/APK_POS2/vendor/laravel/framework/src/Illuminate/Filesystem/Filesystem.php(124): Illuminate/Filesystem/Filesystem::{closure:Illuminate/Filesystem/Filesystem::getRequire():120}()
#1 C:/laragon/www/APK_POS2/vendor/laravel/framework/src/Illuminate/View/Engines/PhpEngine.php(57): Illuminate/Filesystem/Filesystem->getRequire('C://laragon//www//...', Array)
#2 C:/laragon/www/APK_POS2/vendor/laravel/framework/src/Illuminate/View/Engines/CompilerEngine.php(76): Illuminate/View/Engines/PhpEngine->evaluatePath('C://laragon//www//...', Array)
#3 C:/laragon/www/APK_POS2/vendor/laravel/framework/src/Illuminate/View/View.php(208): Illuminate/View/Engines/CompilerEngine->get('C://laragon//www//...', Array)
#4 C:/laragon/www/APK_POS2/vendor/laravel/framework/src/Illuminate/View/View.php(191): Illuminate/View/View->getContents()
#5 C:/laragon/www/APK_POS2/vendor/laravel/framework/src/Illuminate/View/View.php(160): Illuminate/View/View->renderContents()
#6 C:/laragon/www/APK_POS2/vendor/laravel/framework/src/Illuminate/Http/Response.php(78): Illuminate/View/View->render()
#7 C:/laragon/www/APK_POS2/vendor/laravel/framework/src/Illuminate/Http/Response.php(34): Illuminate/Http/Response->setContent(Object(Illuminate/View/View))
#8 C:/laragon/www/APK_POS2/vendor/laravel/framework/src/Illuminate/Routing/Router.php(939): Illuminate/Http/Response->__construct(Object(Illuminate/View/View), 200, Array)
#9 C:/laragon/www/APK_POS2/vendor/laravel/framework/src/Illuminate/Routing/Router.php(906): Illuminate/Routing/Router::toResponse(Object(Illuminate/Http/Request), Object(Illuminate/View/View))
#10 C:/laragon/www/APK_POS2/vendor/laravel/framework/src/Illuminate/Routing/Router.php(821): Illuminate/Routing/Router->prepareResponse(Object(Illuminate/Http/Request), Object(Illuminate/View/View))
#11 C:/laragon/www/APK_POS2/vendor/laravel/framework/src/Illuminate/Pipeline/Pipeline.php(180): Illuminate/Routing/Router->{closure:Illuminate/Routing/Router::runRouteWithinStack():821}(Object(Illuminate/Http/Request))
#12 C:/laragon/www/APK_POS2/app/Http/Middleware/RoleMiddleware.php(27): Illuminate/Pipeline/Pipeline->{closure:Illuminate/Pipeline/Pipeline::prepareDestination():178}(Object(Illuminate/Http/Request))
#13 C:/laragon/www/APK_POS2/vendor/laravel/framework/src/Illuminate/Pipeline/Pipeline.php(219): App/Http/Middleware/RoleMiddleware->handle(Object(Illuminate/Http/Request), Object(Closure), 'admin', 'kasir')
#14 C:/laragon/www/APK_POS2/vendor/laravel/framework/src/Illuminate/Routing/Middleware/SubstituteBindings.php(50): Illuminate/Pipeline/Pipeline->{closure:{closure:Illuminate/Pipeline/Pipeline::carry():194}:195}(Object(Illuminate/Http/Request))
#15 C:/laragon/www/APK_POS2/vendor/laravel/framework/src/Illuminate/Pipeline/Pipeline.php(219): Illuminate/Routing/Middleware/SubstituteBindings->handle(Object(Illuminate/Http/Request), Object(Closure))
#16 C:/laragon/www/APK_POS2/vendor/laravel/framework/src/Illuminate/Auth/Middleware/Authenticate.php(63): Illuminate/Pipeline/Pipeline->{closure:{closure:Illuminate/Pipeline/Pipeline::carry():194}:195}(Object(Illuminate/Http/Request))
#17 C:/laragon/www/APK_POS2/vendor/laravel/framework/src/Illuminate/Pipeline/Pipeline.php(219): Illuminate/Auth/Middleware/Authenticate->handle(Object(Illuminate/Http/Request), Object(Closure))
#18 C:/laragon/www/APK_POS2/vendor/laravel/framework/src/Illuminate/Foundation/Http/Middleware/VerifyCsrfToken.php(87): Illuminate/Pipeline/Pipeline->{closure:{closure:Illuminate/Pipeline/Pipeline::carry():194}:195}(Object(Illuminate/Http/Request))
#19 C:/laragon/www/APK_POS2/vendor/laravel/framework/src/Illuminate/Pipeline/Pipeline.php(219): Illuminate/Foundation/Http/Middleware/VerifyCsrfToken->handle(Object(Illuminate/Http/Request), Object(Closure))
#20 C:/laragon/www/APK_POS2/vendor/laravel/framework/src/Illuminate/View/Middleware/ShareErrorsFromSession.php(48): Illuminate/Pipeline/Pipeline->{closure:{closure:Illuminate/Pipeline/Pipeline::carry():194}:195}(Object(Illuminate/Http/Request))
#21 C:/laragon/www/APK_POS2/vendor/laravel/framework/src/Illuminate/Pipeline/Pipeline.php(219): Illuminate/View/Middleware/ShareErrorsFromSession->handle(Object(Illuminate/Http/Request), Object(Closure))
#22 C:/laragon/www/APK_POS2/vendor/laravel/framework/src/Illuminate/Session/Middleware/StartSession.php(120): Illuminate/Pipeline/Pipeline->{closure:{closure:Illuminate/Pipeline/Pipeline::carry():194}:195}(Object(Illuminate/Http/Request))
#23 C:/laragon/www/APK_POS2/vendor/laravel/framework/src/Illuminate/Session/Middleware/StartSession.php(63): Illuminate/Session/Middleware/StartSession->handleStatefulRequest(Object(Illuminate/Http/Request), Object(Illuminate/Session/Store), Object(Closure))
#24 C:/laragon/www/APK_POS2/vendor/laravel/framework/src/Illuminate/Pipeline/Pipeline.php(219): Illuminate/Session/Middleware/StartSession->handle(Object(Illuminate/Http/Request), Object(Closure))
#25 C:/laragon/www/APK_POS2/vendor/laravel/framework/src/Illuminate/Cookie/Middleware/AddQueuedCookiesToResponse.php(36): Illuminate/Pipeline/Pipeline->{closure:{closure:Illuminate/Pipeline/Pipeline::carry():194}:195}(Object(Illuminate/Http/Request))
#26 C:/laragon/www/APK_POS2/vendor/laravel/framework/src/Illuminate/Pipeline/Pipeline.php(219): Illuminate/Cookie/Middleware/AddQueuedCookiesToResponse->handle(Object(Illuminate/Http/Request), Object(Closure))
#27 C:/laragon/www/APK_POS2/vendor/laravel/framework/src/Illuminate/Cookie/Middleware/EncryptCookies.php(74): Illuminate/Pipeline/Pipeline->{closure:{closure:Illuminate/Pipeline/Pipeline::carry():194}:195}(Object(Illuminate/Http/Request))
#28 C:/laragon/www/APK_POS2/vendor/laravel/framework/src/Illuminate/Pipeline/Pipeline.php(219): Illuminate/Cookie/Middleware/EncryptCookies->handle(Object(Illuminate/Http/Request), Object(Closure))
#29 C:/laragon/www/APK_POS2/vendor/laravel/framework/src/Illuminate/Pipeline/Pipeline.php(137): Illuminate/Pipeline/Pipeline->{closure:{closure:Illuminate/Pipeline/Pipeline::carry():194}:195}(Object(Illuminate/Http/Request))
#30 C:/laragon/www/APK_POS2/vendor/laravel/framework/src/Illuminate/Routing/Router.php(821): Illuminate/Pipeline/Pipeline->then(Object(Closure))
#31 C:/laragon/www/APK_POS2/vendor/laravel/framework/src/Illuminate/Routing/Router.php(800): Illuminate/Routing/Router->runRouteWithinStack(Object(Illuminate/Routing/Route), Object(Illuminate/Http/Request))
#32 C:/laragon/www/APK_POS2/vendor/laravel/framework/src/Illuminate/Routing/Router.php(764): Illuminate/Routing/Router->runRoute(Object(Illuminate/Http/Request), Object(Illuminate/Routing/Route))
#33 C:/laragon/www/APK_POS2/vendor/laravel/framework/src/Illuminate/Routing/Router.php(753): Illuminate/Routing/Router->dispatchToRoute(Object(Illuminate/Http/Request))
#34 C:/laragon/www/APK_POS2/vendor/laravel/framework/src/Illuminate/Foundation/Http/Kernel.php(200): Illuminate/Routing/Router->dispatch(Object(Illuminate/Http/Request))
#35 C:/laragon/www/APK_POS2/vendor/laravel/framework/src/Illuminate/Pipeline/Pipeline.php(180): Illuminate/Foundation/Http/Kernel->{closure:Illuminate/Foundation/Http/Kernel::dispatchToRouter():197}(Object(Illuminate/Http/Request))
#36 C:/laragon/www/APK_POS2/vendor/laravel/framework/src/Illuminate/Foundation/Http/Middleware/TransformsRequest.php(21): Illuminate/Pipeline/Pipeline->{closure:Illuminate/Pipeline/Pipeline::prepareDestination():178}(Object(Illuminate/Http/Request))
#37 C:/laragon/www/APK_POS2/vendor/laravel/framework/src/Illuminate/Foundation/Http/Middleware/ConvertEmptyStringsToNull.php(31): Illuminate/Foundation/Http/Middleware/TransformsRequest->handle(Object(Illuminate/Http/Request), Object(Closure))
#38 C:/laragon/www/APK_POS2/vendor/laravel/framework/src/Illuminate/Pipeline/Pipeline.php(219): Illuminate/Foundation/Http/Middleware/ConvertEmptyStringsToNull->handle(Object(Illuminate/Http/Request), Object(Closure))
#39 C:/laragon/www/APK_POS2/vendor/laravel/framework/src/Illuminate/Foundation/Http/Middleware/TransformsRequest.php(21): Illuminate/Pipeline/Pipeline->{closure:{closure:Illuminate/Pipeline/Pipeline::carry():194}:195}(Object(Illuminate/Http/Request))
#40 C:/laragon/www/APK_POS2/vendor/laravel/framework/src/Illuminate/Foundation/Http/Middleware/TrimStrings.php(51): Illuminate/Foundation/Http/Middleware/TransformsRequest->handle(Object(Illuminate/Http/Request), Object(Closure))
#41 C:/laragon/www/APK_POS2/vendor/laravel/framework/src/Illuminate/Pipeline/Pipeline.php(219): Illuminate/Foundation/Http/Middleware/TrimStrings->handle(Object(Illuminate/Http/Request), Object(Closure))
#42 C:/laragon/www/APK_POS2/vendor/laravel/framework/src/Illuminate/Http/Middleware/ValidatePostSize.php(27): Illuminate/Pipeline/Pipeline->{closure:{closure:Illuminate/Pipeline/Pipeline::carry():194}:195}(Object(Illuminate/Http/Request))
#43 C:/laragon/www/APK_POS2/vendor/laravel/framework/src/Illuminate/Pipeline/Pipeline.php(219): Illuminate/Http/Middleware/ValidatePostSize->handle(Object(Illuminate/Http/Request), Object(Closure))
#44 C:/laragon/www/APK_POS2/vendor/laravel/framework/src/Illuminate/Foundation/Http/Middleware/PreventRequestsDuringMaintenance.php(109): Illuminate/Pipeline/Pipeline->{closure:{closure:Illuminate/Pipeline/Pipeline::carry():194}:195}(Object(Illuminate/Http/Request))
#45 C:/laragon/www/APK_POS2/vendor/laravel/framework/src/Illuminate/Pipeline/Pipeline.php(219): Illuminate/Foundation/Http/Middleware/PreventRequestsDuringMaintenance->handle(Object(Illuminate/Http/Request), Object(Closure))
#46 C:/laragon/www/APK_POS2/vendor/laravel/framework/src/Illuminate/Http/Middleware/HandleCors.php(61): Illuminate/Pipeline/Pipeline->{closure:{closure:Illuminate/Pipeline/Pipeline::carry():194}:195}(Object(Illuminate/Http/Request))
#47 C:/laragon/www/APK_POS2/vendor/laravel/framework/src/Illuminate/Pipeline/Pipeline.php(219): Illuminate/Http/Middleware/HandleCors->handle(Object(Illuminate/Http/Request), Object(Closure))
#48 C:/laragon/www/APK_POS2/vendor/laravel/framework/src/Illuminate/Http/Middleware/TrustProxies.php(58): Illuminate/Pipeline/Pipeline->{closure:{closure:Illuminate/Pipeline/Pipeline::carry():194}:195}(Object(Illuminate/Http/Request))
#49 C:/laragon/www/APK_POS2/vendor/laravel/framework/src/Illuminate/Pipeline/Pipeline.php(219): Illuminate/Http/Middleware/TrustProxies->handle(Object(Illuminate/Http/Request), Object(Closure))
#50 C:/laragon/www/APK_POS2/vendor/laravel/framework/src/Illuminate/Foundation/Http/Middleware/InvokeDeferredCallbacks.php(22): Illuminate/Pipeline/Pipeline->{closure:{closure:Illuminate/Pipeline/Pipeline::carry():194}:195}(Object(Illuminate/Http/Request))
#51 C:/laragon/www/APK_POS2/vendor/laravel/framework/src/Illuminate/Pipeline/Pipeline.php(219): Illuminate/Foundation/Http/Middleware/InvokeDeferredCallbacks->handle(Object(Illuminate/Http/Request), Object(Closure))
#52 C:/laragon/www/APK_POS2/vendor/laravel/framework/src/Illuminate/Http/Middleware/ValidatePathEncoding.php(26): Illuminate/Pipeline/Pipeline->{closure:{closure:Illuminate/Pipeline/Pipeline::carry():194}:195}(Object(Illuminate/Http/Request))
#53 C:/laragon/www/APK_POS2/vendor/laravel/framework/src/Illuminate/Pipeline/Pipeline.php(219): Illuminate/Http/Middleware/ValidatePathEncoding->handle(Object(Illuminate/Http/Request), Object(Closure))
#54 C:/laragon/www/APK_POS2/vendor/laravel/framework/src/Illuminate/Pipeline/Pipeline.php(137): Illuminate/Pipeline/Pipeline->{closure:{closure:Illuminate/Pipeline/Pipeline::carry():194}:195}(Object(Illuminate/Http/Request))
#55 C:/laragon/www/APK_POS2/vendor/laravel/framework/src/Illuminate/Foundation/Http/Kernel.php(175): Illuminate/Pipeline/Pipeline->then(Object(Closure))
#56 C:/laragon/www/APK_POS2/vendor/laravel/framework/src/Illuminate/Foundation/Http/Kernel.php(144): Illuminate/Foundation/Http/Kernel->sendRequestThroughRouter(Object(Illuminate/Http/Request))
#57 C:/laragon/www/APK_POS2/vendor/laravel/framework/src/Illuminate/Foundation/Application.php(1220): Illuminate/Foundation/Http/Kernel->handle(Object(Illuminate/Http/Request))
#58 C:/laragon/www/APK_POS2/public/index.php(20): Illuminate/Foundation/Application->handleRequest(Object(Illuminate/Http/Request))
#59 C:/laragon/www/APK_POS2/vendor/laravel/framework/src/Illuminate/Foundation/resources/server.php(23): require_once('C://laragon//www//...')
#60 {main}
"} 
[2026-08-06 06:24:35] local.ERROR: Undefined variable $penjualan (View: C:\laragon\www\APK_POS2\resources\views\penjualan\index.blade.php) {"userId":1,"exception":"[object] (Illuminate\\View\\ViewException(code: 0): Undefined variable $penjualan (View: C:\\laragon\\www\\APK_POS2\\resources\\views\\penjualan\\index.blade.php) at C:/laragon/www/APK_POS2/storage/framework/views/304c161585f63d667a9c2c20e2307300.php:71)
[stacktrace]
#0 C:/laragon/www/APK_POS2/vendor/laravel/framework/src/Illuminate/View/Engines/PhpEngine.php(59): Illuminate/View/Engines/CompilerEngine->handleViewException(Object(ErrorException), 1)
#1 C:/laragon/www/APK_POS2/vendor/laravel/framework/src/Illuminate/View/Engines/CompilerEngine.php(76): Illuminate/View/Engines/PhpEngine->evaluatePath('C://laragon//www//...', Array)
#2 C:/laragon/www/APK_POS2/vendor/laravel/framework/src/Illuminate/View/View.php(208): Illuminate/View/Engines/CompilerEngine->get('C://laragon//www//...', Array)
#3 C:/laragon/www/APK_POS2/vendor/laravel/framework/src/Illuminate/View/View.php(191): Illuminate/View/View->getContents()
#4 C:/laragon/www/APK_POS2/vendor/laravel/framework/src/Illuminate/View/View.php(160): Illuminate/View/View->renderContents()
#5 C:/laragon/www/APK_POS2/vendor/laravel/framework/src/Illuminate/Http/Response.php(78): Illuminate/View/View->render()
#6 C:/laragon/www/APK_POS2/vendor/laravel/framework/src/Illuminate/Http/Response.php(34): Illuminate/Http/Response->setContent(Object(Illuminate/View/View))
#7 C:/laragon/www/APK_POS2/vendor/laravel/framework/src/Illuminate/Routing/Router.php(939): Illuminate/Http/Response->__construct(Object(Illuminate/View/View), 200, Array)
#8 C:/laragon/www/APK_POS2/vendor/laravel/framework/src/Illuminate/Routing/Router.php(906): Illuminate/Routing/Router::toResponse(Object(Illuminate/Http/Request), Object(Illuminate/View/View))
#9 C:/laragon/www/APK_POS2/vendor/laravel/framework/src/Illuminate/Routing/Router.php(821): Illuminate/Routing/Router->prepareResponse(Object(Illuminate/Http/Request), Object(Illuminate/View/View))
#10 C:/laragon/www/APK_POS2/vendor/laravel/framework/src/Illuminate/Pipeline/Pipeline.php(180): Illuminate/Routing/Router->{closure:Illuminate/Routing/Router::runRouteWithinStack():821}(Object(Illuminate/Http/Request))
#11 C:/laragon/www/APK_POS2/app/Http/Middleware/RoleMiddleware.php(27): Illuminate/Pipeline/Pipeline->{closure:Illuminate/Pipeline/Pipeline::prepareDestination():178}(Object(Illuminate/Http/Request))
#12 C:/laragon/www/APK_POS2/vendor/laravel/framework/src/Illuminate/Pipeline/Pipeline.php(219): App/Http/Middleware/RoleMiddleware->handle(Object(Illuminate/Http/Request), Object(Closure), 'admin', 'kasir')
#13 C:/laragon/www/APK_POS2/vendor/laravel/framework/src/Illuminate/Routing/Middleware/SubstituteBindings.php(50): Illuminate/Pipeline/Pipeline->{closure:{closure:Illuminate/Pipeline/Pipeline::carry():194}:195}(Object(Illuminate/Http/Request))
#14 C:/laragon/www/APK_POS2/vendor/laravel/framework/src/Illuminate/Pipeline/Pipeline.php(219): Illuminate/Routing/Middleware/SubstituteBindings->handle(Object(Illuminate/Http/Request), Object(Closure))
#15 C:/laragon/www/APK_POS2/vendor/laravel/framework/src/Illuminate/Auth/Middleware/Authenticate.php(63): Illuminate/Pipeline/Pipeline->{closure:{closure:Illuminate/Pipeline/Pipeline::carry():194}:195}(Object(Illuminate/Http/Request))
#16 C:/laragon/www/APK_POS2/vendor/laravel/framework/src/Illuminate/Pipeline/Pipeline.php(219): Illuminate/Auth/Middleware/Authenticate->handle(Object(Illuminate/Http/Request), Object(Closure))
#17 C:/laragon/www/APK_POS2/vendor/laravel/framework/src/Illuminate/Foundation/Http/Middleware/VerifyCsrfToken.php(87): Illuminate/Pipeline/Pipeline->{closure:{closure:Illuminate/Pipeline/Pipeline::carry():194}:195}(Object(Illuminate/Http/Request))
#18 C:/laragon/www/APK_POS2/vendor/laravel/framework/src/Illuminate/Pipeline/Pipeline.php(219): Illuminate/Foundation/Http/Middleware/VerifyCsrfToken->handle(Object(Illuminate/Http/Request), Object(Closure))
#19 C:/laragon/www/APK_POS2/vendor/laravel/framework/src/Illuminate/View/Middleware/ShareErrorsFromSession.php(48): Illuminate/Pipeline/Pipeline->{closure:{closure:Illuminate/Pipeline/Pipeline::carry():194}:195}(Object(Illuminate/Http/Request))
#20 C:/laragon/www/APK_POS2/vendor/laravel/framework/src/Illuminate/Pipeline/Pipeline.php(219): Illuminate/View/Middleware/ShareErrorsFromSession->handle(Object(Illuminate/Http/Request), Object(Closure))
#21 C:/laragon/www/APK_POS2/vendor/laravel/framework/src/Illuminate/Session/Middleware/StartSession.php(120): Illuminate/Pipeline/Pipeline->{closure:{closure:Illuminate/Pipeline/Pipeline::carry():194}:195}(Object(Illuminate/Http/Request))
#22 C:/laragon/www/APK_POS2/vendor/laravel/framework/src/Illuminate/Session/Middleware/StartSession.php(63): Illuminate/Session/Middleware/StartSession->handleStatefulRequest(Object(Illuminate/Http/Request), Object(Illuminate/Session/Store), Object(Closure))
#23 C:/laragon/www/APK_POS2/vendor/laravel/framework/src/Illuminate/Pipeline/Pipeline.php(219): Illuminate/Session/Middleware/StartSession->handle(Object(Illuminate/Http/Request), Object(Closure))
#24 C:/laragon/www/APK_POS2/vendor/laravel/framework/src/Illuminate/Cookie/Middleware/AddQueuedCookiesToResponse.php(36): Illuminate/Pipeline/Pipeline->{closure:{closure:Illuminate/Pipeline/Pipeline::carry():194}:195}(Object(Illuminate/Http/Request))
#25 C:/laragon/www/APK_POS2/vendor/laravel/framework/src/Illuminate/Pipeline/Pipeline.php(219): Illuminate/Cookie/Middleware/AddQueuedCookiesToResponse->handle(Object(Illuminate/Http/Request), Object(Closure))
#26 C:/laragon/www/APK_POS2/vendor/laravel/framework/src/Illuminate/Cookie/Middleware/EncryptCookies.php(74): Illuminate/Pipeline/Pipeline->{closure:{closure:Illuminate/Pipeline/Pipeline::carry():194}:195}(Object(Illuminate/Http/Request))
#27 C:/laragon/www/APK_POS2/vendor/laravel/framework/src/Illuminate/Pipeline/Pipeline.php(219): Illuminate/Cookie/Middleware/EncryptCookies->handle(Object(Illuminate/Http/Request), Object(Closure))
#28 C:/laragon/www/APK_POS2/vendor/laravel/framework/src/Illuminate/Pipeline/Pipeline.php(137): Illuminate/Pipeline/Pipeline->{closure:{closure:Illuminate/Pipeline/Pipeline::carry():194}:195}(Object(Illuminate/Http/Request))
#29 C:/laragon/www/APK_POS2/vendor/laravel/framework/src/Illuminate/Routing/Router.php(821): Illuminate/Pipeline/Pipeline->then(Object(Closure))
#30 C:/laragon/www/APK_POS2/vendor/laravel/framework/src/Illuminate/Routing/Router.php(800): Illuminate/Routing/Router->runRouteWithinStack(Object(Illuminate/Routing/Route), Object(Illuminate/Http/Request))
#31 C:/laragon/www/APK_POS2/vendor/laravel/framework/src/Illuminate/Routing/Router.php(764): Illuminate/Routing/Router->runRoute(Object(Illuminate/Http/Request), Object(Illuminate/Routing/Route))
#32 C:/laragon/www/APK_POS2/vendor/laravel/framework/src/Illuminate/Routing/Router.php(753): Illuminate/Routing/Router->dispatchToRoute(Object(Illuminate/Http/Request))
#33 C:/laragon/www/APK_POS2/vendor/laravel/framework/src/Illuminate/Foundation/Http/Kernel.php(200): Illuminate/Routing/Router->dispatch(Object(Illuminate/Http/Request))
#34 C:/laragon/www/APK_POS2/vendor/laravel/framework/src/Illuminate/Pipeline/Pipeline.php(180): Illuminate/Foundation/Http/Kernel->{closure:Illuminate/Foundation/Http/Kernel::dispatchToRouter():197}(Object(Illuminate/Http/Request))
#35 C:/laragon/www/APK_POS2/vendor/laravel/framework/src/Illuminate/Foundation/Http/Middleware/TransformsRequest.php(21): Illuminate/Pipeline/Pipeline->{closure:Illuminate/Pipeline/Pipeline::prepareDestination():178}(Object(Illuminate/Http/Request))
#36 C:/laragon/www/APK_POS2/vendor/laravel/framework/src/Illuminate/Foundation/Http/Middleware/ConvertEmptyStringsToNull.php(31): Illuminate/Foundation/Http/Middleware/TransformsRequest->handle(Object(Illuminate/Http/Request), Object(Closure))
#37 C:/laragon/www/APK_POS2/vendor/laravel/framework/src/Illuminate/Pipeline/Pipeline.php(219): Illuminate/Foundation/Http/Middleware/ConvertEmptyStringsToNull->handle(Object(Illuminate/Http/Request), Object(Closure))
#38 C:/laragon/www/APK_POS2/vendor/laravel/framework/src/Illuminate/Foundation/Http/Middleware/TransformsRequest.php(21): Illuminate/Pipeline/Pipeline->{closure:{closure:Illuminate/Pipeline/Pipeline::carry():194}:195}(Object(Illuminate/Http/Request))
#39 C:/laragon/www/APK_POS2/vendor/laravel/framework/src/Illuminate/Foundation/Http/Middleware/TrimStrings.php(51): Illuminate/Foundation/Http/Middleware/TransformsRequest->handle(Object(Illuminate/Http/Request), Object(Closure))
#40 C:/laragon/www/APK_POS2/vendor/laravel/framework/src/Illuminate/Pipeline/Pipeline.php(219): Illuminate/Foundation/Http/Middleware/TrimStrings->handle(Object(Illuminate/Http/Request), Object(Closure))
#41 C:/laragon/www/APK_POS2/vendor/laravel/framework/src/Illuminate/Http/Middleware/ValidatePostSize.php(27): Illuminate/Pipeline/Pipeline->{closure:{closure:Illuminate/Pipeline/Pipeline::carry():194}:195}(Object(Illuminate/Http/Request))
#42 C:/laragon/www/APK_POS2/vendor/laravel/framework/src/Illuminate/Pipeline/Pipeline.php(219): Illuminate/Http/Middleware/ValidatePostSize->handle(Object(Illuminate/Http/Request), Object(Closure))
#43 C:/laragon/www/APK_POS2/vendor/laravel/framework/src/Illuminate/Foundation/Http/Middleware/PreventRequestsDuringMaintenance.php(109): Illuminate/Pipeline/Pipeline->{closure:{closure:Illuminate/Pipeline/Pipeline::carry():194}:195}(Object(Illuminate/Http/Request))
#44 C:/laragon/www/APK_POS2/vendor/laravel/framework/src/Illuminate/Pipeline/Pipeline.php(219): Illuminate/Foundation/Http/Middleware/PreventRequestsDuringMaintenance->handle(Object(Illuminate/Http/Request), Object(Closure))
#45 C:/laragon/www/APK_POS2/vendor/laravel/framework/src/Illuminate/Http/Middleware/HandleCors.php(61): Illuminate/Pipeline/Pipeline->{closure:{closure:Illuminate/Pipeline/Pipeline::carry():194}:195}(Object(Illuminate/Http/Request))
#46 C:/laragon/www/APK_POS2/vendor/laravel/framework/src/Illuminate/Pipeline/Pipeline.php(219): Illuminate/Http/Middleware/HandleCors->handle(Object(Illuminate/Http/Request), Object(Closure))
#47 C:/laragon/www/APK_POS2/vendor/laravel/framework/src/Illuminate/Http/Middleware/TrustProxies.php(58): Illuminate/Pipeline/Pipeline->{closure:{closure:Illuminate/Pipeline/Pipeline::carry():194}:195}(Object(Illuminate/Http/Request))
#48 C:/laragon/www/APK_POS2/vendor/laravel/framework/src/Illuminate/Pipeline/Pipeline.php(219): Illuminate/Http/Middleware/TrustProxies->handle(Object(Illuminate/Http/Request), Object(Closure))
#49 C:/laragon/www/APK_POS2/vendor/laravel/framework/src/Illuminate/Foundation/Http/Middleware/InvokeDeferredCallbacks.php(22): Illuminate/Pipeline/Pipeline->{closure:{closure:Illuminate/Pipeline/Pipeline::carry():194}:195}(Object(Illuminate/Http/Request))
#50 C:/laragon/www/APK_POS2/vendor/laravel/framework/src/Illuminate/Pipeline/Pipeline.php(219): Illuminate/Foundation/Http/Middleware/InvokeDeferredCallbacks->handle(Object(Illuminate/Http/Request), Object(Closure))
#51 C:/laragon/www/APK_POS2/vendor/laravel/framework/src/Illuminate/Http/Middleware/ValidatePathEncoding.php(26): Illuminate/Pipeline/Pipeline->{closure:{closure:Illuminate/Pipeline/Pipeline::carry():194}:195}(Object(Illuminate/Http/Request))
#52 C:/laragon/www/APK_POS2/vendor/laravel/framework/src/Illuminate/Pipeline/Pipeline.php(219): Illuminate/Http/Middleware/ValidatePathEncoding->handle(Object(Illuminate/Http/Request), Object(Closure))
#53 C:/laragon/www/APK_POS2/vendor/laravel/framework/src/Illuminate/Pipeline/Pipeline.php(137): Illuminate/Pipeline/Pipeline->{closure:{closure:Illuminate/Pipeline/Pipeline::carry():194}:195}(Object(Illuminate/Http/Request))
#54 C:/laragon/www/APK_POS2/vendor/laravel/framework/src/Illuminate/Foundation/Http/Kernel.php(175): Illuminate/Pipeline/Pipeline->then(Object(Closure))
#55 C:/laragon/www/APK_POS2/vendor/laravel/framework/src/Illuminate/Foundation/Http/Kernel.php(144): Illuminate/Foundation/Http/Kernel->sendRequestThroughRouter(Object(Illuminate/Http/Request))
#56 C:/laragon/www/APK_POS2/vendor/laravel/framework/src/Illuminate/Foundation/Application.php(1220): Illuminate/Foundation/Http/Kernel->handle(Object(Illuminate/Http/Request))
#57 C:/laragon/www/APK_POS2/public/index.php(20): Illuminate/Foundation/Application->handleRequest(Object(Illuminate/Http/Request))
#58 C:/laragon/www/APK_POS2/vendor/laravel/framework/src/Illuminate/Foundation/resources/server.php(23): require_once('C://laragon//www//...')
#59 {main}

[previous exception] [object] (ErrorException(code: 0): Undefined variable $penjualan at C:/laragon/www/APK_POS2/storage/framework/views/304c161585f63d667a9c2c20e2307300.php:71)
[stacktrace]
#0 C:/laragon/www/APK_POS2/vendor/laravel/framework/src/Illuminate/Foundation/Bootstrap/HandleExceptions.php(262): Illuminate/Foundation/Bootstrap/HandleExceptions->handleError(2, 'Undefined varia...', 'C://laragon//www//...', 71)
#1 C:/laragon/www/APK_POS2/storage/framework/views/304c161585f63d667a9c2c20e2307300.php(71): Illuminate/Foundation/Bootstrap/HandleExceptions->{closure:Illuminate/Foundation/Bootstrap/HandleExceptions::forwardsTo():261}(2, 'Undefined varia...', 'C://laragon//www//...', 71)
#2 C:/laragon/www/APK_POS2/vendor/laravel/framework/src/Illuminate/Filesystem/Filesystem.php(123): require('C://laragon//www//...')
#3 C:/laragon/www/APK_POS2/vendor/laravel/framework/src/Illuminate/Filesystem/Filesystem.php(124): Illuminate/Filesystem/Filesystem::{closure:Illuminate/Filesystem/Filesystem::getRequire():120}()
#4 C:/laragon/www/APK_POS2/vendor/laravel/framework/src/Illuminate/View/Engines/PhpEngine.php(57): Illuminate/Filesystem/Filesystem->getRequire('C://laragon//www//...', Array)
#5 C:/laragon/www/APK_POS2/vendor/laravel/framework/src/Illuminate/View/Engines/CompilerEngine.php(76): Illuminate/View/Engines/PhpEngine->evaluatePath('C://laragon//www//...', Array)
#6 C:/laragon/www/APK_POS2/vendor/laravel/framework/src/Illuminate/View/View.php(208): Illuminate/View/Engines/CompilerEngine->get('C://laragon//www//...', Array)
#7 C:/laragon/www/APK_POS2/vendor/laravel/framework/src/Illuminate/View/View.php(191): Illuminate/View/View->getContents()
#8 C:/laragon/www/APK_POS2/vendor/laravel/framework/src/Illuminate/View/View.php(160): Illuminate/View/View->renderContents()
#9 C:/laragon/www/APK_POS2/vendor/laravel/framework/src/Illuminate/Http/Response.php(78): Illuminate/View/View->render()
#10 C:/laragon/www/APK_POS2/vendor/laravel/framework/src/Illuminate/Http/Response.php(34): Illuminate/Http/Response->setContent(Object(Illuminate/View/View))
#11 C:/laragon/www/APK_POS2/vendor/laravel/framework/src/Illuminate/Routing/Router.php(939): Illuminate/Http/Response->__construct(Object(Illuminate/View/View), 200, Array)
#12 C:/laragon/www/APK_POS2/vendor/laravel/framework/src/Illuminate/Routing/Router.php(906): Illuminate/Routing/Router::toResponse(Object(Illuminate/Http/Request), Object(Illuminate/View/View))
#13 C:/laragon/www/APK_POS2/vendor/laravel/framework/src/Illuminate/Routing/Router.php(821): Illuminate/Routing/Router->prepareResponse(Object(Illuminate/Http/Request), Object(Illuminate/View/View))
#14 C:/laragon/www/APK_POS2/vendor/laravel/framework/src/Illuminate/Pipeline/Pipeline.php(180): Illuminate/Routing/Router->{closure:Illuminate/Routing/Router::runRouteWithinStack():821}(Object(Illuminate/Http/Request))
#15 C:/laragon/www/APK_POS2/app/Http/Middleware/RoleMiddleware.php(27): Illuminate/Pipeline/Pipeline->{closure:Illuminate/Pipeline/Pipeline::prepareDestination():178}(Object(Illuminate/Http/Request))
#16 C:/laragon/www/APK_POS2/vendor/laravel/framework/src/Illuminate/Pipeline/Pipeline.php(219): App/Http/Middleware/RoleMiddleware->handle(Object(Illuminate/Http/Request), Object(Closure), 'admin', 'kasir')
#17 C:/laragon/www/APK_POS2/vendor/laravel/framework/src/Illuminate/Routing/Middleware/SubstituteBindings.php(50): Illuminate/Pipeline/Pipeline->{closure:{closure:Illuminate/Pipeline/Pipeline::carry():194}:195}(Object(Illuminate/Http/Request))
#18 C:/laragon/www/APK_POS2/vendor/laravel/framework/src/Illuminate/Pipeline/Pipeline.php(219): Illuminate/Routing/Middleware/SubstituteBindings->handle(Object(Illuminate/Http/Request), Object(Closure))
#19 C:/laragon/www/APK_POS2/vendor/laravel/framework/src/Illuminate/Auth/Middleware/Authenticate.php(63): Illuminate/Pipeline/Pipeline->{closure:{closure:Illuminate/Pipeline/Pipeline::carry():194}:195}(Object(Illuminate/Http/Request))
#20 C:/laragon/www/APK_POS2/vendor/laravel/framework/src/Illuminate/Pipeline/Pipeline.php(219): Illuminate/Auth/Middleware/Authenticate->handle(Object(Illuminate/Http/Request), Object(Closure))
#21 C:/laragon/www/APK_POS2/vendor/laravel/framework/src/Illuminate/Foundation/Http/Middleware/VerifyCsrfToken.php(87): Illuminate/Pipeline/Pipeline->{closure:{closure:Illuminate/Pipeline/Pipeline::carry():194}:195}(Object(Illuminate/Http/Request))
#22 C:/laragon/www/APK_POS2/vendor/laravel/framework/src/Illuminate/Pipeline/Pipeline.php(219): Illuminate/Foundation/Http/Middleware/VerifyCsrfToken->handle(Object(Illuminate/Http/Request), Object(Closure))
#23 C:/laragon/www/APK_POS2/vendor/laravel/framework/src/Illuminate/View/Middleware/ShareErrorsFromSession.php(48): Illuminate/Pipeline/Pipeline->{closure:{closure:Illuminate/Pipeline/Pipeline::carry():194}:195}(Object(Illuminate/Http/Request))
#24 C:/laragon/www/APK_POS2/vendor/laravel/framework/src/Illuminate/Pipeline/Pipeline.php(219): Illuminate/View/Middleware/ShareErrorsFromSession->handle(Object(Illuminate/Http/Request), Object(Closure))
#25 C:/laragon/www/APK_POS2/vendor/laravel/framework/src/Illuminate/Session/Middleware/StartSession.php(120): Illuminate/Pipeline/Pipeline->{closure:{closure:Illuminate/Pipeline/Pipeline::carry():194}:195}(Object(Illuminate/Http/Request))
#26 C:/laragon/www/APK_POS2/vendor/laravel/framework/src/Illuminate/Session/Middleware/StartSession.php(63): Illuminate/Session/Middleware/StartSession->handleStatefulRequest(Object(Illuminate/Http/Request), Object(Illuminate/Session/Store), Object(Closure))
#27 C:/laragon/www/APK_POS2/vendor/laravel/framework/src/Illuminate/Pipeline/Pipeline.php(219): Illuminate/Session/Middleware/StartSession->handle(Object(Illuminate/Http/Request), Object(Closure))
#28 C:/laragon/www/APK_POS2/vendor/laravel/framework/src/Illuminate/Cookie/Middleware/AddQueuedCookiesToResponse.php(36): Illuminate/Pipeline/Pipeline->{closure:{closure:Illuminate/Pipeline/Pipeline::carry():194}:195}(Object(Illuminate/Http/Request))
#29 C:/laragon/www/APK_POS2/vendor/laravel/framework/src/Illuminate/Pipeline/Pipeline.php(219): Illuminate/Cookie/Middleware/AddQueuedCookiesToResponse->handle(Object(Illuminate/Http/Request), Object(Closure))
#30 C:/laragon/www/APK_POS2/vendor/laravel/framework/src/Illuminate/Cookie/Middleware/EncryptCookies.php(74): Illuminate/Pipeline/Pipeline->{closure:{closure:Illuminate/Pipeline/Pipeline::carry():194}:195}(Object(Illuminate/Http/Request))
#31 C:/laragon/www/APK_POS2/vendor/laravel/framework/src/Illuminate/Pipeline/Pipeline.php(219): Illuminate/Cookie/Middleware/EncryptCookies->handle(Object(Illuminate/Http/Request), Object(Closure))
#32 C:/laragon/www/APK_POS2/vendor/laravel/framework/src/Illuminate/Pipeline/Pipeline.php(137): Illuminate/Pipeline/Pipeline->{closure:{closure:Illuminate/Pipeline/Pipeline::carry():194}:195}(Object(Illuminate/Http/Request))
#33 C:/laragon/www/APK_POS2/vendor/laravel/framework/src/Illuminate/Routing/Router.php(821): Illuminate/Pipeline/Pipeline->then(Object(Closure))
#34 C:/laragon/www/APK_POS2/vendor/laravel/framework/src/Illuminate/Routing/Router.php(800): Illuminate/Routing/Router->runRouteWithinStack(Object(Illuminate/Routing/Route), Object(Illuminate/Http/Request))
#35 C:/laragon/www/APK_POS2/vendor/laravel/framework/src/Illuminate/Routing/Router.php(764): Illuminate/Routing/Router->runRoute(Object(Illuminate/Http/Request), Object(Illuminate/Routing/Route))
#36 C:/laragon/www/APK_POS2/vendor/laravel/framework/src/Illuminate/Routing/Router.php(753): Illuminate/Routing/Router->dispatchToRoute(Object(Illuminate/Http/Request))
#37 C:/laragon/www/APK_POS2/vendor/laravel/framework/src/Illuminate/Foundation/Http/Kernel.php(200): Illuminate/Routing/Router->dispatch(Object(Illuminate/Http/Request))
#38 C:/laragon/www/APK_POS2/vendor/laravel/framework/src/Illuminate/Pipeline/Pipeline.php(180): Illuminate/Foundation/Http/Kernel->{closure:Illuminate/Foundation/Http/Kernel::dispatchToRouter():197}(Object(Illuminate/Http/Request))
#39 C:/laragon/www/APK_POS2/vendor/laravel/framework/src/Illuminate/Foundation/Http/Middleware/TransformsRequest.php(21): Illuminate/Pipeline/Pipeline->{closure:Illuminate/Pipeline/Pipeline::prepareDestination():178}(Object(Illuminate/Http/Request))
#40 C:/laragon/www/APK_POS2/vendor/laravel/framework/src/Illuminate/Foundation/Http/Middleware/ConvertEmptyStringsToNull.php(31): Illuminate/Foundation/Http/Middleware/TransformsRequest->handle(Object(Illuminate/Http/Request), Object(Closure))
#41 C:/laragon/www/APK_POS2/vendor/laravel/framework/src/Illuminate/Pipeline/Pipeline.php(219): Illuminate/Foundation/Http/Middleware/ConvertEmptyStringsToNull->handle(Object(Illuminate/Http/Request), Object(Closure))
#42 C:/laragon/www/APK_POS2/vendor/laravel/framework/src/Illuminate/Foundation/Http/Middleware/TransformsRequest.php(21): Illuminate/Pipeline/Pipeline->{closure:{closure:Illuminate/Pipeline/Pipeline::carry():194}:195}(Object(Illuminate/Http/Request))
#43 C:/laragon/www/APK_POS2/vendor/laravel/framework/src/Illuminate/Foundation/Http/Middleware/TrimStrings.php(51): Illuminate/Foundation/Http/Middleware/TransformsRequest->handle(Object(Illuminate/Http/Request), Object(Closure))
#44 C:/laragon/www/APK_POS2/vendor/laravel/framework/src/Illuminate/Pipeline/Pipeline.php(219): Illuminate/Foundation/Http/Middleware/TrimStrings->handle(Object(Illuminate/Http/Request), Object(Closure))
#45 C:/laragon/www/APK_POS2/vendor/laravel/framework/src/Illuminate/Http/Middleware/ValidatePostSize.php(27): Illuminate/Pipeline/Pipeline->{closure:{closure:Illuminate/Pipeline/Pipeline::carry():194}:195}(Object(Illuminate/Http/Request))
#46 C:/laragon/www/APK_POS2/vendor/laravel/framework/src/Illuminate/Pipeline/Pipeline.php(219): Illuminate/Http/Middleware/ValidatePostSize->handle(Object(Illuminate/Http/Request), Object(Closure))
#47 C:/laragon/www/APK_POS2/vendor/laravel/framework/src/Illuminate/Foundation/Http/Middleware/PreventRequestsDuringMaintenance.php(109): Illuminate/Pipeline/Pipeline->{closure:{closure:Illuminate/Pipeline/Pipeline::carry():194}:195}(Object(Illuminate/Http/Request))
#48 C:/laragon/www/APK_POS2/vendor/laravel/framework/src/Illuminate/Pipeline/Pipeline.php(219): Illuminate/Foundation/Http/Middleware/PreventRequestsDuringMaintenance->handle(Object(Illuminate/Http/Request), Object(Closure))
#49 C:/laragon/www/APK_POS2/vendor/laravel/framework/src/Illuminate/Http/Middleware/HandleCors.php(61): Illuminate/Pipeline/Pipeline->{closure:{closure:Illuminate/Pipeline/Pipeline::carry():194}:195}(Object(Illuminate/Http/Request))
#50 C:/laragon/www/APK_POS2/vendor/laravel/framework/src/Illuminate/Pipeline/Pipeline.php(219): Illuminate/Http/Middleware/HandleCors->handle(Object(Illuminate/Http/Request), Object(Closure))
#51 C:/laragon/www/APK_POS2/vendor/laravel/framework/src/Illuminate/Http/Middleware/TrustProxies.php(58): Illuminate/Pipeline/Pipeline->{closure:{closure:Illuminate/Pipeline/Pipeline::carry():194}:195}(Object(Illuminate/Http/Request))
#52 C:/laragon/www/APK_POS2/vendor/laravel/framework/src/Illuminate/Pipeline/Pipeline.php(219): Illuminate/Http/Middleware/TrustProxies->handle(Object(Illuminate/Http/Request), Object(Closure))
#53 C:/laragon/www/APK_POS2/vendor/laravel/framework/src/Illuminate/Foundation/Http/Middleware/InvokeDeferredCallbacks.php(22): Illuminate/Pipeline/Pipeline->{closure:{closure:Illuminate/Pipeline/Pipeline::carry():194}:195}(Object(Illuminate/Http/Request))
#54 C:/laragon/www/APK_POS2/vendor/laravel/framework/src/Illuminate/Pipeline/Pipeline.php(219): Illuminate/Foundation/Http/Middleware/InvokeDeferredCallbacks->handle(Object(Illuminate/Http/Request), Object(Closure))
#55 C:/laragon/www/APK_POS2/vendor/laravel/framework/src/Illuminate/Http/Middleware/ValidatePathEncoding.php(26): Illuminate/Pipeline/Pipeline->{closure:{closure:Illuminate/Pipeline/Pipeline::carry():194}:195}(Object(Illuminate/Http/Request))
#56 C:/laragon/www/APK_POS2/vendor/laravel/framework/src/Illuminate/Pipeline/Pipeline.php(219): Illuminate/Http/Middleware/ValidatePathEncoding->handle(Object(Illuminate/Http/Request), Object(Closure))
#57 C:/laragon/www/APK_POS2/vendor/laravel/framework/src/Illuminate/Pipeline/Pipeline.php(137): Illuminate/Pipeline/Pipeline->{closure:{closure:Illuminate/Pipeline/Pipeline::carry():194}:195}(Object(Illuminate/Http/Request))
#58 C:/laragon/www/APK_POS2/vendor/laravel/framework/src/Illuminate/Foundation/Http/Kernel.php(175): Illuminate/Pipeline/Pipeline->then(Object(Closure))
#59 C:/laragon/www/APK_POS2/vendor/laravel/framework/src/Illuminate/Foundation/Http/Kernel.php(144): Illuminate/Foundation/Http/Kernel->sendRequestThroughRouter(Object(Illuminate/Http/Request))
#60 C:/laragon/www/APK_POS2/vendor/laravel/framework/src/Illuminate/Foundation/Application.php(1220): Illuminate/Foundation/Http/Kernel->handle(Object(Illuminate/Http/Request))
#61 C:/laragon/www/APK_POS2/public/index.php(20): Illuminate/Foundation/Application->handleRequest(Object(Illuminate/Http/Request))
#62 C:/laragon/www/APK_POS2/vendor/laravel/framework/src/Illuminate/Foundation/resources/server.php(23): require_once('C://laragon//www//...')
#63 {main}
"} 
[2026-08-06 06:24:35] local.ERROR: Undefined variable $penjualan (View: C:\laragon\www\APK_POS2\resources\views\penjualan\index.blade.php) {"userId":1,"exception":"[object] (Illuminate\\View\\ViewException(code: 0): Undefined variable $penjualan (View: C:\\laragon\\www\\APK_POS2\\resources\\views\\penjualan\\index.blade.php) at C:/laragon/www/APK_POS2/storage/framework/views/304c161585f63d667a9c2c20e2307300.php:71)
[stacktrace]
#0 C:/laragon/www/APK_POS2/vendor/laravel/framework/src/Illuminate/View/Engines/PhpEngine.php(59): Illuminate/View/Engines/CompilerEngine->handleViewException(Object(ErrorException), 1)
#1 C:/laragon/www/APK_POS2/vendor/laravel/framework/src/Illuminate/View/Engines/CompilerEngine.php(76): Illuminate/View/Engines/PhpEngine->evaluatePath('C://laragon//www//...', Array)
#2 C:/laragon/www/APK_POS2/vendor/laravel/framework/src/Illuminate/View/View.php(208): Illuminate/View/Engines/CompilerEngine->get('C://laragon//www//...', Array)
#3 C:/laragon/www/APK_POS2/vendor/laravel/framework/src/Illuminate/View/View.php(191): Illuminate/View/View->getContents()
#4 C:/laragon/www/APK_POS2/vendor/laravel/framework/src/Illuminate/View/View.php(160): Illuminate/View/View->renderContents()
#5 C:/laragon/www/APK_POS2/vendor/laravel/framework/src/Illuminate/Http/Response.php(78): Illuminate/View/View->render()
#6 C:/laragon/www/APK_POS2/vendor/laravel/framework/src/Illuminate/Http/Response.php(34): Illuminate/Http/Response->setContent(Object(Illuminate/View/View))
#7 C:/laragon/www/APK_POS2/vendor/laravel/framework/src/Illuminate/Routing/Router.php(939): Illuminate/Http/Response->__construct(Object(Illuminate/View/View), 200, Array)
#8 C:/laragon/www/APK_POS2/vendor/laravel/framework/src/Illuminate/Routing/Router.php(906): Illuminate/Routing/Router::toResponse(Object(Illuminate/Http/Request), Object(Illuminate/View/View))
#9 C:/laragon/www/APK_POS2/vendor/laravel/framework/src/Illuminate/Routing/Router.php(821): Illuminate/Routing/Router->prepareResponse(Object(Illuminate/Http/Request), Object(Illuminate/View/View))
#10 C:/laragon/www/APK_POS2/vendor/laravel/framework/src/Illuminate/Pipeline/Pipeline.php(180): Illuminate/Routing/Router->{closure:Illuminate/Routing/Router::runRouteWithinStack():821}(Object(Illuminate/Http/Request))
#11 C:/laragon/www/APK_POS2/app/Http/Middleware/RoleMiddleware.php(27): Illuminate/Pipeline/Pipeline->{closure:Illuminate/Pipeline/Pipeline::prepareDestination():178}(Object(Illuminate/Http/Request))
#12 C:/laragon/www/APK_POS2/vendor/laravel/framework/src/Illuminate/Pipeline/Pipeline.php(219): App/Http/Middleware/RoleMiddleware->handle(Object(Illuminate/Http/Request), Object(Closure), 'admin', 'kasir')
#13 C:/laragon/www/APK_POS2/vendor/laravel/framework/src/Illuminate/Routing/Middleware/SubstituteBindings.php(50): Illuminate/Pipeline/Pipeline->{closure:{closure:Illuminate/Pipeline/Pipeline::carry():194}:195}(Object(Illuminate/Http/Request))
#14 C:/laragon/www/APK_POS2/vendor/laravel/framework/src/Illuminate/Pipeline/Pipeline.php(219): Illuminate/Routing/Middleware/SubstituteBindings->handle(Object(Illuminate/Http/Request), Object(Closure))
#15 C:/laragon/www/APK_POS2/vendor/laravel/framework/src/Illuminate/Auth/Middleware/Authenticate.php(63): Illuminate/Pipeline/Pipeline->{closure:{closure:Illuminate/Pipeline/Pipeline::carry():194}:195}(Object(Illuminate/Http/Request))
#16 C:/laragon/www/APK_POS2/vendor/laravel/framework/src/Illuminate/Pipeline/Pipeline.php(219): Illuminate/Auth/Middleware/Authenticate->handle(Object(Illuminate/Http/Request), Object(Closure))
#17 C:/laragon/www/APK_POS2/vendor/laravel/framework/src/Illuminate/Foundation/Http/Middleware/VerifyCsrfToken.php(87): Illuminate/Pipeline/Pipeline->{closure:{closure:Illuminate/Pipeline/Pipeline::carry():194}:195}(Object(Illuminate/Http/Request))
#18 C:/laragon/www/APK_POS2/vendor/laravel/framework/src/Illuminate/Pipeline/Pipeline.php(219): Illuminate/Foundation/Http/Middleware/VerifyCsrfToken->handle(Object(Illuminate/Http/Request), Object(Closure))
#19 C:/laragon/www/APK_POS2/vendor/laravel/framework/src/Illuminate/View/Middleware/ShareErrorsFromSession.php(48): Illuminate/Pipeline/Pipeline->{closure:{closure:Illuminate/Pipeline/Pipeline::carry():194}:195}(Object(Illuminate/Http/Request))
#20 C:/laragon/www/APK_POS2/vendor/laravel/framework/src/Illuminate/Pipeline/Pipeline.php(219): Illuminate/View/Middleware/ShareErrorsFromSession->handle(Object(Illuminate/Http/Request), Object(Closure))
#21 C:/laragon/www/APK_POS2/vendor/laravel/framework/src/Illuminate/Session/Middleware/StartSession.php(120): Illuminate/Pipeline/Pipeline->{closure:{closure:Illuminate/Pipeline/Pipeline::carry():194}:195}(Object(Illuminate/Http/Request))
#22 C:/laragon/www/APK_POS2/vendor/laravel/framework/src/Illuminate/Session/Middleware/StartSession.php(63): Illuminate/Session/Middleware/StartSession->handleStatefulRequest(Object(Illuminate/Http/Request), Object(Illuminate/Session/Store), Object(Closure))
#23 C:/laragon/www/APK_POS2/vendor/laravel/framework/src/Illuminate/Pipeline/Pipeline.php(219): Illuminate/Session/Middleware/StartSession->handle(Object(Illuminate/Http/Request), Object(Closure))
#24 C:/laragon/www/APK_POS2/vendor/laravel/framework/src/Illuminate/Cookie/Middleware/AddQueuedCookiesToResponse.php(36): Illuminate/Pipeline/Pipeline->{closure:{closure:Illuminate/Pipeline/Pipeline::carry():194}:195}(Object(Illuminate/Http/Request))
#25 C:/laragon/www/APK_POS2/vendor/laravel/framework/src/Illuminate/Pipeline/Pipeline.php(219): Illuminate/Cookie/Middleware/AddQueuedCookiesToResponse->handle(Object(Illuminate/Http/Request), Object(Closure))
#26 C:/laragon/www/APK_POS2/vendor/laravel/framework/src/Illuminate/Cookie/Middleware/EncryptCookies.php(74): Illuminate/Pipeline/Pipeline->{closure:{closure:Illuminate/Pipeline/Pipeline::carry():194}:195}(Object(Illuminate/Http/Request))
#27 C:/laragon/www/APK_POS2/vendor/laravel/framework/src/Illuminate/Pipeline/Pipeline.php(219): Illuminate/Cookie/Middleware/EncryptCookies->handle(Object(Illuminate/Http/Request), Object(Closure))
#28 C:/laragon/www/APK_POS2/vendor/laravel/framework/src/Illuminate/Pipeline/Pipeline.php(137): Illuminate/Pipeline/Pipeline->{closure:{closure:Illuminate/Pipeline/Pipeline::carry():194}:195}(Object(Illuminate/Http/Request))
#29 C:/laragon/www/APK_POS2/vendor/laravel/framework/src/Illuminate/Routing/Router.php(821): Illuminate/Pipeline/Pipeline->then(Object(Closure))
#30 C:/laragon/www/APK_POS2/vendor/laravel/framework/src/Illuminate/Routing/Router.php(800): Illuminate/Routing/Router->runRouteWithinStack(Object(Illuminate/Routing/Route), Object(Illuminate/Http/Request))
#31 C:/laragon/www/APK_POS2/vendor/laravel/framework/src/Illuminate/Routing/Router.php(764): Illuminate/Routing/Router->runRoute(Object(Illuminate/Http/Request), Object(Illuminate/Routing/Route))
#32 C:/laragon/www/APK_POS2/vendor/laravel/framework/src/Illuminate/Routing/Router.php(753): Illuminate/Routing/Router->dispatchToRoute(Object(Illuminate/Http/Request))
#33 C:/laragon/www/APK_POS2/vendor/laravel/framework/src/Illuminate/Foundation/Http/Kernel.php(200): Illuminate/Routing/Router->dispatch(Object(Illuminate/Http/Request))
#34 C:/laragon/www/APK_POS2/vendor/laravel/framework/src/Illuminate/Pipeline/Pipeline.php(180): Illuminate/Foundation/Http/Kernel->{closure:Illuminate/Foundation/Http/Kernel::dispatchToRouter():197}(Object(Illuminate/Http/Request))
#35 C:/laragon/www/APK_POS2/vendor/laravel/framework/src/Illuminate/Foundation/Http/Middleware/TransformsRequest.php(21): Illuminate/Pipeline/Pipeline->{closure:Illuminate/Pipeline/Pipeline::prepareDestination():178}(Object(Illuminate/Http/Request))
#36 C:/laragon/www/APK_POS2/vendor/laravel/framework/src/Illuminate/Foundation/Http/Middleware/ConvertEmptyStringsToNull.php(31): Illuminate/Foundation/Http/Middleware/TransformsRequest->handle(Object(Illuminate/Http/Request), Object(Closure))
#37 C:/laragon/www/APK_POS2/vendor/laravel/framework/src/Illuminate/Pipeline/Pipeline.php(219): Illuminate/Foundation/Http/Middleware/ConvertEmptyStringsToNull->handle(Object(Illuminate/Http/Request), Object(Closure))
#38 C:/laragon/www/APK_POS2/vendor/laravel/framework/src/Illuminate/Foundation/Http/Middleware/TransformsRequest.php(21): Illuminate/Pipeline/Pipeline->{closure:{closure:Illuminate/Pipeline/Pipeline::carry():194}:195}(Object(Illuminate/Http/Request))
#39 C:/laragon/www/APK_POS2/vendor/laravel/framework/src/Illuminate/Foundation/Http/Middleware/TrimStrings.php(51): Illuminate/Foundation/Http/Middleware/TransformsRequest->handle(Object(Illuminate/Http/Request), Object(Closure))
#40 C:/laragon/www/APK_POS2/vendor/laravel/framework/src/Illuminate/Pipeline/Pipeline.php(219): Illuminate/Foundation/Http/Middleware/TrimStrings->handle(Object(Illuminate/Http/Request), Object(Closure))
#41 C:/laragon/www/APK_POS2/vendor/laravel/framework/src/Illuminate/Http/Middleware/ValidatePostSize.php(27): Illuminate/Pipeline/Pipeline->{closure:{closure:Illuminate/Pipeline/Pipeline::carry():194}:195}(Object(Illuminate/Http/Request))
#42 C:/laragon/www/APK_POS2/vendor/laravel/framework/src/Illuminate/Pipeline/Pipeline.php(219): Illuminate/Http/Middleware/ValidatePostSize->handle(Object(Illuminate/Http/Request), Object(Closure))
#43 C:/laragon/www/APK_POS2/vendor/laravel/framework/src/Illuminate/Foundation/Http/Middleware/PreventRequestsDuringMaintenance.php(109): Illuminate/Pipeline/Pipeline->{closure:{closure:Illuminate/Pipeline/Pipeline::carry():194}:195}(Object(Illuminate/Http/Request))
#44 C:/laragon/www/APK_POS2/vendor/laravel/framework/src/Illuminate/Pipeline/Pipeline.php(219): Illuminate/Foundation/Http/Middleware/PreventRequestsDuringMaintenance->handle(Object(Illuminate/Http/Request), Object(Closure))
#45 C:/laragon/www/APK_POS2/vendor/laravel/framework/src/Illuminate/Http/Middleware/HandleCors.php(61): Illuminate/Pipeline/Pipeline->{closure:{closure:Illuminate/Pipeline/Pipeline::carry():194}:195}(Object(Illuminate/Http/Request))
#46 C:/laragon/www/APK_POS2/vendor/laravel/framework/src/Illuminate/Pipeline/Pipeline.php(219): Illuminate/Http/Middleware/HandleCors->handle(Object(Illuminate/Http/Request), Object(Closure))
#47 C:/laragon/www/APK_POS2/vendor/laravel/framework/src/Illuminate/Http/Middleware/TrustProxies.php(58): Illuminate/Pipeline/Pipeline->{closure:{closure:Illuminate/Pipeline/Pipeline::carry():194}:195}(Object(Illuminate/Http/Request))
#48 C:/laragon/www/APK_POS2/vendor/laravel/framework/src/Illuminate/Pipeline/Pipeline.php(219): Illuminate/Http/Middleware/TrustProxies->handle(Object(Illuminate/Http/Request), Object(Closure))
#49 C:/laragon/www/APK_POS2/vendor/laravel/framework/src/Illuminate/Foundation/Http/Middleware/InvokeDeferredCallbacks.php(22): Illuminate/Pipeline/Pipeline->{closure:{closure:Illuminate/Pipeline/Pipeline::carry():194}:195}(Object(Illuminate/Http/Request))
#50 C:/laragon/www/APK_POS2/vendor/laravel/framework/src/Illuminate/Pipeline/Pipeline.php(219): Illuminate/Foundation/Http/Middleware/InvokeDeferredCallbacks->handle(Object(Illuminate/Http/Request), Object(Closure))
#51 C:/laragon/www/APK_POS2/vendor/laravel/framework/src/Illuminate/Http/Middleware/ValidatePathEncoding.php(26): Illuminate/Pipeline/Pipeline->{closure:{closure:Illuminate/Pipeline/Pipeline::carry():194}:195}(Object(Illuminate/Http/Request))
#52 C:/laragon/www/APK_POS2/vendor/laravel/framework/src/Illuminate/Pipeline/Pipeline.php(219): Illuminate/Http/Middleware/ValidatePathEncoding->handle(Object(Illuminate/Http/Request), Object(Closure))
#53 C:/laragon/www/APK_POS2/vendor/laravel/framework/src/Illuminate/Pipeline/Pipeline.php(137): Illuminate/Pipeline/Pipeline->{closure:{closure:Illuminate/Pipeline/Pipeline::carry():194}:195}(Object(Illuminate/Http/Request))
#54 C:/laragon/www/APK_POS2/vendor/laravel/framework/src/Illuminate/Foundation/Http/Kernel.php(175): Illuminate/Pipeline/Pipeline->then(Object(Closure))
#55 C:/laragon/www/APK_POS2/vendor/laravel/framework/src/Illuminate/Foundation/Http/Kernel.php(144): Illuminate/Foundation/Http/Kernel->sendRequestThroughRouter(Object(Illuminate/Http/Request))
#56 C:/laragon/www/APK_POS2/vendor/laravel/framework/src/Illuminate/Foundation/Application.php(1220): Illuminate/Foundation/Http/Kernel->handle(Object(Illuminate/Http/Request))
#57 C:/laragon/www/APK_POS2/public/index.php(20): Illuminate/Foundation/Application->handleRequest(Object(Illuminate/Http/Request))
#58 C:/laragon/www/APK_POS2/vendor/laravel/framework/src/Illuminate/Foundation/resources/server.php(23): require_once('C://laragon//www//...')
#59 {main}

[previous exception] [object] (ErrorException(code: 0): Undefined variable $penjualan at C:/laragon/www/APK_POS2/storage/framework/views/304c161585f63d667a9c2c20e2307300.php:71)
[stacktrace]
#0 C:/laragon/www/APK_POS2/vendor/laravel/framework/src/Illuminate/Foundation/Bootstrap/HandleExceptions.php(262): Illuminate/Foundation/Bootstrap/HandleExceptions->handleError(2, 'Undefined varia...', 'C://laragon//www//...', 71)
#1 C:/laragon/www/APK_POS2/storage/framework/views/304c161585f63d667a9c2c20e2307300.php(71): Illuminate/Foundation/Bootstrap/HandleExceptions->{closure:Illuminate/Foundation/Bootstrap/HandleExceptions::forwardsTo():261}(2, 'Undefined varia...', 'C://laragon//www//...', 71)
#2 C:/laragon/www/APK_POS2/vendor/laravel/framework/src/Illuminate/Filesystem/Filesystem.php(123): require('C://laragon//www//...')
#3 C:/laragon/www/APK_POS2/vendor/laravel/framework/src/Illuminate/Filesystem/Filesystem.php(124): Illuminate/Filesystem/Filesystem::{closure:Illuminate/Filesystem/Filesystem::getRequire():120}()
#4 C:/laragon/www/APK_POS2/vendor/laravel/framework/src/Illuminate/View/Engines/PhpEngine.php(57): Illuminate/Filesystem/Filesystem->getRequire('C://laragon//www//...', Array)
#5 C:/laragon/www/APK_POS2/vendor/laravel/framework/src/Illuminate/View/Engines/CompilerEngine.php(76): Illuminate/View/Engines/PhpEngine->evaluatePath('C://laragon//www//...', Array)
#6 C:/laragon/www/APK_POS2/vendor/laravel/framework/src/Illuminate/View/View.php(208): Illuminate/View/Engines/CompilerEngine->get('C://laragon//www//...', Array)
#7 C:/laragon/www/APK_POS2/vendor/laravel/framework/src/Illuminate/View/View.php(191): Illuminate/View/View->getContents()
#8 C:/laragon/www/APK_POS2/vendor/laravel/framework/src/Illuminate/View/View.php(160): Illuminate/View/View->renderContents()
#9 C:/laragon/www/APK_POS2/vendor/laravel/framework/src/Illuminate/Http/Response.php(78): Illuminate/View/View->render()
#10 C:/laragon/www/APK_POS2/vendor/laravel/framework/src/Illuminate/Http/Response.php(34): Illuminate/Http/Response->setContent(Object(Illuminate/View/View))
#11 C:/laragon/www/APK_POS2/vendor/laravel/framework/src/Illuminate/Routing/Router.php(939): Illuminate/Http/Response->__construct(Object(Illuminate/View/View), 200, Array)
#12 C:/laragon/www/APK_POS2/vendor/laravel/framework/src/Illuminate/Routing/Router.php(906): Illuminate/Routing/Router::toResponse(Object(Illuminate/Http/Request), Object(Illuminate/View/View))
#13 C:/laragon/www/APK_POS2/vendor/laravel/framework/src/Illuminate/Routing/Router.php(821): Illuminate/Routing/Router->prepareResponse(Object(Illuminate/Http/Request), Object(Illuminate/View/View))
#14 C:/laragon/www/APK_POS2/vendor/laravel/framework/src/Illuminate/Pipeline/Pipeline.php(180): Illuminate/Routing/Router->{closure:Illuminate/Routing/Router::runRouteWithinStack():821}(Object(Illuminate/Http/Request))
#15 C:/laragon/www/APK_POS2/app/Http/Middleware/RoleMiddleware.php(27): Illuminate/Pipeline/Pipeline->{closure:Illuminate/Pipeline/Pipeline::prepareDestination():178}(Object(Illuminate/Http/Request))
#16 C:/laragon/www/APK_POS2/vendor/laravel/framework/src/Illuminate/Pipeline/Pipeline.php(219): App/Http/Middleware/RoleMiddleware->handle(Object(Illuminate/Http/Request), Object(Closure), 'admin', 'kasir')
#17 C:/laragon/www/APK_POS2/vendor/laravel/framework/src/Illuminate/Routing/Middleware/SubstituteBindings.php(50): Illuminate/Pipeline/Pipeline->{closure:{closure:Illuminate/Pipeline/Pipeline::carry():194}:195}(Object(Illuminate/Http/Request))
#18 C:/laragon/www/APK_POS2/vendor/laravel/framework/src/Illuminate/Pipeline/Pipeline.php(219): Illuminate/Routing/Middleware/SubstituteBindings->handle(Object(Illuminate/Http/Request), Object(Closure))
#19 C:/laragon/www/APK_POS2/vendor/laravel/framework/src/Illuminate/Auth/Middleware/Authenticate.php(63): Illuminate/Pipeline/Pipeline->{closure:{closure:Illuminate/Pipeline/Pipeline::carry():194}:195}(Object(Illuminate/Http/Request))
#20 C:/laragon/www/APK_POS2/vendor/laravel/framework/src/Illuminate/Pipeline/Pipeline.php(219): Illuminate/Auth/Middleware/Authenticate->handle(Object(Illuminate/Http/Request), Object(Closure))
#21 C:/laragon/www/APK_POS2/vendor/laravel/framework/src/Illuminate/Foundation/Http/Middleware/VerifyCsrfToken.php(87): Illuminate/Pipeline/Pipeline->{closure:{closure:Illuminate/Pipeline/Pipeline::carry():194}:195}(Object(Illuminate/Http/Request))
#22 C:/laragon/www/APK_POS2/vendor/laravel/framework/src/Illuminate/Pipeline/Pipeline.php(219): Illuminate/Foundation/Http/Middleware/VerifyCsrfToken->handle(Object(Illuminate/Http/Request), Object(Closure))
#23 C:/laragon/www/APK_POS2/vendor/laravel/framework/src/Illuminate/View/Middleware/ShareErrorsFromSession.php(48): Illuminate/Pipeline/Pipeline->{closure:{closure:Illuminate/Pipeline/Pipeline::carry():194}:195}(Object(Illuminate/Http/Request))
#24 C:/laragon/www/APK_POS2/vendor/laravel/framework/src/Illuminate/Pipeline/Pipeline.php(219): Illuminate/View/Middleware/ShareErrorsFromSession->handle(Object(Illuminate/Http/Request), Object(Closure))
#25 C:/laragon/www/APK_POS2/vendor/laravel/framework/src/Illuminate/Session/Middleware/StartSession.php(120): Illuminate/Pipeline/Pipeline->{closure:{closure:Illuminate/Pipeline/Pipeline::carry():194}:195}(Object(Illuminate/Http/Request))
#26 C:/laragon/www/APK_POS2/vendor/laravel/framework/src/Illuminate/Session/Middleware/StartSession.php(63): Illuminate/Session/Middleware/StartSession->handleStatefulRequest(Object(Illuminate/Http/Request), Object(Illuminate/Session/Store), Object(Closure))
#27 C:/laragon/www/APK_POS2/vendor/laravel/framework/src/Illuminate/Pipeline/Pipeline.php(219): Illuminate/Session/Middleware/StartSession->handle(Object(Illuminate/Http/Request), Object(Closure))
#28 C:/laragon/www/APK_POS2/vendor/laravel/framework/src/Illuminate/Cookie/Middleware/AddQueuedCookiesToResponse.php(36): Illuminate/Pipeline/Pipeline->{closure:{closure:Illuminate/Pipeline/Pipeline::carry():194}:195}(Object(Illuminate/Http/Request))
#29 C:/laragon/www/APK_POS2/vendor/laravel/framework/src/Illuminate/Pipeline/Pipeline.php(219): Illuminate/Cookie/Middleware/AddQueuedCookiesToResponse->handle(Object(Illuminate/Http/Request), Object(Closure))
#30 C:/laragon/www/APK_POS2/vendor/laravel/framework/src/Illuminate/Cookie/Middleware/EncryptCookies.php(74): Illuminate/Pipeline/Pipeline->{closure:{closure:Illuminate/Pipeline/Pipeline::carry():194}:195}(Object(Illuminate/Http/Request))
#31 C:/laragon/www/APK_POS2/vendor/laravel/framework/src/Illuminate/Pipeline/Pipeline.php(219): Illuminate/Cookie/Middleware/EncryptCookies->handle(Object(Illuminate/Http/Request), Object(Closure))
#32 C:/laragon/www/APK_POS2/vendor/laravel/framework/src/Illuminate/Pipeline/Pipeline.php(137): Illuminate/Pipeline/Pipeline->{closure:{closure:Illuminate/Pipeline/Pipeline::carry():194}:195}(Object(Illuminate/Http/Request))
#33 C:/laragon/www/APK_POS2/vendor/laravel/framework/src/Illuminate/Routing/Router.php(821): Illuminate/Pipeline/Pipeline->then(Object(Closure))
#34 C:/laragon/www/APK_POS2/vendor/laravel/framework/src/Illuminate/Routing/Router.php(800): Illuminate/Routing/Router->runRouteWithinStack(Object(Illuminate/Routing/Route), Object(Illuminate/Http/Request))
#35 C:/laragon/www/APK_POS2/vendor/laravel/framework/src/Illuminate/Routing/Router.php(764): Illuminate/Routing/Router->runRoute(Object(Illuminate/Http/Request), Object(Illuminate/Routing/Route))
#36 C:/laragon/www/APK_POS2/vendor/laravel/framework/src/Illuminate/Routing/Router.php(753): Illuminate/Routing/Router->dispatchToRoute(Object(Illuminate/Http/Request))
#37 C:/laragon/www/APK_POS2/vendor/laravel/framework/src/Illuminate/Foundation/Http/Kernel.php(200): Illuminate/Routing/Router->dispatch(Object(Illuminate/Http/Request))
#38 C:/laragon/www/APK_POS2/vendor/laravel/framework/src/Illuminate/Pipeline/Pipeline.php(180): Illuminate/Foundation/Http/Kernel->{closure:Illuminate/Foundation/Http/Kernel::dispatchToRouter():197}(Object(Illuminate/Http/Request))
#39 C:/laragon/www/APK_POS2/vendor/laravel/framework/src/Illuminate/Foundation/Http/Middleware/TransformsRequest.php(21): Illuminate/Pipeline/Pipeline->{closure:Illuminate/Pipeline/Pipeline::prepareDestination():178}(Object(Illuminate/Http/Request))
#40 C:/laragon/www/APK_POS2/vendor/laravel/framework/src/Illuminate/Foundation/Http/Middleware/ConvertEmptyStringsToNull.php(31): Illuminate/Foundation/Http/Middleware/TransformsRequest->handle(Object(Illuminate/Http/Request), Object(Closure))
#41 C:/laragon/www/APK_POS2/vendor/laravel/framework/src/Illuminate/Pipeline/Pipeline.php(219): Illuminate/Foundation/Http/Middleware/ConvertEmptyStringsToNull->handle(Object(Illuminate/Http/Request), Object(Closure))
#42 C:/laragon/www/APK_POS2/vendor/laravel/framework/src/Illuminate/Foundation/Http/Middleware/TransformsRequest.php(21): Illuminate/Pipeline/Pipeline->{closure:{closure:Illuminate/Pipeline/Pipeline::carry():194}:195}(Object(Illuminate/Http/Request))
#43 C:/laragon/www/APK_POS2/vendor/laravel/framework/src/Illuminate/Foundation/Http/Middleware/TrimStrings.php(51): Illuminate/Foundation/Http/Middleware/TransformsRequest->handle(Object(Illuminate/Http/Request), Object(Closure))
#44 C:/laragon/www/APK_POS2/vendor/laravel/framework/src/Illuminate/Pipeline/Pipeline.php(219): Illuminate/Foundation/Http/Middleware/TrimStrings->handle(Object(Illuminate/Http/Request), Object(Closure))
#45 C:/laragon/www/APK_POS2/vendor/laravel/framework/src/Illuminate/Http/Middleware/ValidatePostSize.php(27): Illuminate/Pipeline/Pipeline->{closure:{closure:Illuminate/Pipeline/Pipeline::carry():194}:195}(Object(Illuminate/Http/Request))
#46 C:/laragon/www/APK_POS2/vendor/laravel/framework/src/Illuminate/Pipeline/Pipeline.php(219): Illuminate/Http/Middleware/ValidatePostSize->handle(Object(Illuminate/Http/Request), Object(Closure))
#47 C:/laragon/www/APK_POS2/vendor/laravel/framework/src/Illuminate/Foundation/Http/Middleware/PreventRequestsDuringMaintenance.php(109): Illuminate/Pipeline/Pipeline->{closure:{closure:Illuminate/Pipeline/Pipeline::carry():194}:195}(Object(Illuminate/Http/Request))
#48 C:/laragon/www/APK_POS2/vendor/laravel/framework/src/Illuminate/Pipeline/Pipeline.php(219): Illuminate/Foundation/Http/Middleware/PreventRequestsDuringMaintenance->handle(Object(Illuminate/Http/Request), Object(Closure))
#49 C:/laragon/www/APK_POS2/vendor/laravel/framework/src/Illuminate/Http/Middleware/HandleCors.php(61): Illuminate/Pipeline/Pipeline->{closure:{closure:Illuminate/Pipeline/Pipeline::carry():194}:195}(Object(Illuminate/Http/Request))
#50 C:/laragon/www/APK_POS2/vendor/laravel/framework/src/Illuminate/Pipeline/Pipeline.php(219): Illuminate/Http/Middleware/HandleCors->handle(Object(Illuminate/Http/Request), Object(Closure))
#51 C:/laragon/www/APK_POS2/vendor/laravel/framework/src/Illuminate/Http/Middleware/TrustProxies.php(58): Illuminate/Pipeline/Pipeline->{closure:{closure:Illuminate/Pipeline/Pipeline::carry():194}:195}(Object(Illuminate/Http/Request))
#52 C:/laragon/www/APK_POS2/vendor/laravel/framework/src/Illuminate/Pipeline/Pipeline.php(219): Illuminate/Http/Middleware/TrustProxies->handle(Object(Illuminate/Http/Request), Object(Closure))
#53 C:/laragon/www/APK_POS2/vendor/laravel/framework/src/Illuminate/Foundation/Http/Middleware/InvokeDeferredCallbacks.php(22): Illuminate/Pipeline/Pipeline->{closure:{closure:Illuminate/Pipeline/Pipeline::carry():194}:195}(Object(Illuminate/Http/Request))
#54 C:/laragon/www/APK_POS2/vendor/laravel/framework/src/Illuminate/Pipeline/Pipeline.php(219): Illuminate/Foundation/Http/Middleware/InvokeDeferredCallbacks->handle(Object(Illuminate/Http/Request), Object(Closure))
#55 C:/laragon/www/APK_POS2/vendor/laravel/framework/src/Illuminate/Http/Middleware/ValidatePathEncoding.php(26): Illuminate/Pipeline/Pipeline->{closure:{closure:Illuminate/Pipeline/Pipeline::carry():194}:195}(Object(Illuminate/Http/Request))
#56 C:/laragon/www/APK_POS2/vendor/laravel/framework/src/Illuminate/Pipeline/Pipeline.php(219): Illuminate/Http/Middleware/ValidatePathEncoding->handle(Object(Illuminate/Http/Request), Object(Closure))
#57 C:/laragon/www/APK_POS2/vendor/laravel/framework/src/Illuminate/Pipeline/Pipeline.php(137): Illuminate/Pipeline/Pipeline->{closure:{closure:Illuminate/Pipeline/Pipeline::carry():194}:195}(Object(Illuminate/Http/Request))
#58 C:/laragon/www/APK_POS2/vendor/laravel/framework/src/Illuminate/Foundation/Http/Kernel.php(175): Illuminate/Pipeline/Pipeline->then(Object(Closure))
#59 C:/laragon/www/APK_POS2/vendor/laravel/framework/src/Illuminate/Foundation/Http/Kernel.php(144): Illuminate/Foundation/Http/Kernel->sendRequestThroughRouter(Object(Illuminate/Http/Request))
#60 C:/laragon/www/APK_POS2/vendor/laravel/framework/src/Illuminate/Foundation/Application.php(1220): Illuminate/Foundation/Http/Kernel->handle(Object(Illuminate/Http/Request))
#61 C:/laragon/www/APK_POS2/public/index.php(20): Illuminate/Foundation/Application->handleRequest(Object(Illuminate/Http/Request))
#62 C:/laragon/www/APK_POS2/vendor/laravel/framework/src/Illuminate/Foundation/resources/server.php(23): require_once('C://laragon//www//...')
#63 {main}
"} 
[2026-08-06 06:24:36] local.ERROR: Undefined variable $penjualan (View: C:\laragon\www\APK_POS2\resources\views\penjualan\index.blade.php) {"userId":1,"exception":"[object] (Illuminate\\View\\ViewException(code: 0): Undefined variable $penjualan (View: C:\\laragon\\www\\APK_POS2\\resources\\views\\penjualan\\index.blade.php) at C:/laragon/www/APK_POS2/storage/framework/views/304c161585f63d667a9c2c20e2307300.php:71)
[stacktrace]
#0 C:/laragon/www/APK_POS2/vendor/laravel/framework/src/Illuminate/View/Engines/PhpEngine.php(59): Illuminate/View/Engines/CompilerEngine->handleViewException(Object(ErrorException), 1)
#1 C:/laragon/www/APK_POS2/vendor/laravel/framework/src/Illuminate/View/Engines/CompilerEngine.php(76): Illuminate/View/Engines/PhpEngine->evaluatePath('C://laragon//www//...', Array)
#2 C:/laragon/www/APK_POS2/vendor/laravel/framework/src/Illuminate/View/View.php(208): Illuminate/View/Engines/CompilerEngine->get('C://laragon//www//...', Array)
#3 C:/laragon/www/APK_POS2/vendor/laravel/framework/src/Illuminate/View/View.php(191): Illuminate/View/View->getContents()
#4 C:/laragon/www/APK_POS2/vendor/laravel/framework/src/Illuminate/View/View.php(160): Illuminate/View/View->renderContents()
#5 C:/laragon/www/APK_POS2/vendor/laravel/framework/src/Illuminate/Http/Response.php(78): Illuminate/View/View->render()
#6 C:/laragon/www/APK_POS2/vendor/laravel/framework/src/Illuminate/Http/Response.php(34): Illuminate/Http/Response->setContent(Object(Illuminate/View/View))
#7 C:/laragon/www/APK_POS2/vendor/laravel/framework/src/Illuminate/Routing/Router.php(939): Illuminate/Http/Response->__construct(Object(Illuminate/View/View), 200, Array)
#8 C:/laragon/www/APK_POS2/vendor/laravel/framework/src/Illuminate/Routing/Router.php(906): Illuminate/Routing/Router::toResponse(Object(Illuminate/Http/Request), Object(Illuminate/View/View))
#9 C:/laragon/www/APK_POS2/vendor/laravel/framework/src/Illuminate/Routing/Router.php(821): Illuminate/Routing/Router->prepareResponse(Object(Illuminate/Http/Request), Object(Illuminate/View/View))
#10 C:/laragon/www/APK_POS2/vendor/laravel/framework/src/Illuminate/Pipeline/Pipeline.php(180): Illuminate/Routing/Router->{closure:Illuminate/Routing/Router::runRouteWithinStack():821}(Object(Illuminate/Http/Request))
#11 C:/laragon/www/APK_POS2/app/Http/Middleware/RoleMiddleware.php(27): Illuminate/Pipeline/Pipeline->{closure:Illuminate/Pipeline/Pipeline::prepareDestination():178}(Object(Illuminate/Http/Request))
#12 C:/laragon/www/APK_POS2/vendor/laravel/framework/src/Illuminate/Pipeline/Pipeline.php(219): App/Http/Middleware/RoleMiddleware->handle(Object(Illuminate/Http/Request), Object(Closure), 'admin', 'kasir')
#13 C:/laragon/www/APK_POS2/vendor/laravel/framework/src/Illuminate/Routing/Middleware/SubstituteBindings.php(50): Illuminate/Pipeline/Pipeline->{closure:{closure:Illuminate/Pipeline/Pipeline::carry():194}:195}(Object(Illuminate/Http/Request))
#14 C:/laragon/www/APK_POS2/vendor/laravel/framework/src/Illuminate/Pipeline/Pipeline.php(219): Illuminate/Routing/Middleware/SubstituteBindings->handle(Object(Illuminate/Http/Request), Object(Closure))
#15 C:/laragon/www/APK_POS2/vendor/laravel/framework/src/Illuminate/Auth/Middleware/Authenticate.php(63): Illuminate/Pipeline/Pipeline->{closure:{closure:Illuminate/Pipeline/Pipeline::carry():194}:195}(Object(Illuminate/Http/Request))
#16 C:/laragon/www/APK_POS2/vendor/laravel/framework/src/Illuminate/Pipeline/Pipeline.php(219): Illuminate/Auth/Middleware/Authenticate->handle(Object(Illuminate/Http/Request), Object(Closure))
#17 C:/laragon/www/APK_POS2/vendor/laravel/framework/src/Illuminate/Foundation/Http/Middleware/VerifyCsrfToken.php(87): Illuminate/Pipeline/Pipeline->{closure:{closure:Illuminate/Pipeline/Pipeline::carry():194}:195}(Object(Illuminate/Http/Request))
#18 C:/laragon/www/APK_POS2/vendor/laravel/framework/src/Illuminate/Pipeline/Pipeline.php(219): Illuminate/Foundation/Http/Middleware/VerifyCsrfToken->handle(Object(Illuminate/Http/Request), Object(Closure))
#19 C:/laragon/www/APK_POS2/vendor/laravel/framework/src/Illuminate/View/Middleware/ShareErrorsFromSession.php(48): Illuminate/Pipeline/Pipeline->{closure:{closure:Illuminate/Pipeline/Pipeline::carry():194}:195}(Object(Illuminate/Http/Request))
#20 C:/laragon/www/APK_POS2/vendor/laravel/framework/src/Illuminate/Pipeline/Pipeline.php(219): Illuminate/View/Middleware/ShareErrorsFromSession->handle(Object(Illuminate/Http/Request), Object(Closure))
#21 C:/laragon/www/APK_POS2/vendor/laravel/framework/src/Illuminate/Session/Middleware/StartSession.php(120): Illuminate/Pipeline/Pipeline->{closure:{closure:Illuminate/Pipeline/Pipeline::carry():194}:195}(Object(Illuminate/Http/Request))
#22 C:/laragon/www/APK_POS2/vendor/laravel/framework/src/Illuminate/Session/Middleware/StartSession.php(63): Illuminate/Session/Middleware/StartSession->handleStatefulRequest(Object(Illuminate/Http/Request), Object(Illuminate/Session/Store), Object(Closure))
#23 C:/laragon/www/APK_POS2/vendor/laravel/framework/src/Illuminate/Pipeline/Pipeline.php(219): Illuminate/Session/Middleware/StartSession->handle(Object(Illuminate/Http/Request), Object(Closure))
#24 C:/laragon/www/APK_POS2/vendor/laravel/framework/src/Illuminate/Cookie/Middleware/AddQueuedCookiesToResponse.php(36): Illuminate/Pipeline/Pipeline->{closure:{closure:Illuminate/Pipeline/Pipeline::carry():194}:195}(Object(Illuminate/Http/Request))
#25 C:/laragon/www/APK_POS2/vendor/laravel/framework/src/Illuminate/Pipeline/Pipeline.php(219): Illuminate/Cookie/Middleware/AddQueuedCookiesToResponse->handle(Object(Illuminate/Http/Request), Object(Closure))
#26 C:/laragon/www/APK_POS2/vendor/laravel/framework/src/Illuminate/Cookie/Middleware/EncryptCookies.php(74): Illuminate/Pipeline/Pipeline->{closure:{closure:Illuminate/Pipeline/Pipeline::carry():194}:195}(Object(Illuminate/Http/Request))
#27 C:/laragon/www/APK_POS2/vendor/laravel/framework/src/Illuminate/Pipeline/Pipeline.php(219): Illuminate/Cookie/Middleware/EncryptCookies->handle(Object(Illuminate/Http/Request), Object(Closure))
#28 C:/laragon/www/APK_POS2/vendor/laravel/framework/src/Illuminate/Pipeline/Pipeline.php(137): Illuminate/Pipeline/Pipeline->{closure:{closure:Illuminate/Pipeline/Pipeline::carry():194}:195}(Object(Illuminate/Http/Request))
#29 C:/laragon/www/APK_POS2/vendor/laravel/framework/src/Illuminate/Routing/Router.php(821): Illuminate/Pipeline/Pipeline->then(Object(Closure))
#30 C:/laragon/www/APK_POS2/vendor/laravel/framework/src/Illuminate/Routing/Router.php(800): Illuminate/Routing/Router->runRouteWithinStack(Object(Illuminate/Routing/Route), Object(Illuminate/Http/Request))
#31 C:/laragon/www/APK_POS2/vendor/laravel/framework/src/Illuminate/Routing/Router.php(764): Illuminate/Routing/Router->runRoute(Object(Illuminate/Http/Request), Object(Illuminate/Routing/Route))
#32 C:/laragon/www/APK_POS2/vendor/laravel/framework/src/Illuminate/Routing/Router.php(753): Illuminate/Routing/Router->dispatchToRoute(Object(Illuminate/Http/Request))
#33 C:/laragon/www/APK_POS2/vendor/laravel/framework/src/Illuminate/Foundation/Http/Kernel.php(200): Illuminate/Routing/Router->dispatch(Object(Illuminate/Http/Request))
#34 C:/laragon/www/APK_POS2/vendor/laravel/framework/src/Illuminate/Pipeline/Pipeline.php(180): Illuminate/Foundation/Http/Kernel->{closure:Illuminate/Foundation/Http/Kernel::dispatchToRouter():197}(Object(Illuminate/Http/Request))
#35 C:/laragon/www/APK_POS2/vendor/laravel/framework/src/Illuminate/Foundation/Http/Middleware/TransformsRequest.php(21): Illuminate/Pipeline/Pipeline->{closure:Illuminate/Pipeline/Pipeline::prepareDestination():178}(Object(Illuminate/Http/Request))
#36 C:/laragon/www/APK_POS2/vendor/laravel/framework/src/Illuminate/Foundation/Http/Middleware/ConvertEmptyStringsToNull.php(31): Illuminate/Foundation/Http/Middleware/TransformsRequest->handle(Object(Illuminate/Http/Request), Object(Closure))
#37 C:/laragon/www/APK_POS2/vendor/laravel/framework/src/Illuminate/Pipeline/Pipeline.php(219): Illuminate/Foundation/Http/Middleware/ConvertEmptyStringsToNull->handle(Object(Illuminate/Http/Request), Object(Closure))
#38 C:/laragon/www/APK_POS2/vendor/laravel/framework/src/Illuminate/Foundation/Http/Middleware/TransformsRequest.php(21): Illuminate/Pipeline/Pipeline->{closure:{closure:Illuminate/Pipeline/Pipeline::carry():194}:195}(Object(Illuminate/Http/Request))
#39 C:/laragon/www/APK_POS2/vendor/laravel/framework/src/Illuminate/Foundation/Http/Middleware/TrimStrings.php(51): Illuminate/Foundation/Http/Middleware/TransformsRequest->handle(Object(Illuminate/Http/Request), Object(Closure))
#40 C:/laragon/www/APK_POS2/vendor/laravel/framework/src/Illuminate/Pipeline/Pipeline.php(219): Illuminate/Foundation/Http/Middleware/TrimStrings->handle(Object(Illuminate/Http/Request), Object(Closure))
#41 C:/laragon/www/APK_POS2/vendor/laravel/framework/src/Illuminate/Http/Middleware/ValidatePostSize.php(27): Illuminate/Pipeline/Pipeline->{closure:{closure:Illuminate/Pipeline/Pipeline::carry():194}:195}(Object(Illuminate/Http/Request))
#42 C:/laragon/www/APK_POS2/vendor/laravel/framework/src/Illuminate/Pipeline/Pipeline.php(219): Illuminate/Http/Middleware/ValidatePostSize->handle(Object(Illuminate/Http/Request), Object(Closure))
#43 C:/laragon/www/APK_POS2/vendor/laravel/framework/src/Illuminate/Foundation/Http/Middleware/PreventRequestsDuringMaintenance.php(109): Illuminate/Pipeline/Pipeline->{closure:{closure:Illuminate/Pipeline/Pipeline::carry():194}:195}(Object(Illuminate/Http/Request))
#44 C:/laragon/www/APK_POS2/vendor/laravel/framework/src/Illuminate/Pipeline/Pipeline.php(219): Illuminate/Foundation/Http/Middleware/PreventRequestsDuringMaintenance->handle(Object(Illuminate/Http/Request), Object(Closure))
#45 C:/laragon/www/APK_POS2/vendor/laravel/framework/src/Illuminate/Http/Middleware/HandleCors.php(61): Illuminate/Pipeline/Pipeline->{closure:{closure:Illuminate/Pipeline/Pipeline::carry():194}:195}(Object(Illuminate/Http/Request))
#46 C:/laragon/www/APK_POS2/vendor/laravel/framework/src/Illuminate/Pipeline/Pipeline.php(219): Illuminate/Http/Middleware/HandleCors->handle(Object(Illuminate/Http/Request), Object(Closure))
#47 C:/laragon/www/APK_POS2/vendor/laravel/framework/src/Illuminate/Http/Middleware/TrustProxies.php(58): Illuminate/Pipeline/Pipeline->{closure:{closure:Illuminate/Pipeline/Pipeline::carry():194}:195}(Object(Illuminate/Http/Request))
#48 C:/laragon/www/APK_POS2/vendor/laravel/framework/src/Illuminate/Pipeline/Pipeline.php(219): Illuminate/Http/Middleware/TrustProxies->handle(Object(Illuminate/Http/Request), Object(Closure))
#49 C:/laragon/www/APK_POS2/vendor/laravel/framework/src/Illuminate/Foundation/Http/Middleware/InvokeDeferredCallbacks.php(22): Illuminate/Pipeline/Pipeline->{closure:{closure:Illuminate/Pipeline/Pipeline::carry():194}:195}(Object(Illuminate/Http/Request))
#50 C:/laragon/www/APK_POS2/vendor/laravel/framework/src/Illuminate/Pipeline/Pipeline.php(219): Illuminate/Foundation/Http/Middleware/InvokeDeferredCallbacks->handle(Object(Illuminate/Http/Request), Object(Closure))
#51 C:/laragon/www/APK_POS2/vendor/laravel/framework/src/Illuminate/Http/Middleware/ValidatePathEncoding.php(26): Illuminate/Pipeline/Pipeline->{closure:{closure:Illuminate/Pipeline/Pipeline::carry():194}:195}(Object(Illuminate/Http/Request))
#52 C:/laragon/www/APK_POS2/vendor/laravel/framework/src/Illuminate/Pipeline/Pipeline.php(219): Illuminate/Http/Middleware/ValidatePathEncoding->handle(Object(Illuminate/Http/Request), Object(Closure))
#53 C:/laragon/www/APK_POS2/vendor/laravel/framework/src/Illuminate/Pipeline/Pipeline.php(137): Illuminate/Pipeline/Pipeline->{closure:{closure:Illuminate/Pipeline/Pipeline::carry():194}:195}(Object(Illuminate/Http/Request))
#54 C:/laragon/www/APK_POS2/vendor/laravel/framework/src/Illuminate/Foundation/Http/Kernel.php(175): Illuminate/Pipeline/Pipeline->then(Object(Closure))
#55 C:/laragon/www/APK_POS2/vendor/laravel/framework/src/Illuminate/Foundation/Http/Kernel.php(144): Illuminate/Foundation/Http/Kernel->sendRequestThroughRouter(Object(Illuminate/Http/Request))
#56 C:/laragon/www/APK_POS2/vendor/laravel/framework/src/Illuminate/Foundation/Application.php(1220): Illuminate/Foundation/Http/Kernel->handle(Object(Illuminate/Http/Request))
#57 C:/laragon/www/APK_POS2/public/index.php(20): Illuminate/Foundation/Application->handleRequest(Object(Illuminate/Http/Request))
#58 C:/laragon/www/APK_POS2/vendor/laravel/framework/src/Illuminate/Foundation/resources/server.php(23): require_once('C://laragon//www//...')
#59 {main}

[previous exception] [object] (ErrorException(code: 0): Undefined variable $penjualan at C:/laragon/www/APK_POS2/storage/framework/views/304c161585f63d667a9c2c20e2307300.php:71)
[stacktrace]
#0 C:/laragon/www/APK_POS2/vendor/laravel/framework/src/Illuminate/Foundation/Bootstrap/HandleExceptions.php(262): Illuminate/Foundation/Bootstrap/HandleExceptions->handleError(2, 'Undefined varia...', 'C://laragon//www//...', 71)
#1 C:/laragon/www/APK_POS2/storage/framework/views/304c161585f63d667a9c2c20e2307300.php(71): Illuminate/Foundation/Bootstrap/HandleExceptions->{closure:Illuminate/Foundation/Bootstrap/HandleExceptions::forwardsTo():261}(2, 'Undefined varia...', 'C://laragon//www//...', 71)
#2 C:/laragon/www/APK_POS2/vendor/laravel/framework/src/Illuminate/Filesystem/Filesystem.php(123): require('C://laragon//www//...')
#3 C:/laragon/www/APK_POS2/vendor/laravel/framework/src/Illuminate/Filesystem/Filesystem.php(124): Illuminate/Filesystem/Filesystem::{closure:Illuminate/Filesystem/Filesystem::getRequire():120}()
#4 C:/laragon/www/APK_POS2/vendor/laravel/framework/src/Illuminate/View/Engines/PhpEngine.php(57): Illuminate/Filesystem/Filesystem->getRequire('C://laragon//www//...', Array)
#5 C:/laragon/www/APK_POS2/vendor/laravel/framework/src/Illuminate/View/Engines/CompilerEngine.php(76): Illuminate/View/Engines/PhpEngine->evaluatePath('C://laragon//www//...', Array)
#6 C:/laragon/www/APK_POS2/vendor/laravel/framework/src/Illuminate/View/View.php(208): Illuminate/View/Engines/CompilerEngine->get('C://laragon//www//...', Array)
#7 C:/laragon/www/APK_POS2/vendor/laravel/framework/src/Illuminate/View/View.php(191): Illuminate/View/View->getContents()
#8 C:/laragon/www/APK_POS2/vendor/laravel/framework/src/Illuminate/View/View.php(160): Illuminate/View/View->renderContents()
#9 C:/laragon/www/APK_POS2/vendor/laravel/framework/src/Illuminate/Http/Response.php(78): Illuminate/View/View->render()
#10 C:/laragon/www/APK_POS2/vendor/laravel/framework/src/Illuminate/Http/Response.php(34): Illuminate/Http/Response->setContent(Object(Illuminate/View/View))
#11 C:/laragon/www/APK_POS2/vendor/laravel/framework/src/Illuminate/Routing/Router.php(939): Illuminate/Http/Response->__construct(Object(Illuminate/View/View), 200, Array)
#12 C:/laragon/www/APK_POS2/vendor/laravel/framework/src/Illuminate/Routing/Router.php(906): Illuminate/Routing/Router::toResponse(Object(Illuminate/Http/Request), Object(Illuminate/View/View))
#13 C:/laragon/www/APK_POS2/vendor/laravel/framework/src/Illuminate/Routing/Router.php(821): Illuminate/Routing/Router->prepareResponse(Object(Illuminate/Http/Request), Object(Illuminate/View/View))
#14 C:/laragon/www/APK_POS2/vendor/laravel/framework/src/Illuminate/Pipeline/Pipeline.php(180): Illuminate/Routing/Router->{closure:Illuminate/Routing/Router::runRouteWithinStack():821}(Object(Illuminate/Http/Request))
#15 C:/laragon/www/APK_POS2/app/Http/Middleware/RoleMiddleware.php(27): Illuminate/Pipeline/Pipeline->{closure:Illuminate/Pipeline/Pipeline::prepareDestination():178}(Object(Illuminate/Http/Request))
#16 C:/laragon/www/APK_POS2/vendor/laravel/framework/src/Illuminate/Pipeline/Pipeline.php(219): App/Http/Middleware/RoleMiddleware->handle(Object(Illuminate/Http/Request), Object(Closure), 'admin', 'kasir')
#17 C:/laragon/www/APK_POS2/vendor/laravel/framework/src/Illuminate/Routing/Middleware/SubstituteBindings.php(50): Illuminate/Pipeline/Pipeline->{closure:{closure:Illuminate/Pipeline/Pipeline::carry():194}:195}(Object(Illuminate/Http/Request))
#18 C:/laragon/www/APK_POS2/vendor/laravel/framework/src/Illuminate/Pipeline/Pipeline.php(219): Illuminate/Routing/Middleware/SubstituteBindings->handle(Object(Illuminate/Http/Request), Object(Closure))
#19 C:/laragon/www/APK_POS2/vendor/laravel/framework/src/Illuminate/Auth/Middleware/Authenticate.php(63): Illuminate/Pipeline/Pipeline->{closure:{closure:Illuminate/Pipeline/Pipeline::carry():194}:195}(Object(Illuminate/Http/Request))
#20 C:/laragon/www/APK_POS2/vendor/laravel/framework/src/Illuminate/Pipeline/Pipeline.php(219): Illuminate/Auth/Middleware/Authenticate->handle(Object(Illuminate/Http/Request), Object(Closure))
#21 C:/laragon/www/APK_POS2/vendor/laravel/framework/src/Illuminate/Foundation/Http/Middleware/VerifyCsrfToken.php(87): Illuminate/Pipeline/Pipeline->{closure:{closure:Illuminate/Pipeline/Pipeline::carry():194}:195}(Object(Illuminate/Http/Request))
#22 C:/laragon/www/APK_POS2/vendor/laravel/framework/src/Illuminate/Pipeline/Pipeline.php(219): Illuminate/Foundation/Http/Middleware/VerifyCsrfToken->handle(Object(Illuminate/Http/Request), Object(Closure))
#23 C:/laragon/www/APK_POS2/vendor/laravel/framework/src/Illuminate/View/Middleware/ShareErrorsFromSession.php(48): Illuminate/Pipeline/Pipeline->{closure:{closure:Illuminate/Pipeline/Pipeline::carry():194}:195}(Object(Illuminate/Http/Request))
#24 C:/laragon/www/APK_POS2/vendor/laravel/framework/src/Illuminate/Pipeline/Pipeline.php(219): Illuminate/View/Middleware/ShareErrorsFromSession->handle(Object(Illuminate/Http/Request), Object(Closure))
#25 C:/laragon/www/APK_POS2/vendor/laravel/framework/src/Illuminate/Session/Middleware/StartSession.php(120): Illuminate/Pipeline/Pipeline->{closure:{closure:Illuminate/Pipeline/Pipeline::carry():194}:195}(Object(Illuminate/Http/Request))
#26 C:/laragon/www/APK_POS2/vendor/laravel/framework/src/Illuminate/Session/Middleware/StartSession.php(63): Illuminate/Session/Middleware/StartSession->handleStatefulRequest(Object(Illuminate/Http/Request), Object(Illuminate/Session/Store), Object(Closure))
#27 C:/laragon/www/APK_POS2/vendor/laravel/framework/src/Illuminate/Pipeline/Pipeline.php(219): Illuminate/Session/Middleware/StartSession->handle(Object(Illuminate/Http/Request), Object(Closure))
#28 C:/laragon/www/APK_POS2/vendor/laravel/framework/src/Illuminate/Cookie/Middleware/AddQueuedCookiesToResponse.php(36): Illuminate/Pipeline/Pipeline->{closure:{closure:Illuminate/Pipeline/Pipeline::carry():194}:195}(Object(Illuminate/Http/Request))
#29 C:/laragon/www/APK_POS2/vendor/laravel/framework/src/Illuminate/Pipeline/Pipeline.php(219): Illuminate/Cookie/Middleware/AddQueuedCookiesToResponse->handle(Object(Illuminate/Http/Request), Object(Closure))
#30 C:/laragon/www/APK_POS2/vendor/laravel/framework/src/Illuminate/Cookie/Middleware/EncryptCookies.php(74): Illuminate/Pipeline/Pipeline->{closure:{closure:Illuminate/Pipeline/Pipeline::carry():194}:195}(Object(Illuminate/Http/Request))
#31 C:/laragon/www/APK_POS2/vendor/laravel/framework/src/Illuminate/Pipeline/Pipeline.php(219): Illuminate/Cookie/Middleware/EncryptCookies->handle(Object(Illuminate/Http/Request), Object(Closure))
#32 C:/laragon/www/APK_POS2/vendor/laravel/framework/src/Illuminate/Pipeline/Pipeline.php(137): Illuminate/Pipeline/Pipeline->{closure:{closure:Illuminate/Pipeline/Pipeline::carry():194}:195}(Object(Illuminate/Http/Request))
#33 C:/laragon/www/APK_POS2/vendor/laravel/framework/src/Illuminate/Routing/Router.php(821): Illuminate/Pipeline/Pipeline->then(Object(Closure))
#34 C:/laragon/www/APK_POS2/vendor/laravel/framework/src/Illuminate/Routing/Router.php(800): Illuminate/Routing/Router->runRouteWithinStack(Object(Illuminate/Routing/Route), Object(Illuminate/Http/Request))
#35 C:/laragon/www/APK_POS2/vendor/laravel/framework/src/Illuminate/Routing/Router.php(764): Illuminate/Routing/Router->runRoute(Object(Illuminate/Http/Request), Object(Illuminate/Routing/Route))
#36 C:/laragon/www/APK_POS2/vendor/laravel/framework/src/Illuminate/Routing/Router.php(753): Illuminate/Routing/Router->dispatchToRoute(Object(Illuminate/Http/Request))
#37 C:/laragon/www/APK_POS2/vendor/laravel/framework/src/Illuminate/Foundation/Http/Kernel.php(200): Illuminate/Routing/Router->dispatch(Object(Illuminate/Http/Request))
#38 C:/laragon/www/APK_POS2/vendor/laravel/framework/src/Illuminate/Pipeline/Pipeline.php(180): Illuminate/Foundation/Http/Kernel->{closure:Illuminate/Foundation/Http/Kernel::dispatchToRouter():197}(Object(Illuminate/Http/Request))
#39 C:/laragon/www/APK_POS2/vendor/laravel/framework/src/Illuminate/Foundation/Http/Middleware/TransformsRequest.php(21): Illuminate/Pipeline/Pipeline->{closure:Illuminate/Pipeline/Pipeline::prepareDestination():178}(Object(Illuminate/Http/Request))
#40 C:/laragon/www/APK_POS2/vendor/laravel/framework/src/Illuminate/Foundation/Http/Middleware/ConvertEmptyStringsToNull.php(31): Illuminate/Foundation/Http/Middleware/TransformsRequest->handle(Object(Illuminate/Http/Request), Object(Closure))
#41 C:/laragon/www/APK_POS2/vendor/laravel/framework/src/Illuminate/Pipeline/Pipeline.php(219): Illuminate/Foundation/Http/Middleware/ConvertEmptyStringsToNull->handle(Object(Illuminate/Http/Request), Object(Closure))
#42 C:/laragon/www/APK_POS2/vendor/laravel/framework/src/Illuminate/Foundation/Http/Middleware/TransformsRequest.php(21): Illuminate/Pipeline/Pipeline->{closure:{closure:Illuminate/Pipeline/Pipeline::carry():194}:195}(Object(Illuminate/Http/Request))
#43 C:/laragon/www/APK_POS2/vendor/laravel/framework/src/Illuminate/Foundation/Http/Middleware/TrimStrings.php(51): Illuminate/Foundation/Http/Middleware/TransformsRequest->handle(Object(Illuminate/Http/Request), Object(Closure))
#44 C:/laragon/www/APK_POS2/vendor/laravel/framework/src/Illuminate/Pipeline/Pipeline.php(219): Illuminate/Foundation/Http/Middleware/TrimStrings->handle(Object(Illuminate/Http/Request), Object(Closure))
#45 C:/laragon/www/APK_POS2/vendor/laravel/framework/src/Illuminate/Http/Middleware/ValidatePostSize.php(27): Illuminate/Pipeline/Pipeline->{closure:{closure:Illuminate/Pipeline/Pipeline::carry():194}:195}(Object(Illuminate/Http/Request))
#46 C:/laragon/www/APK_POS2/vendor/laravel/framework/src/Illuminate/Pipeline/Pipeline.php(219): Illuminate/Http/Middleware/ValidatePostSize->handle(Object(Illuminate/Http/Request), Object(Closure))
#47 C:/laragon/www/APK_POS2/vendor/laravel/framework/src/Illuminate/Foundation/Http/Middleware/PreventRequestsDuringMaintenance.php(109): Illuminate/Pipeline/Pipeline->{closure:{closure:Illuminate/Pipeline/Pipeline::carry():194}:195}(Object(Illuminate/Http/Request))
#48 C:/laragon/www/APK_POS2/vendor/laravel/framework/src/Illuminate/Pipeline/Pipeline.php(219): Illuminate/Foundation/Http/Middleware/PreventRequestsDuringMaintenance->handle(Object(Illuminate/Http/Request), Object(Closure))
#49 C:/laragon/www/APK_POS2/vendor/laravel/framework/src/Illuminate/Http/Middleware/HandleCors.php(61): Illuminate/Pipeline/Pipeline->{closure:{closure:Illuminate/Pipeline/Pipeline::carry():194}:195}(Object(Illuminate/Http/Request))
#50 C:/laragon/www/APK_POS2/vendor/laravel/framework/src/Illuminate/Pipeline/Pipeline.php(219): Illuminate/Http/Middleware/HandleCors->handle(Object(Illuminate/Http/Request), Object(Closure))
#51 C:/laragon/www/APK_POS2/vendor/laravel/framework/src/Illuminate/Http/Middleware/TrustProxies.php(58): Illuminate/Pipeline/Pipeline->{closure:{closure:Illuminate/Pipeline/Pipeline::carry():194}:195}(Object(Illuminate/Http/Request))
#52 C:/laragon/www/APK_POS2/vendor/laravel/framework/src/Illuminate/Pipeline/Pipeline.php(219): Illuminate/Http/Middleware/TrustProxies->handle(Object(Illuminate/Http/Request), Object(Closure))
#53 C:/laragon/www/APK_POS2/vendor/laravel/framework/src/Illuminate/Foundation/Http/Middleware/InvokeDeferredCallbacks.php(22): Illuminate/Pipeline/Pipeline->{closure:{closure:Illuminate/Pipeline/Pipeline::carry():194}:195}(Object(Illuminate/Http/Request))
#54 C:/laragon/www/APK_POS2/vendor/laravel/framework/src/Illuminate/Pipeline/Pipeline.php(219): Illuminate/Foundation/Http/Middleware/InvokeDeferredCallbacks->handle(Object(Illuminate/Http/Request), Object(Closure))
#55 C:/laragon/www/APK_POS2/vendor/laravel/framework/src/Illuminate/Http/Middleware/ValidatePathEncoding.php(26): Illuminate/Pipeline/Pipeline->{closure:{closure:Illuminate/Pipeline/Pipeline::carry():194}:195}(Object(Illuminate/Http/Request))
#56 C:/laragon/www/APK_POS2/vendor/laravel/framework/src/Illuminate/Pipeline/Pipeline.php(219): Illuminate/Http/Middleware/ValidatePathEncoding->handle(Object(Illuminate/Http/Request), Object(Closure))
#57 C:/laragon/www/APK_POS2/vendor/laravel/framework/src/Illuminate/Pipeline/Pipeline.php(137): Illuminate/Pipeline/Pipeline->{closure:{closure:Illuminate/Pipeline/Pipeline::carry():194}:195}(Object(Illuminate/Http/Request))
#58 C:/laragon/www/APK_POS2/vendor/laravel/framework/src/Illuminate/Foundation/Http/Kernel.php(175): Illuminate/Pipeline/Pipeline->then(Object(Closure))
#59 C:/laragon/www/APK_POS2/vendor/laravel/framework/src/Illuminate/Foundation/Http/Kernel.php(144): Illuminate/Foundation/Http/Kernel->sendRequestThroughRouter(Object(Illuminate/Http/Request))
#60 C:/laragon/www/APK_POS2/vendor/laravel/framework/src/Illuminate/Foundation/Application.php(1220): Illuminate/Foundation/Http/Kernel->handle(Object(Illuminate/Http/Request))
#61 C:/laragon/www/APK_POS2/public/index.php(20): Illuminate/Foundation/Application->handleRequest(Object(Illuminate/Http/Request))
#62 C:/laragon/www/APK_POS2/vendor/laravel/framework/src/Illuminate/Foundation/resources/server.php(23): require_once('C://laragon//www//...')
#63 {main}
"} 
[2026-08-06 06:24:36] local.ERROR: Undefined variable $penjualan (View: C:\laragon\www\APK_POS2\resources\views\penjualan\index.blade.php) {"userId":1,"exception":"[object] (Illuminate\\View\\ViewException(code: 0): Undefined variable $penjualan (View: C:\\laragon\\www\\APK_POS2\\resources\\views\\penjualan\\index.blade.php) at C:/laragon/www/APK_POS2/storage/framework/views/304c161585f63d667a9c2c20e2307300.php:71)
[stacktrace]
#0 C:/laragon/www/APK_POS2/vendor/laravel/framework/src/Illuminate/View/Engines/PhpEngine.php(59): Illuminate/View/Engines/CompilerEngine->handleViewException(Object(ErrorException), 1)
#1 C:/laragon/www/APK_POS2/vendor/laravel/framework/src/Illuminate/View/Engines/CompilerEngine.php(76): Illuminate/View/Engines/PhpEngine->evaluatePath('C://laragon//www//...', Array)
#2 C:/laragon/www/APK_POS2/vendor/laravel/framework/src/Illuminate/View/View.php(208): Illuminate/View/Engines/CompilerEngine->get('C://laragon//www//...', Array)
#3 C:/laragon/www/APK_POS2/vendor/laravel/framework/src/Illuminate/View/View.php(191): Illuminate/View/View->getContents()
#4 C:/laragon/www/APK_POS2/vendor/laravel/framework/src/Illuminate/View/View.php(160): Illuminate/View/View->renderContents()
#5 C:/laragon/www/APK_POS2/vendor/laravel/framework/src/Illuminate/Http/Response.php(78): Illuminate/View/View->render()
#6 C:/laragon/www/APK_POS2/vendor/laravel/framework/src/Illuminate/Http/Response.php(34): Illuminate/Http/Response->setContent(Object(Illuminate/View/View))
#7 C:/laragon/www/APK_POS2/vendor/laravel/framework/src/Illuminate/Routing/Router.php(939): Illuminate/Http/Response->__construct(Object(Illuminate/View/View), 200, Array)
#8 C:/laragon/www/APK_POS2/vendor/laravel/framework/src/Illuminate/Routing/Router.php(906): Illuminate/Routing/Router::toResponse(Object(Illuminate/Http/Request), Object(Illuminate/View/View))
#9 C:/laragon/www/APK_POS2/vendor/laravel/framework/src/Illuminate/Routing/Router.php(821): Illuminate/Routing/Router->prepareResponse(Object(Illuminate/Http/Request), Object(Illuminate/View/View))
#10 C:/laragon/www/APK_POS2/vendor/laravel/framework/src/Illuminate/Pipeline/Pipeline.php(180): Illuminate/Routing/Router->{closure:Illuminate/Routing/Router::runRouteWithinStack():821}(Object(Illuminate/Http/Request))
#11 C:/laragon/www/APK_POS2/app/Http/Middleware/RoleMiddleware.php(27): Illuminate/Pipeline/Pipeline->{closure:Illuminate/Pipeline/Pipeline::prepareDestination():178}(Object(Illuminate/Http/Request))
#12 C:/laragon/www/APK_POS2/vendor/laravel/framework/src/Illuminate/Pipeline/Pipeline.php(219): App/Http/Middleware/RoleMiddleware->handle(Object(Illuminate/Http/Request), Object(Closure), 'admin', 'kasir')
#13 C:/laragon/www/APK_POS2/vendor/laravel/framework/src/Illuminate/Routing/Middleware/SubstituteBindings.php(50): Illuminate/Pipeline/Pipeline->{closure:{closure:Illuminate/Pipeline/Pipeline::carry():194}:195}(Object(Illuminate/Http/Request))
#14 C:/laragon/www/APK_POS2/vendor/laravel/framework/src/Illuminate/Pipeline/Pipeline.php(219): Illuminate/Routing/Middleware/SubstituteBindings->handle(Object(Illuminate/Http/Request), Object(Closure))
#15 C:/laragon/www/APK_POS2/vendor/laravel/framework/src/Illuminate/Auth/Middleware/Authenticate.php(63): Illuminate/Pipeline/Pipeline->{closure:{closure:Illuminate/Pipeline/Pipeline::carry():194}:195}(Object(Illuminate/Http/Request))
#16 C:/laragon/www/APK_POS2/vendor/laravel/framework/src/Illuminate/Pipeline/Pipeline.php(219): Illuminate/Auth/Middleware/Authenticate->handle(Object(Illuminate/Http/Request), Object(Closure))
#17 C:/laragon/www/APK_POS2/vendor/laravel/framework/src/Illuminate/Foundation/Http/Middleware/VerifyCsrfToken.php(87): Illuminate/Pipeline/Pipeline->{closure:{closure:Illuminate/Pipeline/Pipeline::carry():194}:195}(Object(Illuminate/Http/Request))
#18 C:/laragon/www/APK_POS2/vendor/laravel/framework/src/Illuminate/Pipeline/Pipeline.php(219): Illuminate/Foundation/Http/Middleware/VerifyCsrfToken->handle(Object(Illuminate/Http/Request), Object(Closure))
#19 C:/laragon/www/APK_POS2/vendor/laravel/framework/src/Illuminate/View/Middleware/ShareErrorsFromSession.php(48): Illuminate/Pipeline/Pipeline->{closure:{closure:Illuminate/Pipeline/Pipeline::carry():194}:195}(Object(Illuminate/Http/Request))
#20 C:/laragon/www/APK_POS2/vendor/laravel/framework/src/Illuminate/Pipeline/Pipeline.php(219): Illuminate/View/Middleware/ShareErrorsFromSession->handle(Object(Illuminate/Http/Request), Object(Closure))
#21 C:/laragon/www/APK_POS2/vendor/laravel/framework/src/Illuminate/Session/Middleware/StartSession.php(120): Illuminate/Pipeline/Pipeline->{closure:{closure:Illuminate/Pipeline/Pipeline::carry():194}:195}(Object(Illuminate/Http/Request))
#22 C:/laragon/www/APK_POS2/vendor/laravel/framework/src/Illuminate/Session/Middleware/StartSession.php(63): Illuminate/Session/Middleware/StartSession->handleStatefulRequest(Object(Illuminate/Http/Request), Object(Illuminate/Session/Store), Object(Closure))
#23 C:/laragon/www/APK_POS2/vendor/laravel/framework/src/Illuminate/Pipeline/Pipeline.php(219): Illuminate/Session/Middleware/StartSession->handle(Object(Illuminate/Http/Request), Object(Closure))
#24 C:/laragon/www/APK_POS2/vendor/laravel/framework/src/Illuminate/Cookie/Middleware/AddQueuedCookiesToResponse.php(36): Illuminate/Pipeline/Pipeline->{closure:{closure:Illuminate/Pipeline/Pipeline::carry():194}:195}(Object(Illuminate/Http/Request))
#25 C:/laragon/www/APK_POS2/vendor/laravel/framework/src/Illuminate/Pipeline/Pipeline.php(219): Illuminate/Cookie/Middleware/AddQueuedCookiesToResponse->handle(Object(Illuminate/Http/Request), Object(Closure))
#26 C:/laragon/www/APK_POS2/vendor/laravel/framework/src/Illuminate/Cookie/Middleware/EncryptCookies.php(74): Illuminate/Pipeline/Pipeline->{closure:{closure:Illuminate/Pipeline/Pipeline::carry():194}:195}(Object(Illuminate/Http/Request))
#27 C:/laragon/www/APK_POS2/vendor/laravel/framework/src/Illuminate/Pipeline/Pipeline.php(219): Illuminate/Cookie/Middleware/EncryptCookies->handle(Object(Illuminate/Http/Request), Object(Closure))
#28 C:/laragon/www/APK_POS2/vendor/laravel/framework/src/Illuminate/Pipeline/Pipeline.php(137): Illuminate/Pipeline/Pipeline->{closure:{closure:Illuminate/Pipeline/Pipeline::carry():194}:195}(Object(Illuminate/Http/Request))
#29 C:/laragon/www/APK_POS2/vendor/laravel/framework/src/Illuminate/Routing/Router.php(821): Illuminate/Pipeline/Pipeline->then(Object(Closure))
#30 C:/laragon/www/APK_POS2/vendor/laravel/framework/src/Illuminate/Routing/Router.php(800): Illuminate/Routing/Router->runRouteWithinStack(Object(Illuminate/Routing/Route), Object(Illuminate/Http/Request))
#31 C:/laragon/www/APK_POS2/vendor/laravel/framework/src/Illuminate/Routing/Router.php(764): Illuminate/Routing/Router->runRoute(Object(Illuminate/Http/Request), Object(Illuminate/Routing/Route))
#32 C:/laragon/www/APK_POS2/vendor/laravel/framework/src/Illuminate/Routing/Router.php(753): Illuminate/Routing/Router->dispatchToRoute(Object(Illuminate/Http/Request))
#33 C:/laragon/www/APK_POS2/vendor/laravel/framework/src/Illuminate/Foundation/Http/Kernel.php(200): Illuminate/Routing/Router->dispatch(Object(Illuminate/Http/Request))
#34 C:/laragon/www/APK_POS2/vendor/laravel/framework/src/Illuminate/Pipeline/Pipeline.php(180): Illuminate/Foundation/Http/Kernel->{closure:Illuminate/Foundation/Http/Kernel::dispatchToRouter():197}(Object(Illuminate/Http/Request))
#35 C:/laragon/www/APK_POS2/vendor/laravel/framework/src/Illuminate/Foundation/Http/Middleware/TransformsRequest.php(21): Illuminate/Pipeline/Pipeline->{closure:Illuminate/Pipeline/Pipeline::prepareDestination():178}(Object(Illuminate/Http/Request))
#36 C:/laragon/www/APK_POS2/vendor/laravel/framework/src/Illuminate/Foundation/Http/Middleware/ConvertEmptyStringsToNull.php(31): Illuminate/Foundation/Http/Middleware/TransformsRequest->handle(Object(Illuminate/Http/Request), Object(Closure))
#37 C:/laragon/www/APK_POS2/vendor/laravel/framework/src/Illuminate/Pipeline/Pipeline.php(219): Illuminate/Foundation/Http/Middleware/ConvertEmptyStringsToNull->handle(Object(Illuminate/Http/Request), Object(Closure))
#38 C:/laragon/www/APK_POS2/vendor/laravel/framework/src/Illuminate/Foundation/Http/Middleware/TransformsRequest.php(21): Illuminate/Pipeline/Pipeline->{closure:{closure:Illuminate/Pipeline/Pipeline::carry():194}:195}(Object(Illuminate/Http/Request))
#39 C:/laragon/www/APK_POS2/vendor/laravel/framework/src/Illuminate/Foundation/Http/Middleware/TrimStrings.php(51): Illuminate/Foundation/Http/Middleware/TransformsRequest->handle(Object(Illuminate/Http/Request), Object(Closure))
#40 C:/laragon/www/APK_POS2/vendor/laravel/framework/src/Illuminate/Pipeline/Pipeline.php(219): Illuminate/Foundation/Http/Middleware/TrimStrings->handle(Object(Illuminate/Http/Request), Object(Closure))
#41 C:/laragon/www/APK_POS2/vendor/laravel/framework/src/Illuminate/Http/Middleware/ValidatePostSize.php(27): Illuminate/Pipeline/Pipeline->{closure:{closure:Illuminate/Pipeline/Pipeline::carry():194}:195}(Object(Illuminate/Http/Request))
#42 C:/laragon/www/APK_POS2/vendor/laravel/framework/src/Illuminate/Pipeline/Pipeline.php(219): Illuminate/Http/Middleware/ValidatePostSize->handle(Object(Illuminate/Http/Request), Object(Closure))
#43 C:/laragon/www/APK_POS2/vendor/laravel/framework/src/Illuminate/Foundation/Http/Middleware/PreventRequestsDuringMaintenance.php(109): Illuminate/Pipeline/Pipeline->{closure:{closure:Illuminate/Pipeline/Pipeline::carry():194}:195}(Object(Illuminate/Http/Request))
#44 C:/laragon/www/APK_POS2/vendor/laravel/framework/src/Illuminate/Pipeline/Pipeline.php(219): Illuminate/Foundation/Http/Middleware/PreventRequestsDuringMaintenance->handle(Object(Illuminate/Http/Request), Object(Closure))
#45 C:/laragon/www/APK_POS2/vendor/laravel/framework/src/Illuminate/Http/Middleware/HandleCors.php(61): Illuminate/Pipeline/Pipeline->{closure:{closure:Illuminate/Pipeline/Pipeline::carry():194}:195}(Object(Illuminate/Http/Request))
#46 C:/laragon/www/APK_POS2/vendor/laravel/framework/src/Illuminate/Pipeline/Pipeline.php(219): Illuminate/Http/Middleware/HandleCors->handle(Object(Illuminate/Http/Request), Object(Closure))
#47 C:/laragon/www/APK_POS2/vendor/laravel/framework/src/Illuminate/Http/Middleware/TrustProxies.php(58): Illuminate/Pipeline/Pipeline->{closure:{closure:Illuminate/Pipeline/Pipeline::carry():194}:195}(Object(Illuminate/Http/Request))
#48 C:/laragon/www/APK_POS2/vendor/laravel/framework/src/Illuminate/Pipeline/Pipeline.php(219): Illuminate/Http/Middleware/TrustProxies->handle(Object(Illuminate/Http/Request), Object(Closure))
#49 C:/laragon/www/APK_POS2/vendor/laravel/framework/src/Illuminate/Foundation/Http/Middleware/InvokeDeferredCallbacks.php(22): Illuminate/Pipeline/Pipeline->{closure:{closure:Illuminate/Pipeline/Pipeline::carry():194}:195}(Object(Illuminate/Http/Request))
#50 C:/laragon/www/APK_POS2/vendor/laravel/framework/src/Illuminate/Pipeline/Pipeline.php(219): Illuminate/Foundation/Http/Middleware/InvokeDeferredCallbacks->handle(Object(Illuminate/Http/Request), Object(Closure))
#51 C:/laragon/www/APK_POS2/vendor/laravel/framework/src/Illuminate/Http/Middleware/ValidatePathEncoding.php(26): Illuminate/Pipeline/Pipeline->{closure:{closure:Illuminate/Pipeline/Pipeline::carry():194}:195}(Object(Illuminate/Http/Request))
#52 C:/laragon/www/APK_POS2/vendor/laravel/framework/src/Illuminate/Pipeline/Pipeline.php(219): Illuminate/Http/Middleware/ValidatePathEncoding->handle(Object(Illuminate/Http/Request), Object(Closure))
#53 C:/laragon/www/APK_POS2/vendor/laravel/framework/src/Illuminate/Pipeline/Pipeline.php(137): Illuminate/Pipeline/Pipeline->{closure:{closure:Illuminate/Pipeline/Pipeline::carry():194}:195}(Object(Illuminate/Http/Request))
#54 C:/laragon/www/APK_POS2/vendor/laravel/framework/src/Illuminate/Foundation/Http/Kernel.php(175): Illuminate/Pipeline/Pipeline->then(Object(Closure))
#55 C:/laragon/www/APK_POS2/vendor/laravel/framework/src/Illuminate/Foundation/Http/Kernel.php(144): Illuminate/Foundation/Http/Kernel->sendRequestThroughRouter(Object(Illuminate/Http/Request))
#56 C:/laragon/www/APK_POS2/vendor/laravel/framework/src/Illuminate/Foundation/Application.php(1220): Illuminate/Foundation/Http/Kernel->handle(Object(Illuminate/Http/Request))
#57 C:/laragon/www/APK_POS2/public/index.php(20): Illuminate/Foundation/Application->handleRequest(Object(Illuminate/Http/Request))
#58 C:/laragon/www/APK_POS2/vendor/laravel/framework/src/Illuminate/Foundation/resources/server.php(23): require_once('C://laragon//www//...')
#59 {main}

[previous exception] [object] (ErrorException(code: 0): Undefined variable $penjualan at C:/laragon/www/APK_POS2/storage/framework/views/304c161585f63d667a9c2c20e2307300.php:71)
[stacktrace]
#0 C:/laragon/www/APK_POS2/vendor/laravel/framework/src/Illuminate/Foundation/Bootstrap/HandleExceptions.php(262): Illuminate/Foundation/Bootstrap/HandleExceptions->handleError(2, 'Undefined varia...', 'C://laragon//www//...', 71)
#1 C:/laragon/www/APK_POS2/storage/framework/views/304c161585f63d667a9c2c20e2307300.php(71): Illuminate/Foundation/Bootstrap/HandleExceptions->{closure:Illuminate/Foundation/Bootstrap/HandleExceptions::forwardsTo():261}(2, 'Undefined varia...', 'C://laragon//www//...', 71)
#2 C:/laragon/www/APK_POS2/vendor/laravel/framework/src/Illuminate/Filesystem/Filesystem.php(123): require('C://laragon//www//...')
#3 C:/laragon/www/APK_POS2/vendor/laravel/framework/src/Illuminate/Filesystem/Filesystem.php(124): Illuminate/Filesystem/Filesystem::{closure:Illuminate/Filesystem/Filesystem::getRequire():120}()
#4 C:/laragon/www/APK_POS2/vendor/laravel/framework/src/Illuminate/View/Engines/PhpEngine.php(57): Illuminate/Filesystem/Filesystem->getRequire('C://laragon//www//...', Array)
#5 C:/laragon/www/APK_POS2/vendor/laravel/framework/src/Illuminate/View/Engines/CompilerEngine.php(76): Illuminate/View/Engines/PhpEngine->evaluatePath('C://laragon//www//...', Array)
#6 C:/laragon/www/APK_POS2/vendor/laravel/framework/src/Illuminate/View/View.php(208): Illuminate/View/Engines/CompilerEngine->get('C://laragon//www//...', Array)
#7 C:/laragon/www/APK_POS2/vendor/laravel/framework/src/Illuminate/View/View.php(191): Illuminate/View/View->getContents()
#8 C:/laragon/www/APK_POS2/vendor/laravel/framework/src/Illuminate/View/View.php(160): Illuminate/View/View->renderContents()
#9 C:/laragon/www/APK_POS2/vendor/laravel/framework/src/Illuminate/Http/Response.php(78): Illuminate/View/View->render()
#10 C:/laragon/www/APK_POS2/vendor/laravel/framework/src/Illuminate/Http/Response.php(34): Illuminate/Http/Response->setContent(Object(Illuminate/View/View))
#11 C:/laragon/www/APK_POS2/vendor/laravel/framework/src/Illuminate/Routing/Router.php(939): Illuminate/Http/Response->__construct(Object(Illuminate/View/View), 200, Array)
#12 C:/laragon/www/APK_POS2/vendor/laravel/framework/src/Illuminate/Routing/Router.php(906): Illuminate/Routing/Router::toResponse(Object(Illuminate/Http/Request), Object(Illuminate/View/View))
#13 C:/laragon/www/APK_POS2/vendor/laravel/framework/src/Illuminate/Routing/Router.php(821): Illuminate/Routing/Router->prepareResponse(Object(Illuminate/Http/Request), Object(Illuminate/View/View))
#14 C:/laragon/www/APK_POS2/vendor/laravel/framework/src/Illuminate/Pipeline/Pipeline.php(180): Illuminate/Routing/Router->{closure:Illuminate/Routing/Router::runRouteWithinStack():821}(Object(Illuminate/Http/Request))
#15 C:/laragon/www/APK_POS2/app/Http/Middleware/RoleMiddleware.php(27): Illuminate/Pipeline/Pipeline->{closure:Illuminate/Pipeline/Pipeline::prepareDestination():178}(Object(Illuminate/Http/Request))
#16 C:/laragon/www/APK_POS2/vendor/laravel/framework/src/Illuminate/Pipeline/Pipeline.php(219): App/Http/Middleware/RoleMiddleware->handle(Object(Illuminate/Http/Request), Object(Closure), 'admin', 'kasir')
#17 C:/laragon/www/APK_POS2/vendor/laravel/framework/src/Illuminate/Routing/Middleware/SubstituteBindings.php(50): Illuminate/Pipeline/Pipeline->{closure:{closure:Illuminate/Pipeline/Pipeline::carry():194}:195}(Object(Illuminate/Http/Request))
#18 C:/laragon/www/APK_POS2/vendor/laravel/framework/src/Illuminate/Pipeline/Pipeline.php(219): Illuminate/Routing/Middleware/SubstituteBindings->handle(Object(Illuminate/Http/Request), Object(Closure))
#19 C:/laragon/www/APK_POS2/vendor/laravel/framework/src/Illuminate/Auth/Middleware/Authenticate.php(63): Illuminate/Pipeline/Pipeline->{closure:{closure:Illuminate/Pipeline/Pipeline::carry():194}:195}(Object(Illuminate/Http/Request))
#20 C:/laragon/www/APK_POS2/vendor/laravel/framework/src/Illuminate/Pipeline/Pipeline.php(219): Illuminate/Auth/Middleware/Authenticate->handle(Object(Illuminate/Http/Request), Object(Closure))
#21 C:/laragon/www/APK_POS2/vendor/laravel/framework/src/Illuminate/Foundation/Http/Middleware/VerifyCsrfToken.php(87): Illuminate/Pipeline/Pipeline->{closure:{closure:Illuminate/Pipeline/Pipeline::carry():194}:195}(Object(Illuminate/Http/Request))
#22 C:/laragon/www/APK_POS2/vendor/laravel/framework/src/Illuminate/Pipeline/Pipeline.php(219): Illuminate/Foundation/Http/Middleware/VerifyCsrfToken->handle(Object(Illuminate/Http/Request), Object(Closure))
#23 C:/laragon/www/APK_POS2/vendor/laravel/framework/src/Illuminate/View/Middleware/ShareErrorsFromSession.php(48): Illuminate/Pipeline/Pipeline->{closure:{closure:Illuminate/Pipeline/Pipeline::carry():194}:195}(Object(Illuminate/Http/Request))
#24 C:/laragon/www/APK_POS2/vendor/laravel/framework/src/Illuminate/Pipeline/Pipeline.php(219): Illuminate/View/Middleware/ShareErrorsFromSession->handle(Object(Illuminate/Http/Request), Object(Closure))
#25 C:/laragon/www/APK_POS2/vendor/laravel/framework/src/Illuminate/Session/Middleware/StartSession.php(120): Illuminate/Pipeline/Pipeline->{closure:{closure:Illuminate/Pipeline/Pipeline::carry():194}:195}(Object(Illuminate/Http/Request))
#26 C:/laragon/www/APK_POS2/vendor/laravel/framework/src/Illuminate/Session/Middleware/StartSession.php(63): Illuminate/Session/Middleware/StartSession->handleStatefulRequest(Object(Illuminate/Http/Request), Object(Illuminate/Session/Store), Object(Closure))
#27 C:/laragon/www/APK_POS2/vendor/laravel/framework/src/Illuminate/Pipeline/Pipeline.php(219): Illuminate/Session/Middleware/StartSession->handle(Object(Illuminate/Http/Request), Object(Closure))
#28 C:/laragon/www/APK_POS2/vendor/laravel/framework/src/Illuminate/Cookie/Middleware/AddQueuedCookiesToResponse.php(36): Illuminate/Pipeline/Pipeline->{closure:{closure:Illuminate/Pipeline/Pipeline::carry():194}:195}(Object(Illuminate/Http/Request))
#29 C:/laragon/www/APK_POS2/vendor/laravel/framework/src/Illuminate/Pipeline/Pipeline.php(219): Illuminate/Cookie/Middleware/AddQueuedCookiesToResponse->handle(Object(Illuminate/Http/Request), Object(Closure))
#30 C:/laragon/www/APK_POS2/vendor/laravel/framework/src/Illuminate/Cookie/Middleware/EncryptCookies.php(74): Illuminate/Pipeline/Pipeline->{closure:{closure:Illuminate/Pipeline/Pipeline::carry():194}:195}(Object(Illuminate/Http/Request))
#31 C:/laragon/www/APK_POS2/vendor/laravel/framework/src/Illuminate/Pipeline/Pipeline.php(219): Illuminate/Cookie/Middleware/EncryptCookies->handle(Object(Illuminate/Http/Request), Object(Closure))
#32 C:/laragon/www/APK_POS2/vendor/laravel/framework/src/Illuminate/Pipeline/Pipeline.php(137): Illuminate/Pipeline/Pipeline->{closure:{closure:Illuminate/Pipeline/Pipeline::carry():194}:195}(Object(Illuminate/Http/Request))
#33 C:/laragon/www/APK_POS2/vendor/laravel/framework/src/Illuminate/Routing/Router.php(821): Illuminate/Pipeline/Pipeline->then(Object(Closure))
#34 C:/laragon/www/APK_POS2/vendor/laravel/framework/src/Illuminate/Routing/Router.php(800): Illuminate/Routing/Router->runRouteWithinStack(Object(Illuminate/Routing/Route), Object(Illuminate/Http/Request))
#35 C:/laragon/www/APK_POS2/vendor/laravel/framework/src/Illuminate/Routing/Router.php(764): Illuminate/Routing/Router->runRoute(Object(Illuminate/Http/Request), Object(Illuminate/Routing/Route))
#36 C:/laragon/www/APK_POS2/vendor/laravel/framework/src/Illuminate/Routing/Router.php(753): Illuminate/Routing/Router->dispatchToRoute(Object(Illuminate/Http/Request))
#37 C:/laragon/www/APK_POS2/vendor/laravel/framework/src/Illuminate/Foundation/Http/Kernel.php(200): Illuminate/Routing/Router->dispatch(Object(Illuminate/Http/Request))
#38 C:/laragon/www/APK_POS2/vendor/laravel/framework/src/Illuminate/Pipeline/Pipeline.php(180): Illuminate/Foundation/Http/Kernel->{closure:Illuminate/Foundation/Http/Kernel::dispatchToRouter():197}(Object(Illuminate/Http/Request))
#39 C:/laragon/www/APK_POS2/vendor/laravel/framework/src/Illuminate/Foundation/Http/Middleware/TransformsRequest.php(21): Illuminate/Pipeline/Pipeline->{closure:Illuminate/Pipeline/Pipeline::prepareDestination():178}(Object(Illuminate/Http/Request))
#40 C:/laragon/www/APK_POS2/vendor/laravel/framework/src/Illuminate/Foundation/Http/Middleware/ConvertEmptyStringsToNull.php(31): Illuminate/Foundation/Http/Middleware/TransformsRequest->handle(Object(Illuminate/Http/Request), Object(Closure))
#41 C:/laragon/www/APK_POS2/vendor/laravel/framework/src/Illuminate/Pipeline/Pipeline.php(219): Illuminate/Foundation/Http/Middleware/ConvertEmptyStringsToNull->handle(Object(Illuminate/Http/Request), Object(Closure))
#42 C:/laragon/www/APK_POS2/vendor/laravel/framework/src/Illuminate/Foundation/Http/Middleware/TransformsRequest.php(21): Illuminate/Pipeline/Pipeline->{closure:{closure:Illuminate/Pipeline/Pipeline::carry():194}:195}(Object(Illuminate/Http/Request))
#43 C:/laragon/www/APK_POS2/vendor/laravel/framework/src/Illuminate/Foundation/Http/Middleware/TrimStrings.php(51): Illuminate/Foundation/Http/Middleware/TransformsRequest->handle(Object(Illuminate/Http/Request), Object(Closure))
#44 C:/laragon/www/APK_POS2/vendor/laravel/framework/src/Illuminate/Pipeline/Pipeline.php(219): Illuminate/Foundation/Http/Middleware/TrimStrings->handle(Object(Illuminate/Http/Request), Object(Closure))
#45 C:/laragon/www/APK_POS2/vendor/laravel/framework/src/Illuminate/Http/Middleware/ValidatePostSize.php(27): Illuminate/Pipeline/Pipeline->{closure:{closure:Illuminate/Pipeline/Pipeline::carry():194}:195}(Object(Illuminate/Http/Request))
#46 C:/laragon/www/APK_POS2/vendor/laravel/framework/src/Illuminate/Pipeline/Pipeline.php(219): Illuminate/Http/Middleware/ValidatePostSize->handle(Object(Illuminate/Http/Request), Object(Closure))
#47 C:/laragon/www/APK_POS2/vendor/laravel/framework/src/Illuminate/Foundation/Http/Middleware/PreventRequestsDuringMaintenance.php(109): Illuminate/Pipeline/Pipeline->{closure:{closure:Illuminate/Pipeline/Pipeline::carry():194}:195}(Object(Illuminate/Http/Request))
#48 C:/laragon/www/APK_POS2/vendor/laravel/framework/src/Illuminate/Pipeline/Pipeline.php(219): Illuminate/Foundation/Http/Middleware/PreventRequestsDuringMaintenance->handle(Object(Illuminate/Http/Request), Object(Closure))
#49 C:/laragon/www/APK_POS2/vendor/laravel/framework/src/Illuminate/Http/Middleware/HandleCors.php(61): Illuminate/Pipeline/Pipeline->{closure:{closure:Illuminate/Pipeline/Pipeline::carry():194}:195}(Object(Illuminate/Http/Request))
#50 C:/laragon/www/APK_POS2/vendor/laravel/framework/src/Illuminate/Pipeline/Pipeline.php(219): Illuminate/Http/Middleware/HandleCors->handle(Object(Illuminate/Http/Request), Object(Closure))
#51 C:/laragon/www/APK_POS2/vendor/laravel/framework/src/Illuminate/Http/Middleware/TrustProxies.php(58): Illuminate/Pipeline/Pipeline->{closure:{closure:Illuminate/Pipeline/Pipeline::carry():194}:195}(Object(Illuminate/Http/Request))
#52 C:/laragon/www/APK_POS2/vendor/laravel/framework/src/Illuminate/Pipeline/Pipeline.php(219): Illuminate/Http/Middleware/TrustProxies->handle(Object(Illuminate/Http/Request), Object(Closure))
#53 C:/laragon/www/APK_POS2/vendor/laravel/framework/src/Illuminate/Foundation/Http/Middleware/InvokeDeferredCallbacks.php(22): Illuminate/Pipeline/Pipeline->{closure:{closure:Illuminate/Pipeline/Pipeline::carry():194}:195}(Object(Illuminate/Http/Request))
#54 C:/laragon/www/APK_POS2/vendor/laravel/framework/src/Illuminate/Pipeline/Pipeline.php(219): Illuminate/Foundation/Http/Middleware/InvokeDeferredCallbacks->handle(Object(Illuminate/Http/Request), Object(Closure))
#55 C:/laragon/www/APK_POS2/vendor/laravel/framework/src/Illuminate/Http/Middleware/ValidatePathEncoding.php(26): Illuminate/Pipeline/Pipeline->{closure:{closure:Illuminate/Pipeline/Pipeline::carry():194}:195}(Object(Illuminate/Http/Request))
#56 C:/laragon/www/APK_POS2/vendor/laravel/framework/src/Illuminate/Pipeline/Pipeline.php(219): Illuminate/Http/Middleware/ValidatePathEncoding->handle(Object(Illuminate/Http/Request), Object(Closure))
#57 C:/laragon/www/APK_POS2/vendor/laravel/framework/src/Illuminate/Pipeline/Pipeline.php(137): Illuminate/Pipeline/Pipeline->{closure:{closure:Illuminate/Pipeline/Pipeline::carry():194}:195}(Object(Illuminate/Http/Request))
#58 C:/laragon/www/APK_POS2/vendor/laravel/framework/src/Illuminate/Foundation/Http/Kernel.php(175): Illuminate/Pipeline/Pipeline->then(Object(Closure))
#59 C:/laragon/www/APK_POS2/vendor/laravel/framework/src/Illuminate/Foundation/Http/Kernel.php(144): Illuminate/Foundation/Http/Kernel->sendRequestThroughRouter(Object(Illuminate/Http/Request))
#60 C:/laragon/www/APK_POS2/vendor/laravel/framework/src/Illuminate/Foundation/Application.php(1220): Illuminate/Foundation/Http/Kernel->handle(Object(Illuminate/Http/Request))
#61 C:/laragon/www/APK_POS2/public/index.php(20): Illuminate/Foundation/Application->handleRequest(Object(Illuminate/Http/Request))
#62 C:/laragon/www/APK_POS2/vendor/laravel/framework/src/Illuminate/Foundation/resources/server.php(23): require_once('C://laragon//www//...')
#63 {main}
"} 
[2026-08-06 06:25:00] local.ERROR: syntax error, unexpected token "endforeach", expecting "elseif" or "else" or "endif" (View: C:\laragon\www\APK_POS2\resources\views\penjualan\index.blade.php) {"userId":1,"exception":"[object] (Illuminate\\View\\ViewException(code: 0): syntax error, unexpected token \"endforeach\", expecting \"elseif\" or \"else\" or \"endif\" (View: C:\\laragon\\www\\APK_POS2\\resources\\views\\penjualan\\index.blade.php) at C:/laragon/www/APK_POS2/storage/framework/views/304c161585f63d667a9c2c20e2307300.php:97)
[stacktrace]
#0 C:/laragon/www/APK_POS2/vendor/laravel/framework/src/Illuminate/View/Engines/PhpEngine.php(59): Illuminate/View/Engines/CompilerEngine->handleViewException(Object(ParseError), 1)
#1 C:/laragon/www/APK_POS2/vendor/laravel/framework/src/Illuminate/View/Engines/CompilerEngine.php(76): Illuminate/View/Engines/PhpEngine->evaluatePath('C://laragon//www//...', Array)
#2 C:/laragon/www/APK_POS2/vendor/laravel/framework/src/Illuminate/View/View.php(208): Illuminate/View/Engines/CompilerEngine->get('C://laragon//www//...', Array)
#3 C:/laragon/www/APK_POS2/vendor/laravel/framework/src/Illuminate/View/View.php(191): Illuminate/View/View->getContents()
#4 C:/laragon/www/APK_POS2/vendor/laravel/framework/src/Illuminate/View/View.php(160): Illuminate/View/View->renderContents()
#5 C:/laragon/www/APK_POS2/vendor/laravel/framework/src/Illuminate/Http/Response.php(78): Illuminate/View/View->render()
#6 C:/laragon/www/APK_POS2/vendor/laravel/framework/src/Illuminate/Http/Response.php(34): Illuminate/Http/Response->setContent(Object(Illuminate/View/View))
#7 C:/laragon/www/APK_POS2/vendor/laravel/framework/src/Illuminate/Routing/Router.php(939): Illuminate/Http/Response->__construct(Object(Illuminate/View/View), 200, Array)
#8 C:/laragon/www/APK_POS2/vendor/laravel/framework/src/Illuminate/Routing/Router.php(906): Illuminate/Routing/Router::toResponse(Object(Illuminate/Http/Request), Object(Illuminate/View/View))
#9 C:/laragon/www/APK_POS2/vendor/laravel/framework/src/Illuminate/Routing/Router.php(821): Illuminate/Routing/Router->prepareResponse(Object(Illuminate/Http/Request), Object(Illuminate/View/View))
#10 C:/laragon/www/APK_POS2/vendor/laravel/framework/src/Illuminate/Pipeline/Pipeline.php(180): Illuminate/Routing/Router->{closure:Illuminate/Routing/Router::runRouteWithinStack():821}(Object(Illuminate/Http/Request))
#11 C:/laragon/www/APK_POS2/app/Http/Middleware/RoleMiddleware.php(27): Illuminate/Pipeline/Pipeline->{closure:Illuminate/Pipeline/Pipeline::prepareDestination():178}(Object(Illuminate/Http/Request))
#12 C:/laragon/www/APK_POS2/vendor/laravel/framework/src/Illuminate/Pipeline/Pipeline.php(219): App/Http/Middleware/RoleMiddleware->handle(Object(Illuminate/Http/Request), Object(Closure), 'admin', 'kasir')
#13 C:/laragon/www/APK_POS2/vendor/laravel/framework/src/Illuminate/Routing/Middleware/SubstituteBindings.php(50): Illuminate/Pipeline/Pipeline->{closure:{closure:Illuminate/Pipeline/Pipeline::carry():194}:195}(Object(Illuminate/Http/Request))
#14 C:/laragon/www/APK_POS2/vendor/laravel/framework/src/Illuminate/Pipeline/Pipeline.php(219): Illuminate/Routing/Middleware/SubstituteBindings->handle(Object(Illuminate/Http/Request), Object(Closure))
#15 C:/laragon/www/APK_POS2/vendor/laravel/framework/src/Illuminate/Auth/Middleware/Authenticate.php(63): Illuminate/Pipeline/Pipeline->{closure:{closure:Illuminate/Pipeline/Pipeline::carry():194}:195}(Object(Illuminate/Http/Request))
#16 C:/laragon/www/APK_POS2/vendor/laravel/framework/src/Illuminate/Pipeline/Pipeline.php(219): Illuminate/Auth/Middleware/Authenticate->handle(Object(Illuminate/Http/Request), Object(Closure))
#17 C:/laragon/www/APK_POS2/vendor/laravel/framework/src/Illuminate/Foundation/Http/Middleware/VerifyCsrfToken.php(87): Illuminate/Pipeline/Pipeline->{closure:{closure:Illuminate/Pipeline/Pipeline::carry():194}:195}(Object(Illuminate/Http/Request))
#18 C:/laragon/www/APK_POS2/vendor/laravel/framework/src/Illuminate/Pipeline/Pipeline.php(219): Illuminate/Foundation/Http/Middleware/VerifyCsrfToken->handle(Object(Illuminate/Http/Request), Object(Closure))
#19 C:/laragon/www/APK_POS2/vendor/laravel/framework/src/Illuminate/View/Middleware/ShareErrorsFromSession.php(48): Illuminate/Pipeline/Pipeline->{closure:{closure:Illuminate/Pipeline/Pipeline::carry():194}:195}(Object(Illuminate/Http/Request))
#20 C:/laragon/www/APK_POS2/vendor/laravel/framework/src/Illuminate/Pipeline/Pipeline.php(219): Illuminate/View/Middleware/ShareErrorsFromSession->handle(Object(Illuminate/Http/Request), Object(Closure))
#21 C:/laragon/www/APK_POS2/vendor/laravel/framework/src/Illuminate/Session/Middleware/StartSession.php(120): Illuminate/Pipeline/Pipeline->{closure:{closure:Illuminate/Pipeline/Pipeline::carry():194}:195}(Object(Illuminate/Http/Request))
#22 C:/laragon/www/APK_POS2/vendor/laravel/framework/src/Illuminate/Session/Middleware/StartSession.php(63): Illuminate/Session/Middleware/StartSession->handleStatefulRequest(Object(Illuminate/Http/Request), Object(Illuminate/Session/Store), Object(Closure))
#23 C:/laragon/www/APK_POS2/vendor/laravel/framework/src/Illuminate/Pipeline/Pipeline.php(219): Illuminate/Session/Middleware/StartSession->handle(Object(Illuminate/Http/Request), Object(Closure))
#24 C:/laragon/www/APK_POS2/vendor/laravel/framework/src/Illuminate/Cookie/Middleware/AddQueuedCookiesToResponse.php(36): Illuminate/Pipeline/Pipeline->{closure:{closure:Illuminate/Pipeline/Pipeline::carry():194}:195}(Object(Illuminate/Http/Request))
#25 C:/laragon/www/APK_POS2/vendor/laravel/framework/src/Illuminate/Pipeline/Pipeline.php(219): Illuminate/Cookie/Middleware/AddQueuedCookiesToResponse->handle(Object(Illuminate/Http/Request), Object(Closure))
#26 C:/laragon/www/APK_POS2/vendor/laravel/framework/src/Illuminate/Cookie/Middleware/EncryptCookies.php(74): Illuminate/Pipeline/Pipeline->{closure:{closure:Illuminate/Pipeline/Pipeline::carry():194}:195}(Object(Illuminate/Http/Request))
#27 C:/laragon/www/APK_POS2/vendor/laravel/framework/src/Illuminate/Pipeline/Pipeline.php(219): Illuminate/Cookie/Middleware/EncryptCookies->handle(Object(Illuminate/Http/Request), Object(Closure))
#28 C:/laragon/www/APK_POS2/vendor/laravel/framework/src/Illuminate/Pipeline/Pipeline.php(137): Illuminate/Pipeline/Pipeline->{closure:{closure:Illuminate/Pipeline/Pipeline::carry():194}:195}(Object(Illuminate/Http/Request))
#29 C:/laragon/www/APK_POS2/vendor/laravel/framework/src/Illuminate/Routing/Router.php(821): Illuminate/Pipeline/Pipeline->then(Object(Closure))
#30 C:/laragon/www/APK_POS2/vendor/laravel/framework/src/Illuminate/Routing/Router.php(800): Illuminate/Routing/Router->runRouteWithinStack(Object(Illuminate/Routing/Route), Object(Illuminate/Http/Request))
#31 C:/laragon/www/APK_POS2/vendor/laravel/framework/src/Illuminate/Routing/Router.php(764): Illuminate/Routing/Router->runRoute(Object(Illuminate/Http/Request), Object(Illuminate/Routing/Route))
#32 C:/laragon/www/APK_POS2/vendor/laravel/framework/src/Illuminate/Routing/Router.php(753): Illuminate/Routing/Router->dispatchToRoute(Object(Illuminate/Http/Request))
#33 C:/laragon/www/APK_POS2/vendor/laravel/framework/src/Illuminate/Foundation/Http/Kernel.php(200): Illuminate/Routing/Router->dispatch(Object(Illuminate/Http/Request))
#34 C:/laragon/www/APK_POS2/vendor/laravel/framework/src/Illuminate/Pipeline/Pipeline.php(180): Illuminate/Foundation/Http/Kernel->{closure:Illuminate/Foundation/Http/Kernel::dispatchToRouter():197}(Object(Illuminate/Http/Request))
#35 C:/laragon/www/APK_POS2/vendor/laravel/framework/src/Illuminate/Foundation/Http/Middleware/TransformsRequest.php(21): Illuminate/Pipeline/Pipeline->{closure:Illuminate/Pipeline/Pipeline::prepareDestination():178}(Object(Illuminate/Http/Request))
#36 C:/laragon/www/APK_POS2/vendor/laravel/framework/src/Illuminate/Foundation/Http/Middleware/ConvertEmptyStringsToNull.php(31): Illuminate/Foundation/Http/Middleware/TransformsRequest->handle(Object(Illuminate/Http/Request), Object(Closure))
#37 C:/laragon/www/APK_POS2/vendor/laravel/framework/src/Illuminate/Pipeline/Pipeline.php(219): Illuminate/Foundation/Http/Middleware/ConvertEmptyStringsToNull->handle(Object(Illuminate/Http/Request), Object(Closure))
#38 C:/laragon/www/APK_POS2/vendor/laravel/framework/src/Illuminate/Foundation/Http/Middleware/TransformsRequest.php(21): Illuminate/Pipeline/Pipeline->{closure:{closure:Illuminate/Pipeline/Pipeline::carry():194}:195}(Object(Illuminate/Http/Request))
#39 C:/laragon/www/APK_POS2/vendor/laravel/framework/src/Illuminate/Foundation/Http/Middleware/TrimStrings.php(51): Illuminate/Foundation/Http/Middleware/TransformsRequest->handle(Object(Illuminate/Http/Request), Object(Closure))
#40 C:/laragon/www/APK_POS2/vendor/laravel/framework/src/Illuminate/Pipeline/Pipeline.php(219): Illuminate/Foundation/Http/Middleware/TrimStrings->handle(Object(Illuminate/Http/Request), Object(Closure))
#41 C:/laragon/www/APK_POS2/vendor/laravel/framework/src/Illuminate/Http/Middleware/ValidatePostSize.php(27): Illuminate/Pipeline/Pipeline->{closure:{closure:Illuminate/Pipeline/Pipeline::carry():194}:195}(Object(Illuminate/Http/Request))
#42 C:/laragon/www/APK_POS2/vendor/laravel/framework/src/Illuminate/Pipeline/Pipeline.php(219): Illuminate/Http/Middleware/ValidatePostSize->handle(Object(Illuminate/Http/Request), Object(Closure))
#43 C:/laragon/www/APK_POS2/vendor/laravel/framework/src/Illuminate/Foundation/Http/Middleware/PreventRequestsDuringMaintenance.php(109): Illuminate/Pipeline/Pipeline->{closure:{closure:Illuminate/Pipeline/Pipeline::carry():194}:195}(Object(Illuminate/Http/Request))
#44 C:/laragon/www/APK_POS2/vendor/laravel/framework/src/Illuminate/Pipeline/Pipeline.php(219): Illuminate/Foundation/Http/Middleware/PreventRequestsDuringMaintenance->handle(Object(Illuminate/Http/Request), Object(Closure))
#45 C:/laragon/www/APK_POS2/vendor/laravel/framework/src/Illuminate/Http/Middleware/HandleCors.php(61): Illuminate/Pipeline/Pipeline->{closure:{closure:Illuminate/Pipeline/Pipeline::carry():194}:195}(Object(Illuminate/Http/Request))
#46 C:/laragon/www/APK_POS2/vendor/laravel/framework/src/Illuminate/Pipeline/Pipeline.php(219): Illuminate/Http/Middleware/HandleCors->handle(Object(Illuminate/Http/Request), Object(Closure))
#47 C:/laragon/www/APK_POS2/vendor/laravel/framework/src/Illuminate/Http/Middleware/TrustProxies.php(58): Illuminate/Pipeline/Pipeline->{closure:{closure:Illuminate/Pipeline/Pipeline::carry():194}:195}(Object(Illuminate/Http/Request))
#48 C:/laragon/www/APK_POS2/vendor/laravel/framework/src/Illuminate/Pipeline/Pipeline.php(219): Illuminate/Http/Middleware/TrustProxies->handle(Object(Illuminate/Http/Request), Object(Closure))
#49 C:/laragon/www/APK_POS2/vendor/laravel/framework/src/Illuminate/Foundation/Http/Middleware/InvokeDeferredCallbacks.php(22): Illuminate/Pipeline/Pipeline->{closure:{closure:Illuminate/Pipeline/Pipeline::carry():194}:195}(Object(Illuminate/Http/Request))
#50 C:/laragon/www/APK_POS2/vendor/laravel/framework/src/Illuminate/Pipeline/Pipeline.php(219): Illuminate/Foundation/Http/Middleware/InvokeDeferredCallbacks->handle(Object(Illuminate/Http/Request), Object(Closure))
#51 C:/laragon/www/APK_POS2/vendor/laravel/framework/src/Illuminate/Http/Middleware/ValidatePathEncoding.php(26): Illuminate/Pipeline/Pipeline->{closure:{closure:Illuminate/Pipeline/Pipeline::carry():194}:195}(Object(Illuminate/Http/Request))
#52 C:/laragon/www/APK_POS2/vendor/laravel/framework/src/Illuminate/Pipeline/Pipeline.php(219): Illuminate/Http/Middleware/ValidatePathEncoding->handle(Object(Illuminate/Http/Request), Object(Closure))
#53 C:/laragon/www/APK_POS2/vendor/laravel/framework/src/Illuminate/Pipeline/Pipeline.php(137): Illuminate/Pipeline/Pipeline->{closure:{closure:Illuminate/Pipeline/Pipeline::carry():194}:195}(Object(Illuminate/Http/Request))
#54 C:/laragon/www/APK_POS2/vendor/laravel/framework/src/Illuminate/Foundation/Http/Kernel.php(175): Illuminate/Pipeline/Pipeline->then(Object(Closure))
#55 C:/laragon/www/APK_POS2/vendor/laravel/framework/src/Illuminate/Foundation/Http/Kernel.php(144): Illuminate/Foundation/Http/Kernel->sendRequestThroughRouter(Object(Illuminate/Http/Request))
#56 C:/laragon/www/APK_POS2/vendor/laravel/framework/src/Illuminate/Foundation/Application.php(1220): Illuminate/Foundation/Http/Kernel->handle(Object(Illuminate/Http/Request))
#57 C:/laragon/www/APK_POS2/public/index.php(20): Illuminate/Foundation/Application->handleRequest(Object(Illuminate/Http/Request))
#58 C:/laragon/www/APK_POS2/vendor/laravel/framework/src/Illuminate/Foundation/resources/server.php(23): require_once('C://laragon//www//...')
#59 {main}

[previous exception] [object] (ParseError(code: 0): syntax error, unexpected token \"endforeach\", expecting \"elseif\" or \"else\" or \"endif\" at C:/laragon/www/APK_POS2/storage/framework/views/304c161585f63d667a9c2c20e2307300.php:97)
[stacktrace]
#0 C:/laragon/www/APK_POS2/vendor/laravel/framework/src/Illuminate/Filesystem/Filesystem.php(124): Illuminate/Filesystem/Filesystem::{closure:Illuminate/Filesystem/Filesystem::getRequire():120}()
#1 C:/laragon/www/APK_POS2/vendor/laravel/framework/src/Illuminate/View/Engines/PhpEngine.php(57): Illuminate/Filesystem/Filesystem->getRequire('C://laragon//www//...', Array)
#2 C:/laragon/www/APK_POS2/vendor/laravel/framework/src/Illuminate/View/Engines/CompilerEngine.php(76): Illuminate/View/Engines/PhpEngine->evaluatePath('C://laragon//www//...', Array)
#3 C:/laragon/www/APK_POS2/vendor/laravel/framework/src/Illuminate/View/View.php(208): Illuminate/View/Engines/CompilerEngine->get('C://laragon//www//...', Array)
#4 C:/laragon/www/APK_POS2/vendor/laravel/framework/src/Illuminate/View/View.php(191): Illuminate/View/View->getContents()
#5 C:/laragon/www/APK_POS2/vendor/laravel/framework/src/Illuminate/View/View.php(160): Illuminate/View/View->renderContents()
#6 C:/laragon/www/APK_POS2/vendor/laravel/framework/src/Illuminate/Http/Response.php(78): Illuminate/View/View->render()
#7 C:/laragon/www/APK_POS2/vendor/laravel/framework/src/Illuminate/Http/Response.php(34): Illuminate/Http/Response->setContent(Object(Illuminate/View/View))
#8 C:/laragon/www/APK_POS2/vendor/laravel/framework/src/Illuminate/Routing/Router.php(939): Illuminate/Http/Response->__construct(Object(Illuminate/View/View), 200, Array)
#9 C:/laragon/www/APK_POS2/vendor/laravel/framework/src/Illuminate/Routing/Router.php(906): Illuminate/Routing/Router::toResponse(Object(Illuminate/Http/Request), Object(Illuminate/View/View))
#10 C:/laragon/www/APK_POS2/vendor/laravel/framework/src/Illuminate/Routing/Router.php(821): Illuminate/Routing/Router->prepareResponse(Object(Illuminate/Http/Request), Object(Illuminate/View/View))
#11 C:/laragon/www/APK_POS2/vendor/laravel/framework/src/Illuminate/Pipeline/Pipeline.php(180): Illuminate/Routing/Router->{closure:Illuminate/Routing/Router::runRouteWithinStack():821}(Object(Illuminate/Http/Request))
#12 C:/laragon/www/APK_POS2/app/Http/Middleware/RoleMiddleware.php(27): Illuminate/Pipeline/Pipeline->{closure:Illuminate/Pipeline/Pipeline::prepareDestination():178}(Object(Illuminate/Http/Request))
#13 C:/laragon/www/APK_POS2/vendor/laravel/framework/src/Illuminate/Pipeline/Pipeline.php(219): App/Http/Middleware/RoleMiddleware->handle(Object(Illuminate/Http/Request), Object(Closure), 'admin', 'kasir')
#14 C:/laragon/www/APK_POS2/vendor/laravel/framework/src/Illuminate/Routing/Middleware/SubstituteBindings.php(50): Illuminate/Pipeline/Pipeline->{closure:{closure:Illuminate/Pipeline/Pipeline::carry():194}:195}(Object(Illuminate/Http/Request))
#15 C:/laragon/www/APK_POS2/vendor/laravel/framework/src/Illuminate/Pipeline/Pipeline.php(219): Illuminate/Routing/Middleware/SubstituteBindings->handle(Object(Illuminate/Http/Request), Object(Closure))
#16 C:/laragon/www/APK_POS2/vendor/laravel/framework/src/Illuminate/Auth/Middleware/Authenticate.php(63): Illuminate/Pipeline/Pipeline->{closure:{closure:Illuminate/Pipeline/Pipeline::carry():194}:195}(Object(Illuminate/Http/Request))
#17 C:/laragon/www/APK_POS2/vendor/laravel/framework/src/Illuminate/Pipeline/Pipeline.php(219): Illuminate/Auth/Middleware/Authenticate->handle(Object(Illuminate/Http/Request), Object(Closure))
#18 C:/laragon/www/APK_POS2/vendor/laravel/framework/src/Illuminate/Foundation/Http/Middleware/VerifyCsrfToken.php(87): Illuminate/Pipeline/Pipeline->{closure:{closure:Illuminate/Pipeline/Pipeline::carry():194}:195}(Object(Illuminate/Http/Request))
#19 C:/laragon/www/APK_POS2/vendor/laravel/framework/src/Illuminate/Pipeline/Pipeline.php(219): Illuminate/Foundation/Http/Middleware/VerifyCsrfToken->handle(Object(Illuminate/Http/Request), Object(Closure))
#20 C:/laragon/www/APK_POS2/vendor/laravel/framework/src/Illuminate/View/Middleware/ShareErrorsFromSession.php(48): Illuminate/Pipeline/Pipeline->{closure:{closure:Illuminate/Pipeline/Pipeline::carry():194}:195}(Object(Illuminate/Http/Request))
#21 C:/laragon/www/APK_POS2/vendor/laravel/framework/src/Illuminate/Pipeline/Pipeline.php(219): Illuminate/View/Middleware/ShareErrorsFromSession->handle(Object(Illuminate/Http/Request), Object(Closure))
#22 C:/laragon/www/APK_POS2/vendor/laravel/framework/src/Illuminate/Session/Middleware/StartSession.php(120): Illuminate/Pipeline/Pipeline->{closure:{closure:Illuminate/Pipeline/Pipeline::carry():194}:195}(Object(Illuminate/Http/Request))
#23 C:/laragon/www/APK_POS2/vendor/laravel/framework/src/Illuminate/Session/Middleware/StartSession.php(63): Illuminate/Session/Middleware/StartSession->handleStatefulRequest(Object(Illuminate/Http/Request), Object(Illuminate/Session/Store), Object(Closure))
#24 C:/laragon/www/APK_POS2/vendor/laravel/framework/src/Illuminate/Pipeline/Pipeline.php(219): Illuminate/Session/Middleware/StartSession->handle(Object(Illuminate/Http/Request), Object(Closure))
#25 C:/laragon/www/APK_POS2/vendor/laravel/framework/src/Illuminate/Cookie/Middleware/AddQueuedCookiesToResponse.php(36): Illuminate/Pipeline/Pipeline->{closure:{closure:Illuminate/Pipeline/Pipeline::carry():194}:195}(Object(Illuminate/Http/Request))
#26 C:/laragon/www/APK_POS2/vendor/laravel/framework/src/Illuminate/Pipeline/Pipeline.php(219): Illuminate/Cookie/Middleware/AddQueuedCookiesToResponse->handle(Object(Illuminate/Http/Request), Object(Closure))
#27 C:/laragon/www/APK_POS2/vendor/laravel/framework/src/Illuminate/Cookie/Middleware/EncryptCookies.php(74): Illuminate/Pipeline/Pipeline->{closure:{closure:Illuminate/Pipeline/Pipeline::carry():194}:195}(Object(Illuminate/Http/Request))
#28 C:/laragon/www/APK_POS2/vendor/laravel/framework/src/Illuminate/Pipeline/Pipeline.php(219): Illuminate/Cookie/Middleware/EncryptCookies->handle(Object(Illuminate/Http/Request), Object(Closure))
#29 C:/laragon/www/APK_POS2/vendor/laravel/framework/src/Illuminate/Pipeline/Pipeline.php(137): Illuminate/Pipeline/Pipeline->{closure:{closure:Illuminate/Pipeline/Pipeline::carry():194}:195}(Object(Illuminate/Http/Request))
#30 C:/laragon/www/APK_POS2/vendor/laravel/framework/src/Illuminate/Routing/Router.php(821): Illuminate/Pipeline/Pipeline->then(Object(Closure))
#31 C:/laragon/www/APK_POS2/vendor/laravel/framework/src/Illuminate/Routing/Router.php(800): Illuminate/Routing/Router->runRouteWithinStack(Object(Illuminate/Routing/Route), Object(Illuminate/Http/Request))
#32 C:/laragon/www/APK_POS2/vendor/laravel/framework/src/Illuminate/Routing/Router.php(764): Illuminate/Routing/Router->runRoute(Object(Illuminate/Http/Request), Object(Illuminate/Routing/Route))
#33 C:/laragon/www/APK_POS2/vendor/laravel/framework/src/Illuminate/Routing/Router.php(753): Illuminate/Routing/Router->dispatchToRoute(Object(Illuminate/Http/Request))
#34 C:/laragon/www/APK_POS2/vendor/laravel/framework/src/Illuminate/Foundation/Http/Kernel.php(200): Illuminate/Routing/Router->dispatch(Object(Illuminate/Http/Request))
#35 C:/laragon/www/APK_POS2/vendor/laravel/framework/src/Illuminate/Pipeline/Pipeline.php(180): Illuminate/Foundation/Http/Kernel->{closure:Illuminate/Foundation/Http/Kernel::dispatchToRouter():197}(Object(Illuminate/Http/Request))
#36 C:/laragon/www/APK_POS2/vendor/laravel/framework/src/Illuminate/Foundation/Http/Middleware/TransformsRequest.php(21): Illuminate/Pipeline/Pipeline->{closure:Illuminate/Pipeline/Pipeline::prepareDestination():178}(Object(Illuminate/Http/Request))
#37 C:/laragon/www/APK_POS2/vendor/laravel/framework/src/Illuminate/Foundation/Http/Middleware/ConvertEmptyStringsToNull.php(31): Illuminate/Foundation/Http/Middleware/TransformsRequest->handle(Object(Illuminate/Http/Request), Object(Closure))
#38 C:/laragon/www/APK_POS2/vendor/laravel/framework/src/Illuminate/Pipeline/Pipeline.php(219): Illuminate/Foundation/Http/Middleware/ConvertEmptyStringsToNull->handle(Object(Illuminate/Http/Request), Object(Closure))
#39 C:/laragon/www/APK_POS2/vendor/laravel/framework/src/Illuminate/Foundation/Http/Middleware/TransformsRequest.php(21): Illuminate/Pipeline/Pipeline->{closure:{closure:Illuminate/Pipeline/Pipeline::carry():194}:195}(Object(Illuminate/Http/Request))
#40 C:/laragon/www/APK_POS2/vendor/laravel/framework/src/Illuminate/Foundation/Http/Middleware/TrimStrings.php(51): Illuminate/Foundation/Http/Middleware/TransformsRequest->handle(Object(Illuminate/Http/Request), Object(Closure))
#41 C:/laragon/www/APK_POS2/vendor/laravel/framework/src/Illuminate/Pipeline/Pipeline.php(219): Illuminate/Foundation/Http/Middleware/TrimStrings->handle(Object(Illuminate/Http/Request), Object(Closure))
#42 C:/laragon/www/APK_POS2/vendor/laravel/framework/src/Illuminate/Http/Middleware/ValidatePostSize.php(27): Illuminate/Pipeline/Pipeline->{closure:{closure:Illuminate/Pipeline/Pipeline::carry():194}:195}(Object(Illuminate/Http/Request))
#43 C:/laragon/www/APK_POS2/vendor/laravel/framework/src/Illuminate/Pipeline/Pipeline.php(219): Illuminate/Http/Middleware/ValidatePostSize->handle(Object(Illuminate/Http/Request), Object(Closure))
#44 C:/laragon/www/APK_POS2/vendor/laravel/framework/src/Illuminate/Foundation/Http/Middleware/PreventRequestsDuringMaintenance.php(109): Illuminate/Pipeline/Pipeline->{closure:{closure:Illuminate/Pipeline/Pipeline::carry():194}:195}(Object(Illuminate/Http/Request))
#45 C:/laragon/www/APK_POS2/vendor/laravel/framework/src/Illuminate/Pipeline/Pipeline.php(219): Illuminate/Foundation/Http/Middleware/PreventRequestsDuringMaintenance->handle(Object(Illuminate/Http/Request), Object(Closure))
#46 C:/laragon/www/APK_POS2/vendor/laravel/framework/src/Illuminate/Http/Middleware/HandleCors.php(61): Illuminate/Pipeline/Pipeline->{closure:{closure:Illuminate/Pipeline/Pipeline::carry():194}:195}(Object(Illuminate/Http/Request))
#47 C:/laragon/www/APK_POS2/vendor/laravel/framework/src/Illuminate/Pipeline/Pipeline.php(219): Illuminate/Http/Middleware/HandleCors->handle(Object(Illuminate/Http/Request), Object(Closure))
#48 C:/laragon/www/APK_POS2/vendor/laravel/framework/src/Illuminate/Http/Middleware/TrustProxies.php(58): Illuminate/Pipeline/Pipeline->{closure:{closure:Illuminate/Pipeline/Pipeline::carry():194}:195}(Object(Illuminate/Http/Request))
#49 C:/laragon/www/APK_POS2/vendor/laravel/framework/src/Illuminate/Pipeline/Pipeline.php(219): Illuminate/Http/Middleware/TrustProxies->handle(Object(Illuminate/Http/Request), Object(Closure))
#50 C:/laragon/www/APK_POS2/vendor/laravel/framework/src/Illuminate/Foundation/Http/Middleware/InvokeDeferredCallbacks.php(22): Illuminate/Pipeline/Pipeline->{closure:{closure:Illuminate/Pipeline/Pipeline::carry():194}:195}(Object(Illuminate/Http/Request))
#51 C:/laragon/www/APK_POS2/vendor/laravel/framework/src/Illuminate/Pipeline/Pipeline.php(219): Illuminate/Foundation/Http/Middleware/InvokeDeferredCallbacks->handle(Object(Illuminate/Http/Request), Object(Closure))
#52 C:/laragon/www/APK_POS2/vendor/laravel/framework/src/Illuminate/Http/Middleware/ValidatePathEncoding.php(26): Illuminate/Pipeline/Pipeline->{closure:{closure:Illuminate/Pipeline/Pipeline::carry():194}:195}(Object(Illuminate/Http/Request))
#53 C:/laragon/www/APK_POS2/vendor/laravel/framework/src/Illuminate/Pipeline/Pipeline.php(219): Illuminate/Http/Middleware/ValidatePathEncoding->handle(Object(Illuminate/Http/Request), Object(Closure))
#54 C:/laragon/www/APK_POS2/vendor/laravel/framework/src/Illuminate/Pipeline/Pipeline.php(137): Illuminate/Pipeline/Pipeline->{closure:{closure:Illuminate/Pipeline/Pipeline::carry():194}:195}(Object(Illuminate/Http/Request))
#55 C:/laragon/www/APK_POS2/vendor/laravel/framework/src/Illuminate/Foundation/Http/Kernel.php(175): Illuminate/Pipeline/Pipeline->then(Object(Closure))
#56 C:/laragon/www/APK_POS2/vendor/laravel/framework/src/Illuminate/Foundation/Http/Kernel.php(144): Illuminate/Foundation/Http/Kernel->sendRequestThroughRouter(Object(Illuminate/Http/Request))
#57 C:/laragon/www/APK_POS2/vendor/laravel/framework/src/Illuminate/Foundation/Application.php(1220): Illuminate/Foundation/Http/Kernel->handle(Object(Illuminate/Http/Request))
#58 C:/laragon/www/APK_POS2/public/index.php(20): Illuminate/Foundation/Application->handleRequest(Object(Illuminate/Http/Request))
#59 C:/laragon/www/APK_POS2/vendor/laravel/framework/src/Illuminate/Foundation/resources/server.php(23): require_once('C://laragon//www//...')
#60 {main}
"} 
[2026-08-06 06:25:08] local.ERROR: syntax error, unexpected token "=" (View: C:\laragon\www\APK_POS2\resources\views\penjualan\index.blade.php) {"userId":1,"exception":"[object] (Illuminate\\View\\ViewException(code: 0): syntax error, unexpected token \"=\" (View: C:\\laragon\\www\\APK_POS2\\resources\\views\\penjualan\\index.blade.php) at C:/laragon/www/APK_POS2/storage/framework/views/304c161585f63d667a9c2c20e2307300.php:79)
[stacktrace]
#0 C:/laragon/www/APK_POS2/vendor/laravel/framework/src/Illuminate/View/Engines/PhpEngine.php(59): Illuminate/View/Engines/CompilerEngine->handleViewException(Object(ParseError), 1)
#1 C:/laragon/www/APK_POS2/vendor/laravel/framework/src/Illuminate/View/Engines/CompilerEngine.php(76): Illuminate/View/Engines/PhpEngine->evaluatePath('C://laragon//www//...', Array)
#2 C:/laragon/www/APK_POS2/vendor/laravel/framework/src/Illuminate/View/View.php(208): Illuminate/View/Engines/CompilerEngine->get('C://laragon//www//...', Array)
#3 C:/laragon/www/APK_POS2/vendor/laravel/framework/src/Illuminate/View/View.php(191): Illuminate/View/View->getContents()
#4 C:/laragon/www/APK_POS2/vendor/laravel/framework/src/Illuminate/View/View.php(160): Illuminate/View/View->renderContents()
#5 C:/laragon/www/APK_POS2/vendor/laravel/framework/src/Illuminate/Http/Response.php(78): Illuminate/View/View->render()
#6 C:/laragon/www/APK_POS2/vendor/laravel/framework/src/Illuminate/Http/Response.php(34): Illuminate/Http/Response->setContent(Object(Illuminate/View/View))
#7 C:/laragon/www/APK_POS2/vendor/laravel/framework/src/Illuminate/Routing/Router.php(939): Illuminate/Http/Response->__construct(Object(Illuminate/View/View), 200, Array)
#8 C:/laragon/www/APK_POS2/vendor/laravel/framework/src/Illuminate/Routing/Router.php(906): Illuminate/Routing/Router::toResponse(Object(Illuminate/Http/Request), Object(Illuminate/View/View))
#9 C:/laragon/www/APK_POS2/vendor/laravel/framework/src/Illuminate/Routing/Router.php(821): Illuminate/Routing/Router->prepareResponse(Object(Illuminate/Http/Request), Object(Illuminate/View/View))
#10 C:/laragon/www/APK_POS2/vendor/laravel/framework/src/Illuminate/Pipeline/Pipeline.php(180): Illuminate/Routing/Router->{closure:Illuminate/Routing/Router::runRouteWithinStack():821}(Object(Illuminate/Http/Request))
#11 C:/laragon/www/APK_POS2/app/Http/Middleware/RoleMiddleware.php(27): Illuminate/Pipeline/Pipeline->{closure:Illuminate/Pipeline/Pipeline::prepareDestination():178}(Object(Illuminate/Http/Request))
#12 C:/laragon/www/APK_POS2/vendor/laravel/framework/src/Illuminate/Pipeline/Pipeline.php(219): App/Http/Middleware/RoleMiddleware->handle(Object(Illuminate/Http/Request), Object(Closure), 'admin', 'kasir')
#13 C:/laragon/www/APK_POS2/vendor/laravel/framework/src/Illuminate/Routing/Middleware/SubstituteBindings.php(50): Illuminate/Pipeline/Pipeline->{closure:{closure:Illuminate/Pipeline/Pipeline::carry():194}:195}(Object(Illuminate/Http/Request))
#14 C:/laragon/www/APK_POS2/vendor/laravel/framework/src/Illuminate/Pipeline/Pipeline.php(219): Illuminate/Routing/Middleware/SubstituteBindings->handle(Object(Illuminate/Http/Request), Object(Closure))
#15 C:/laragon/www/APK_POS2/vendor/laravel/framework/src/Illuminate/Auth/Middleware/Authenticate.php(63): Illuminate/Pipeline/Pipeline->{closure:{closure:Illuminate/Pipeline/Pipeline::carry():194}:195}(Object(Illuminate/Http/Request))
#16 C:/laragon/www/APK_POS2/vendor/laravel/framework/src/Illuminate/Pipeline/Pipeline.php(219): Illuminate/Auth/Middleware/Authenticate->handle(Object(Illuminate/Http/Request), Object(Closure))
#17 C:/laragon/www/APK_POS2/vendor/laravel/framework/src/Illuminate/Foundation/Http/Middleware/VerifyCsrfToken.php(87): Illuminate/Pipeline/Pipeline->{closure:{closure:Illuminate/Pipeline/Pipeline::carry():194}:195}(Object(Illuminate/Http/Request))
#18 C:/laragon/www/APK_POS2/vendor/laravel/framework/src/Illuminate/Pipeline/Pipeline.php(219): Illuminate/Foundation/Http/Middleware/VerifyCsrfToken->handle(Object(Illuminate/Http/Request), Object(Closure))
#19 C:/laragon/www/APK_POS2/vendor/laravel/framework/src/Illuminate/View/Middleware/ShareErrorsFromSession.php(48): Illuminate/Pipeline/Pipeline->{closure:{closure:Illuminate/Pipeline/Pipeline::carry():194}:195}(Object(Illuminate/Http/Request))
#20 C:/laragon/www/APK_POS2/vendor/laravel/framework/src/Illuminate/Pipeline/Pipeline.php(219): Illuminate/View/Middleware/ShareErrorsFromSession->handle(Object(Illuminate/Http/Request), Object(Closure))
#21 C:/laragon/www/APK_POS2/vendor/laravel/framework/src/Illuminate/Session/Middleware/StartSession.php(120): Illuminate/Pipeline/Pipeline->{closure:{closure:Illuminate/Pipeline/Pipeline::carry():194}:195}(Object(Illuminate/Http/Request))
#22 C:/laragon/www/APK_POS2/vendor/laravel/framework/src/Illuminate/Session/Middleware/StartSession.php(63): Illuminate/Session/Middleware/StartSession->handleStatefulRequest(Object(Illuminate/Http/Request), Object(Illuminate/Session/Store), Object(Closure))
#23 C:/laragon/www/APK_POS2/vendor/laravel/framework/src/Illuminate/Pipeline/Pipeline.php(219): Illuminate/Session/Middleware/StartSession->handle(Object(Illuminate/Http/Request), Object(Closure))
#24 C:/laragon/www/APK_POS2/vendor/laravel/framework/src/Illuminate/Cookie/Middleware/AddQueuedCookiesToResponse.php(36): Illuminate/Pipeline/Pipeline->{closure:{closure:Illuminate/Pipeline/Pipeline::carry():194}:195}(Object(Illuminate/Http/Request))
#25 C:/laragon/www/APK_POS2/vendor/laravel/framework/src/Illuminate/Pipeline/Pipeline.php(219): Illuminate/Cookie/Middleware/AddQueuedCookiesToResponse->handle(Object(Illuminate/Http/Request), Object(Closure))
#26 C:/laragon/www/APK_POS2/vendor/laravel/framework/src/Illuminate/Cookie/Middleware/EncryptCookies.php(74): Illuminate/Pipeline/Pipeline->{closure:{closure:Illuminate/Pipeline/Pipeline::carry():194}:195}(Object(Illuminate/Http/Request))
#27 C:/laragon/www/APK_POS2/vendor/laravel/framework/src/Illuminate/Pipeline/Pipeline.php(219): Illuminate/Cookie/Middleware/EncryptCookies->handle(Object(Illuminate/Http/Request), Object(Closure))
#28 C:/laragon/www/APK_POS2/vendor/laravel/framework/src/Illuminate/Pipeline/Pipeline.php(137): Illuminate/Pipeline/Pipeline->{closure:{closure:Illuminate/Pipeline/Pipeline::carry():194}:195}(Object(Illuminate/Http/Request))
#29 C:/laragon/www/APK_POS2/vendor/laravel/framework/src/Illuminate/Routing/Router.php(821): Illuminate/Pipeline/Pipeline->then(Object(Closure))
#30 C:/laragon/www/APK_POS2/vendor/laravel/framework/src/Illuminate/Routing/Router.php(800): Illuminate/Routing/Router->runRouteWithinStack(Object(Illuminate/Routing/Route), Object(Illuminate/Http/Request))
#31 C:/laragon/www/APK_POS2/vendor/laravel/framework/src/Illuminate/Routing/Router.php(764): Illuminate/Routing/Router->runRoute(Object(Illuminate/Http/Request), Object(Illuminate/Routing/Route))
#32 C:/laragon/www/APK_POS2/vendor/laravel/framework/src/Illuminate/Routing/Router.php(753): Illuminate/Routing/Router->dispatchToRoute(Object(Illuminate/Http/Request))
#33 C:/laragon/www/APK_POS2/vendor/laravel/framework/src/Illuminate/Foundation/Http/Kernel.php(200): Illuminate/Routing/Router->dispatch(Object(Illuminate/Http/Request))
#34 C:/laragon/www/APK_POS2/vendor/laravel/framework/src/Illuminate/Pipeline/Pipeline.php(180): Illuminate/Foundation/Http/Kernel->{closure:Illuminate/Foundation/Http/Kernel::dispatchToRouter():197}(Object(Illuminate/Http/Request))
#35 C:/laragon/www/APK_POS2/vendor/laravel/framework/src/Illuminate/Foundation/Http/Middleware/TransformsRequest.php(21): Illuminate/Pipeline/Pipeline->{closure:Illuminate/Pipeline/Pipeline::prepareDestination():178}(Object(Illuminate/Http/Request))
#36 C:/laragon/www/APK_POS2/vendor/laravel/framework/src/Illuminate/Foundation/Http/Middleware/ConvertEmptyStringsToNull.php(31): Illuminate/Foundation/Http/Middleware/TransformsRequest->handle(Object(Illuminate/Http/Request), Object(Closure))
#37 C:/laragon/www/APK_POS2/vendor/laravel/framework/src/Illuminate/Pipeline/Pipeline.php(219): Illuminate/Foundation/Http/Middleware/ConvertEmptyStringsToNull->handle(Object(Illuminate/Http/Request), Object(Closure))
#38 C:/laragon/www/APK_POS2/vendor/laravel/framework/src/Illuminate/Foundation/Http/Middleware/TransformsRequest.php(21): Illuminate/Pipeline/Pipeline->{closure:{closure:Illuminate/Pipeline/Pipeline::carry():194}:195}(Object(Illuminate/Http/Request))
#39 C:/laragon/www/APK_POS2/vendor/laravel/framework/src/Illuminate/Foundation/Http/Middleware/TrimStrings.php(51): Illuminate/Foundation/Http/Middleware/TransformsRequest->handle(Object(Illuminate/Http/Request), Object(Closure))
#40 C:/laragon/www/APK_POS2/vendor/laravel/framework/src/Illuminate/Pipeline/Pipeline.php(219): Illuminate/Foundation/Http/Middleware/TrimStrings->handle(Object(Illuminate/Http/Request), Object(Closure))
#41 C:/laragon/www/APK_POS2/vendor/laravel/framework/src/Illuminate/Http/Middleware/ValidatePostSize.php(27): Illuminate/Pipeline/Pipeline->{closure:{closure:Illuminate/Pipeline/Pipeline::carry():194}:195}(Object(Illuminate/Http/Request))
#42 C:/laragon/www/APK_POS2/vendor/laravel/framework/src/Illuminate/Pipeline/Pipeline.php(219): Illuminate/Http/Middleware/ValidatePostSize->handle(Object(Illuminate/Http/Request), Object(Closure))
#43 C:/laragon/www/APK_POS2/vendor/laravel/framework/src/Illuminate/Foundation/Http/Middleware/PreventRequestsDuringMaintenance.php(109): Illuminate/Pipeline/Pipeline->{closure:{closure:Illuminate/Pipeline/Pipeline::carry():194}:195}(Object(Illuminate/Http/Request))
#44 C:/laragon/www/APK_POS2/vendor/laravel/framework/src/Illuminate/Pipeline/Pipeline.php(219): Illuminate/Foundation/Http/Middleware/PreventRequestsDuringMaintenance->handle(Object(Illuminate/Http/Request), Object(Closure))
#45 C:/laragon/www/APK_POS2/vendor/laravel/framework/src/Illuminate/Http/Middleware/HandleCors.php(61): Illuminate/Pipeline/Pipeline->{closure:{closure:Illuminate/Pipeline/Pipeline::carry():194}:195}(Object(Illuminate/Http/Request))
#46 C:/laragon/www/APK_POS2/vendor/laravel/framework/src/Illuminate/Pipeline/Pipeline.php(219): Illuminate/Http/Middleware/HandleCors->handle(Object(Illuminate/Http/Request), Object(Closure))
#47 C:/laragon/www/APK_POS2/vendor/laravel/framework/src/Illuminate/Http/Middleware/TrustProxies.php(58): Illuminate/Pipeline/Pipeline->{closure:{closure:Illuminate/Pipeline/Pipeline::carry():194}:195}(Object(Illuminate/Http/Request))
#48 C:/laragon/www/APK_POS2/vendor/laravel/framework/src/Illuminate/Pipeline/Pipeline.php(219): Illuminate/Http/Middleware/TrustProxies->handle(Object(Illuminate/Http/Request), Object(Closure))
#49 C:/laragon/www/APK_POS2/vendor/laravel/framework/src/Illuminate/Foundation/Http/Middleware/InvokeDeferredCallbacks.php(22): Illuminate/Pipeline/Pipeline->{closure:{closure:Illuminate/Pipeline/Pipeline::carry():194}:195}(Object(Illuminate/Http/Request))
#50 C:/laragon/www/APK_POS2/vendor/laravel/framework/src/Illuminate/Pipeline/Pipeline.php(219): Illuminate/Foundation/Http/Middleware/InvokeDeferredCallbacks->handle(Object(Illuminate/Http/Request), Object(Closure))
#51 C:/laragon/www/APK_POS2/vendor/laravel/framework/src/Illuminate/Http/Middleware/ValidatePathEncoding.php(26): Illuminate/Pipeline/Pipeline->{closure:{closure:Illuminate/Pipeline/Pipeline::carry():194}:195}(Object(Illuminate/Http/Request))
#52 C:/laragon/www/APK_POS2/vendor/laravel/framework/src/Illuminate/Pipeline/Pipeline.php(219): Illuminate/Http/Middleware/ValidatePathEncoding->handle(Object(Illuminate/Http/Request), Object(Closure))
#53 C:/laragon/www/APK_POS2/vendor/laravel/framework/src/Illuminate/Pipeline/Pipeline.php(137): Illuminate/Pipeline/Pipeline->{closure:{closure:Illuminate/Pipeline/Pipeline::carry():194}:195}(Object(Illuminate/Http/Request))
#54 C:/laragon/www/APK_POS2/vendor/laravel/framework/src/Illuminate/Foundation/Http/Kernel.php(175): Illuminate/Pipeline/Pipeline->then(Object(Closure))
#55 C:/laragon/www/APK_POS2/vendor/laravel/framework/src/Illuminate/Foundation/Http/Kernel.php(144): Illuminate/Foundation/Http/Kernel->sendRequestThroughRouter(Object(Illuminate/Http/Request))
#56 C:/laragon/www/APK_POS2/vendor/laravel/framework/src/Illuminate/Foundation/Application.php(1220): Illuminate/Foundation/Http/Kernel->handle(Object(Illuminate/Http/Request))
#57 C:/laragon/www/APK_POS2/public/index.php(20): Illuminate/Foundation/Application->handleRequest(Object(Illuminate/Http/Request))
#58 C:/laragon/www/APK_POS2/vendor/laravel/framework/src/Illuminate/Foundation/resources/server.php(23): require_once('C://laragon//www//...')
#59 {main}

[previous exception] [object] (ParseError(code: 0): syntax error, unexpected token \"=\" at C:/laragon/www/APK_POS2/storage/framework/views/304c161585f63d667a9c2c20e2307300.php:79)
[stacktrace]
#0 C:/laragon/www/APK_POS2/vendor/laravel/framework/src/Illuminate/Filesystem/Filesystem.php(124): Illuminate/Filesystem/Filesystem::{closure:Illuminate/Filesystem/Filesystem::getRequire():120}()
#1 C:/laragon/www/APK_POS2/vendor/laravel/framework/src/Illuminate/View/Engines/PhpEngine.php(57): Illuminate/Filesystem/Filesystem->getRequire('C://laragon//www//...', Array)
#2 C:/laragon/www/APK_POS2/vendor/laravel/framework/src/Illuminate/View/Engines/CompilerEngine.php(76): Illuminate/View/Engines/PhpEngine->evaluatePath('C://laragon//www//...', Array)
#3 C:/laragon/www/APK_POS2/vendor/laravel/framework/src/Illuminate/View/View.php(208): Illuminate/View/Engines/CompilerEngine->get('C://laragon//www//...', Array)
#4 C:/laragon/www/APK_POS2/vendor/laravel/framework/src/Illuminate/View/View.php(191): Illuminate/View/View->getContents()
#5 C:/laragon/www/APK_POS2/vendor/laravel/framework/src/Illuminate/View/View.php(160): Illuminate/View/View->renderContents()
#6 C:/laragon/www/APK_POS2/vendor/laravel/framework/src/Illuminate/Http/Response.php(78): Illuminate/View/View->render()
#7 C:/laragon/www/APK_POS2/vendor/laravel/framework/src/Illuminate/Http/Response.php(34): Illuminate/Http/Response->setContent(Object(Illuminate/View/View))
#8 C:/laragon/www/APK_POS2/vendor/laravel/framework/src/Illuminate/Routing/Router.php(939): Illuminate/Http/Response->__construct(Object(Illuminate/View/View), 200, Array)
#9 C:/laragon/www/APK_POS2/vendor/laravel/framework/src/Illuminate/Routing/Router.php(906): Illuminate/Routing/Router::toResponse(Object(Illuminate/Http/Request), Object(Illuminate/View/View))
#10 C:/laragon/www/APK_POS2/vendor/laravel/framework/src/Illuminate/Routing/Router.php(821): Illuminate/Routing/Router->prepareResponse(Object(Illuminate/Http/Request), Object(Illuminate/View/View))
#11 C:/laragon/www/APK_POS2/vendor/laravel/framework/src/Illuminate/Pipeline/Pipeline.php(180): Illuminate/Routing/Router->{closure:Illuminate/Routing/Router::runRouteWithinStack():821}(Object(Illuminate/Http/Request))
#12 C:/laragon/www/APK_POS2/app/Http/Middleware/RoleMiddleware.php(27): Illuminate/Pipeline/Pipeline->{closure:Illuminate/Pipeline/Pipeline::prepareDestination():178}(Object(Illuminate/Http/Request))
#13 C:/laragon/www/APK_POS2/vendor/laravel/framework/src/Illuminate/Pipeline/Pipeline.php(219): App/Http/Middleware/RoleMiddleware->handle(Object(Illuminate/Http/Request), Object(Closure), 'admin', 'kasir')
#14 C:/laragon/www/APK_POS2/vendor/laravel/framework/src/Illuminate/Routing/Middleware/SubstituteBindings.php(50): Illuminate/Pipeline/Pipeline->{closure:{closure:Illuminate/Pipeline/Pipeline::carry():194}:195}(Object(Illuminate/Http/Request))
#15 C:/laragon/www/APK_POS2/vendor/laravel/framework/src/Illuminate/Pipeline/Pipeline.php(219): Illuminate/Routing/Middleware/SubstituteBindings->handle(Object(Illuminate/Http/Request), Object(Closure))
#16 C:/laragon/www/APK_POS2/vendor/laravel/framework/src/Illuminate/Auth/Middleware/Authenticate.php(63): Illuminate/Pipeline/Pipeline->{closure:{closure:Illuminate/Pipeline/Pipeline::carry():194}:195}(Object(Illuminate/Http/Request))
#17 C:/laragon/www/APK_POS2/vendor/laravel/framework/src/Illuminate/Pipeline/Pipeline.php(219): Illuminate/Auth/Middleware/Authenticate->handle(Object(Illuminate/Http/Request), Object(Closure))
#18 C:/laragon/www/APK_POS2/vendor/laravel/framework/src/Illuminate/Foundation/Http/Middleware/VerifyCsrfToken.php(87): Illuminate/Pipeline/Pipeline->{closure:{closure:Illuminate/Pipeline/Pipeline::carry():194}:195}(Object(Illuminate/Http/Request))
#19 C:/laragon/www/APK_POS2/vendor/laravel/framework/src/Illuminate/Pipeline/Pipeline.php(219): Illuminate/Foundation/Http/Middleware/VerifyCsrfToken->handle(Object(Illuminate/Http/Request), Object(Closure))
#20 C:/laragon/www/APK_POS2/vendor/laravel/framework/src/Illuminate/View/Middleware/ShareErrorsFromSession.php(48): Illuminate/Pipeline/Pipeline->{closure:{closure:Illuminate/Pipeline/Pipeline::carry():194}:195}(Object(Illuminate/Http/Request))
#21 C:/laragon/www/APK_POS2/vendor/laravel/framework/src/Illuminate/Pipeline/Pipeline.php(219): Illuminate/View/Middleware/ShareErrorsFromSession->handle(Object(Illuminate/Http/Request), Object(Closure))
#22 C:/laragon/www/APK_POS2/vendor/laravel/framework/src/Illuminate/Session/Middleware/StartSession.php(120): Illuminate/Pipeline/Pipeline->{closure:{closure:Illuminate/Pipeline/Pipeline::carry():194}:195}(Object(Illuminate/Http/Request))
#23 C:/laragon/www/APK_POS2/vendor/laravel/framework/src/Illuminate/Session/Middleware/StartSession.php(63): Illuminate/Session/Middleware/StartSession->handleStatefulRequest(Object(Illuminate/Http/Request), Object(Illuminate/Session/Store), Object(Closure))
#24 C:/laragon/www/APK_POS2/vendor/laravel/framework/src/Illuminate/Pipeline/Pipeline.php(219): Illuminate/Session/Middleware/StartSession->handle(Object(Illuminate/Http/Request), Object(Closure))
#25 C:/laragon/www/APK_POS2/vendor/laravel/framework/src/Illuminate/Cookie/Middleware/AddQueuedCookiesToResponse.php(36): Illuminate/Pipeline/Pipeline->{closure:{closure:Illuminate/Pipeline/Pipeline::carry():194}:195}(Object(Illuminate/Http/Request))
#26 C:/laragon/www/APK_POS2/vendor/laravel/framework/src/Illuminate/Pipeline/Pipeline.php(219): Illuminate/Cookie/Middleware/AddQueuedCookiesToResponse->handle(Object(Illuminate/Http/Request), Object(Closure))
#27 C:/laragon/www/APK_POS2/vendor/laravel/framework/src/Illuminate/Cookie/Middleware/EncryptCookies.php(74): Illuminate/Pipeline/Pipeline->{closure:{closure:Illuminate/Pipeline/Pipeline::carry():194}:195}(Object(Illuminate/Http/Request))
#28 C:/laragon/www/APK_POS2/vendor/laravel/framework/src/Illuminate/Pipeline/Pipeline.php(219): Illuminate/Cookie/Middleware/EncryptCookies->handle(Object(Illuminate/Http/Request), Object(Closure))
#29 C:/laragon/www/APK_POS2/vendor/laravel/framework/src/Illuminate/Pipeline/Pipeline.php(137): Illuminate/Pipeline/Pipeline->{closure:{closure:Illuminate/Pipeline/Pipeline::carry():194}:195}(Object(Illuminate/Http/Request))
#30 C:/laragon/www/APK_POS2/vendor/laravel/framework/src/Illuminate/Routing/Router.php(821): Illuminate/Pipeline/Pipeline->then(Object(Closure))
#31 C:/laragon/www/APK_POS2/vendor/laravel/framework/src/Illuminate/Routing/Router.php(800): Illuminate/Routing/Router->runRouteWithinStack(Object(Illuminate/Routing/Route), Object(Illuminate/Http/Request))
#32 C:/laragon/www/APK_POS2/vendor/laravel/framework/src/Illuminate/Routing/Router.php(764): Illuminate/Routing/Router->runRoute(Object(Illuminate/Http/Request), Object(Illuminate/Routing/Route))
#33 C:/laragon/www/APK_POS2/vendor/laravel/framework/src/Illuminate/Routing/Router.php(753): Illuminate/Routing/Router->dispatchToRoute(Object(Illuminate/Http/Request))
#34 C:/laragon/www/APK_POS2/vendor/laravel/framework/src/Illuminate/Foundation/Http/Kernel.php(200): Illuminate/Routing/Router->dispatch(Object(Illuminate/Http/Request))
#35 C:/laragon/www/APK_POS2/vendor/laravel/framework/src/Illuminate/Pipeline/Pipeline.php(180): Illuminate/Foundation/Http/Kernel->{closure:Illuminate/Foundation/Http/Kernel::dispatchToRouter():197}(Object(Illuminate/Http/Request))
#36 C:/laragon/www/APK_POS2/vendor/laravel/framework/src/Illuminate/Foundation/Http/Middleware/TransformsRequest.php(21): Illuminate/Pipeline/Pipeline->{closure:Illuminate/Pipeline/Pipeline::prepareDestination():178}(Object(Illuminate/Http/Request))
#37 C:/laragon/www/APK_POS2/vendor/laravel/framework/src/Illuminate/Foundation/Http/Middleware/ConvertEmptyStringsToNull.php(31): Illuminate/Foundation/Http/Middleware/TransformsRequest->handle(Object(Illuminate/Http/Request), Object(Closure))
#38 C:/laragon/www/APK_POS2/vendor/laravel/framework/src/Illuminate/Pipeline/Pipeline.php(219): Illuminate/Foundation/Http/Middleware/ConvertEmptyStringsToNull->handle(Object(Illuminate/Http/Request), Object(Closure))
#39 C:/laragon/www/APK_POS2/vendor/laravel/framework/src/Illuminate/Foundation/Http/Middleware/TransformsRequest.php(21): Illuminate/Pipeline/Pipeline->{closure:{closure:Illuminate/Pipeline/Pipeline::carry():194}:195}(Object(Illuminate/Http/Request))
#40 C:/laragon/www/APK_POS2/vendor/laravel/framework/src/Illuminate/Foundation/Http/Middleware/TrimStrings.php(51): Illuminate/Foundation/Http/Middleware/TransformsRequest->handle(Object(Illuminate/Http/Request), Object(Closure))
#41 C:/laragon/www/APK_POS2/vendor/laravel/framework/src/Illuminate/Pipeline/Pipeline.php(219): Illuminate/Foundation/Http/Middleware/TrimStrings->handle(Object(Illuminate/Http/Request), Object(Closure))
#42 C:/laragon/www/APK_POS2/vendor/laravel/framework/src/Illuminate/Http/Middleware/ValidatePostSize.php(27): Illuminate/Pipeline/Pipeline->{closure:{closure:Illuminate/Pipeline/Pipeline::carry():194}:195}(Object(Illuminate/Http/Request))
#43 C:/laragon/www/APK_POS2/vendor/laravel/framework/src/Illuminate/Pipeline/Pipeline.php(219): Illuminate/Http/Middleware/ValidatePostSize->handle(Object(Illuminate/Http/Request), Object(Closure))
#44 C:/laragon/www/APK_POS2/vendor/laravel/framework/src/Illuminate/Foundation/Http/Middleware/PreventRequestsDuringMaintenance.php(109): Illuminate/Pipeline/Pipeline->{closure:{closure:Illuminate/Pipeline/Pipeline::carry():194}:195}(Object(Illuminate/Http/Request))
#45 C:/laragon/www/APK_POS2/vendor/laravel/framework/src/Illuminate/Pipeline/Pipeline.php(219): Illuminate/Foundation/Http/Middleware/PreventRequestsDuringMaintenance->handle(Object(Illuminate/Http/Request), Object(Closure))
#46 C:/laragon/www/APK_POS2/vendor/laravel/framework/src/Illuminate/Http/Middleware/HandleCors.php(61): Illuminate/Pipeline/Pipeline->{closure:{closure:Illuminate/Pipeline/Pipeline::carry():194}:195}(Object(Illuminate/Http/Request))
#47 C:/laragon/www/APK_POS2/vendor/laravel/framework/src/Illuminate/Pipeline/Pipeline.php(219): Illuminate/Http/Middleware/HandleCors->handle(Object(Illuminate/Http/Request), Object(Closure))
#48 C:/laragon/www/APK_POS2/vendor/laravel/framework/src/Illuminate/Http/Middleware/TrustProxies.php(58): Illuminate/Pipeline/Pipeline->{closure:{closure:Illuminate/Pipeline/Pipeline::carry():194}:195}(Object(Illuminate/Http/Request))
#49 C:/laragon/www/APK_POS2/vendor/laravel/framework/src/Illuminate/Pipeline/Pipeline.php(219): Illuminate/Http/Middleware/TrustProxies->handle(Object(Illuminate/Http/Request), Object(Closure))
#50 C:/laragon/www/APK_POS2/vendor/laravel/framework/src/Illuminate/Foundation/Http/Middleware/InvokeDeferredCallbacks.php(22): Illuminate/Pipeline/Pipeline->{closure:{closure:Illuminate/Pipeline/Pipeline::carry():194}:195}(Object(Illuminate/Http/Request))
#51 C:/laragon/www/APK_POS2/vendor/laravel/framework/src/Illuminate/Pipeline/Pipeline.php(219): Illuminate/Foundation/Http/Middleware/InvokeDeferredCallbacks->handle(Object(Illuminate/Http/Request), Object(Closure))
#52 C:/laragon/www/APK_POS2/vendor/laravel/framework/src/Illuminate/Http/Middleware/ValidatePathEncoding.php(26): Illuminate/Pipeline/Pipeline->{closure:{closure:Illuminate/Pipeline/Pipeline::carry():194}:195}(Object(Illuminate/Http/Request))
#53 C:/laragon/www/APK_POS2/vendor/laravel/framework/src/Illuminate/Pipeline/Pipeline.php(219): Illuminate/Http/Middleware/ValidatePathEncoding->handle(Object(Illuminate/Http/Request), Object(Closure))
#54 C:/laragon/www/APK_POS2/vendor/laravel/framework/src/Illuminate/Pipeline/Pipeline.php(137): Illuminate/Pipeline/Pipeline->{closure:{closure:Illuminate/Pipeline/Pipeline::carry():194}:195}(Object(Illuminate/Http/Request))
#55 C:/laragon/www/APK_POS2/vendor/laravel/framework/src/Illuminate/Foundation/Http/Kernel.php(175): Illuminate/Pipeline/Pipeline->then(Object(Closure))
#56 C:/laragon/www/APK_POS2/vendor/laravel/framework/src/Illuminate/Foundation/Http/Kernel.php(144): Illuminate/Foundation/Http/Kernel->sendRequestThroughRouter(Object(Illuminate/Http/Request))
#57 C:/laragon/www/APK_POS2/vendor/laravel/framework/src/Illuminate/Foundation/Application.php(1220): Illuminate/Foundation/Http/Kernel->handle(Object(Illuminate/Http/Request))
#58 C:/laragon/www/APK_POS2/public/index.php(20): Illuminate/Foundation/Application->handleRequest(Object(Illuminate/Http/Request))
#59 C:/laragon/www/APK_POS2/vendor/laravel/framework/src/Illuminate/Foundation/resources/server.php(23): require_once('C://laragon//www//...')
#60 {main}
"} 
[2026-08-06 06:25:17] local.ERROR: syntax error, unexpected token "=" (View: C:\laragon\www\APK_POS2\resources\views\penjualan\index.blade.php) {"userId":1,"exception":"[object] (Illuminate\\View\\ViewException(code: 0): syntax error, unexpected token \"=\" (View: C:\\laragon\\www\\APK_POS2\\resources\\views\\penjualan\\index.blade.php) at C:/laragon/www/APK_POS2/storage/framework/views/304c161585f63d667a9c2c20e2307300.php:79)
[stacktrace]
#0 C:/laragon/www/APK_POS2/vendor/laravel/framework/src/Illuminate/View/Engines/PhpEngine.php(59): Illuminate/View/Engines/CompilerEngine->handleViewException(Object(ParseError), 1)
#1 C:/laragon/www/APK_POS2/vendor/laravel/framework/src/Illuminate/View/Engines/CompilerEngine.php(76): Illuminate/View/Engines/PhpEngine->evaluatePath('C://laragon//www//...', Array)
#2 C:/laragon/www/APK_POS2/vendor/laravel/framework/src/Illuminate/View/View.php(208): Illuminate/View/Engines/CompilerEngine->get('C://laragon//www//...', Array)
#3 C:/laragon/www/APK_POS2/vendor/laravel/framework/src/Illuminate/View/View.php(191): Illuminate/View/View->getContents()
#4 C:/laragon/www/APK_POS2/vendor/laravel/framework/src/Illuminate/View/View.php(160): Illuminate/View/View->renderContents()
#5 C:/laragon/www/APK_POS2/vendor/laravel/framework/src/Illuminate/Http/Response.php(78): Illuminate/View/View->render()
#6 C:/laragon/www/APK_POS2/vendor/laravel/framework/src/Illuminate/Http/Response.php(34): Illuminate/Http/Response->setContent(Object(Illuminate/View/View))
#7 C:/laragon/www/APK_POS2/vendor/laravel/framework/src/Illuminate/Routing/Router.php(939): Illuminate/Http/Response->__construct(Object(Illuminate/View/View), 200, Array)
#8 C:/laragon/www/APK_POS2/vendor/laravel/framework/src/Illuminate/Routing/Router.php(906): Illuminate/Routing/Router::toResponse(Object(Illuminate/Http/Request), Object(Illuminate/View/View))
#9 C:/laragon/www/APK_POS2/vendor/laravel/framework/src/Illuminate/Routing/Router.php(821): Illuminate/Routing/Router->prepareResponse(Object(Illuminate/Http/Request), Object(Illuminate/View/View))
#10 C:/laragon/www/APK_POS2/vendor/laravel/framework/src/Illuminate/Pipeline/Pipeline.php(180): Illuminate/Routing/Router->{closure:Illuminate/Routing/Router::runRouteWithinStack():821}(Object(Illuminate/Http/Request))
#11 C:/laragon/www/APK_POS2/app/Http/Middleware/RoleMiddleware.php(27): Illuminate/Pipeline/Pipeline->{closure:Illuminate/Pipeline/Pipeline::prepareDestination():178}(Object(Illuminate/Http/Request))
#12 C:/laragon/www/APK_POS2/vendor/laravel/framework/src/Illuminate/Pipeline/Pipeline.php(219): App/Http/Middleware/RoleMiddleware->handle(Object(Illuminate/Http/Request), Object(Closure), 'admin', 'kasir')
#13 C:/laragon/www/APK_POS2/vendor/laravel/framework/src/Illuminate/Routing/Middleware/SubstituteBindings.php(50): Illuminate/Pipeline/Pipeline->{closure:{closure:Illuminate/Pipeline/Pipeline::carry():194}:195}(Object(Illuminate/Http/Request))
#14 C:/laragon/www/APK_POS2/vendor/laravel/framework/src/Illuminate/Pipeline/Pipeline.php(219): Illuminate/Routing/Middleware/SubstituteBindings->handle(Object(Illuminate/Http/Request), Object(Closure))
#15 C:/laragon/www/APK_POS2/vendor/laravel/framework/src/Illuminate/Auth/Middleware/Authenticate.php(63): Illuminate/Pipeline/Pipeline->{closure:{closure:Illuminate/Pipeline/Pipeline::carry():194}:195}(Object(Illuminate/Http/Request))
#16 C:/laragon/www/APK_POS2/vendor/laravel/framework/src/Illuminate/Pipeline/Pipeline.php(219): Illuminate/Auth/Middleware/Authenticate->handle(Object(Illuminate/Http/Request), Object(Closure))
#17 C:/laragon/www/APK_POS2/vendor/laravel/framework/src/Illuminate/Foundation/Http/Middleware/VerifyCsrfToken.php(87): Illuminate/Pipeline/Pipeline->{closure:{closure:Illuminate/Pipeline/Pipeline::carry():194}:195}(Object(Illuminate/Http/Request))
#18 C:/laragon/www/APK_POS2/vendor/laravel/framework/src/Illuminate/Pipeline/Pipeline.php(219): Illuminate/Foundation/Http/Middleware/VerifyCsrfToken->handle(Object(Illuminate/Http/Request), Object(Closure))
#19 C:/laragon/www/APK_POS2/vendor/laravel/framework/src/Illuminate/View/Middleware/ShareErrorsFromSession.php(48): Illuminate/Pipeline/Pipeline->{closure:{closure:Illuminate/Pipeline/Pipeline::carry():194}:195}(Object(Illuminate/Http/Request))
#20 C:/laragon/www/APK_POS2/vendor/laravel/framework/src/Illuminate/Pipeline/Pipeline.php(219): Illuminate/View/Middleware/ShareErrorsFromSession->handle(Object(Illuminate/Http/Request), Object(Closure))
#21 C:/laragon/www/APK_POS2/vendor/laravel/framework/src/Illuminate/Session/Middleware/StartSession.php(120): Illuminate/Pipeline/Pipeline->{closure:{closure:Illuminate/Pipeline/Pipeline::carry():194}:195}(Object(Illuminate/Http/Request))
#22 C:/laragon/www/APK_POS2/vendor/laravel/framework/src/Illuminate/Session/Middleware/StartSession.php(63): Illuminate/Session/Middleware/StartSession->handleStatefulRequest(Object(Illuminate/Http/Request), Object(Illuminate/Session/Store), Object(Closure))
#23 C:/laragon/www/APK_POS2/vendor/laravel/framework/src/Illuminate/Pipeline/Pipeline.php(219): Illuminate/Session/Middleware/StartSession->handle(Object(Illuminate/Http/Request), Object(Closure))
#24 C:/laragon/www/APK_POS2/vendor/laravel/framework/src/Illuminate/Cookie/Middleware/AddQueuedCookiesToResponse.php(36): Illuminate/Pipeline/Pipeline->{closure:{closure:Illuminate/Pipeline/Pipeline::carry():194}:195}(Object(Illuminate/Http/Request))
#25 C:/laragon/www/APK_POS2/vendor/laravel/framework/src/Illuminate/Pipeline/Pipeline.php(219): Illuminate/Cookie/Middleware/AddQueuedCookiesToResponse->handle(Object(Illuminate/Http/Request), Object(Closure))
#26 C:/laragon/www/APK_POS2/vendor/laravel/framework/src/Illuminate/Cookie/Middleware/EncryptCookies.php(74): Illuminate/Pipeline/Pipeline->{closure:{closure:Illuminate/Pipeline/Pipeline::carry():194}:195}(Object(Illuminate/Http/Request))
#27 C:/laragon/www/APK_POS2/vendor/laravel/framework/src/Illuminate/Pipeline/Pipeline.php(219): Illuminate/Cookie/Middleware/EncryptCookies->handle(Object(Illuminate/Http/Request), Object(Closure))
#28 C:/laragon/www/APK_POS2/vendor/laravel/framework/src/Illuminate/Pipeline/Pipeline.php(137): Illuminate/Pipeline/Pipeline->{closure:{closure:Illuminate/Pipeline/Pipeline::carry():194}:195}(Object(Illuminate/Http/Request))
#29 C:/laragon/www/APK_POS2/vendor/laravel/framework/src/Illuminate/Routing/Router.php(821): Illuminate/Pipeline/Pipeline->then(Object(Closure))
#30 C:/laragon/www/APK_POS2/vendor/laravel/framework/src/Illuminate/Routing/Router.php(800): Illuminate/Routing/Router->runRouteWithinStack(Object(Illuminate/Routing/Route), Object(Illuminate/Http/Request))
#31 C:/laragon/www/APK_POS2/vendor/laravel/framework/src/Illuminate/Routing/Router.php(764): Illuminate/Routing/Router->runRoute(Object(Illuminate/Http/Request), Object(Illuminate/Routing/Route))
#32 C:/laragon/www/APK_POS2/vendor/laravel/framework/src/Illuminate/Routing/Router.php(753): Illuminate/Routing/Router->dispatchToRoute(Object(Illuminate/Http/Request))
#33 C:/laragon/www/APK_POS2/vendor/laravel/framework/src/Illuminate/Foundation/Http/Kernel.php(200): Illuminate/Routing/Router->dispatch(Object(Illuminate/Http/Request))
#34 C:/laragon/www/APK_POS2/vendor/laravel/framework/src/Illuminate/Pipeline/Pipeline.php(180): Illuminate/Foundation/Http/Kernel->{closure:Illuminate/Foundation/Http/Kernel::dispatchToRouter():197}(Object(Illuminate/Http/Request))
#35 C:/laragon/www/APK_POS2/vendor/laravel/framework/src/Illuminate/Foundation/Http/Middleware/TransformsRequest.php(21): Illuminate/Pipeline/Pipeline->{closure:Illuminate/Pipeline/Pipeline::prepareDestination():178}(Object(Illuminate/Http/Request))
#36 C:/laragon/www/APK_POS2/vendor/laravel/framework/src/Illuminate/Foundation/Http/Middleware/ConvertEmptyStringsToNull.php(31): Illuminate/Foundation/Http/Middleware/TransformsRequest->handle(Object(Illuminate/Http/Request), Object(Closure))
#37 C:/laragon/www/APK_POS2/vendor/laravel/framework/src/Illuminate/Pipeline/Pipeline.php(219): Illuminate/Foundation/Http/Middleware/ConvertEmptyStringsToNull->handle(Object(Illuminate/Http/Request), Object(Closure))
#38 C:/laragon/www/APK_POS2/vendor/laravel/framework/src/Illuminate/Foundation/Http/Middleware/TransformsRequest.php(21): Illuminate/Pipeline/Pipeline->{closure:{closure:Illuminate/Pipeline/Pipeline::carry():194}:195}(Object(Illuminate/Http/Request))
#39 C:/laragon/www/APK_POS2/vendor/laravel/framework/src/Illuminate/Foundation/Http/Middleware/TrimStrings.php(51): Illuminate/Foundation/Http/Middleware/TransformsRequest->handle(Object(Illuminate/Http/Request), Object(Closure))
#40 C:/laragon/www/APK_POS2/vendor/laravel/framework/src/Illuminate/Pipeline/Pipeline.php(219): Illuminate/Foundation/Http/Middleware/TrimStrings->handle(Object(Illuminate/Http/Request), Object(Closure))
#41 C:/laragon/www/APK_POS2/vendor/laravel/framework/src/Illuminate/Http/Middleware/ValidatePostSize.php(27): Illuminate/Pipeline/Pipeline->{closure:{closure:Illuminate/Pipeline/Pipeline::carry():194}:195}(Object(Illuminate/Http/Request))
#42 C:/laragon/www/APK_POS2/vendor/laravel/framework/src/Illuminate/Pipeline/Pipeline.php(219): Illuminate/Http/Middleware/ValidatePostSize->handle(Object(Illuminate/Http/Request), Object(Closure))
#43 C:/laragon/www/APK_POS2/vendor/laravel/framework/src/Illuminate/Foundation/Http/Middleware/PreventRequestsDuringMaintenance.php(109): Illuminate/Pipeline/Pipeline->{closure:{closure:Illuminate/Pipeline/Pipeline::carry():194}:195}(Object(Illuminate/Http/Request))
#44 C:/laragon/www/APK_POS2/vendor/laravel/framework/src/Illuminate/Pipeline/Pipeline.php(219): Illuminate/Foundation/Http/Middleware/PreventRequestsDuringMaintenance->handle(Object(Illuminate/Http/Request), Object(Closure))
#45 C:/laragon/www/APK_POS2/vendor/laravel/framework/src/Illuminate/Http/Middleware/HandleCors.php(61): Illuminate/Pipeline/Pipeline->{closure:{closure:Illuminate/Pipeline/Pipeline::carry():194}:195}(Object(Illuminate/Http/Request))
#46 C:/laragon/www/APK_POS2/vendor/laravel/framework/src/Illuminate/Pipeline/Pipeline.php(219): Illuminate/Http/Middleware/HandleCors->handle(Object(Illuminate/Http/Request), Object(Closure))
#47 C:/laragon/www/APK_POS2/vendor/laravel/framework/src/Illuminate/Http/Middleware/TrustProxies.php(58): Illuminate/Pipeline/Pipeline->{closure:{closure:Illuminate/Pipeline/Pipeline::carry():194}:195}(Object(Illuminate/Http/Request))
#48 C:/laragon/www/APK_POS2/vendor/laravel/framework/src/Illuminate/Pipeline/Pipeline.php(219): Illuminate/Http/Middleware/TrustProxies->handle(Object(Illuminate/Http/Request), Object(Closure))
#49 C:/laragon/www/APK_POS2/vendor/laravel/framework/src/Illuminate/Foundation/Http/Middleware/InvokeDeferredCallbacks.php(22): Illuminate/Pipeline/Pipeline->{closure:{closure:Illuminate/Pipeline/Pipeline::carry():194}:195}(Object(Illuminate/Http/Request))
#50 C:/laragon/www/APK_POS2/vendor/laravel/framework/src/Illuminate/Pipeline/Pipeline.php(219): Illuminate/Foundation/Http/Middleware/InvokeDeferredCallbacks->handle(Object(Illuminate/Http/Request), Object(Closure))
#51 C:/laragon/www/APK_POS2/vendor/laravel/framework/src/Illuminate/Http/Middleware/ValidatePathEncoding.php(26): Illuminate/Pipeline/Pipeline->{closure:{closure:Illuminate/Pipeline/Pipeline::carry():194}:195}(Object(Illuminate/Http/Request))
#52 C:/laragon/www/APK_POS2/vendor/laravel/framework/src/Illuminate/Pipeline/Pipeline.php(219): Illuminate/Http/Middleware/ValidatePathEncoding->handle(Object(Illuminate/Http/Request), Object(Closure))
#53 C:/laragon/www/APK_POS2/vendor/laravel/framework/src/Illuminate/Pipeline/Pipeline.php(137): Illuminate/Pipeline/Pipeline->{closure:{closure:Illuminate/Pipeline/Pipeline::carry():194}:195}(Object(Illuminate/Http/Request))
#54 C:/laragon/www/APK_POS2/vendor/laravel/framework/src/Illuminate/Foundation/Http/Kernel.php(175): Illuminate/Pipeline/Pipeline->then(Object(Closure))
#55 C:/laragon/www/APK_POS2/vendor/laravel/framework/src/Illuminate/Foundation/Http/Kernel.php(144): Illuminate/Foundation/Http/Kernel->sendRequestThroughRouter(Object(Illuminate/Http/Request))
#56 C:/laragon/www/APK_POS2/vendor/laravel/framework/src/Illuminate/Foundation/Application.php(1220): Illuminate/Foundation/Http/Kernel->handle(Object(Illuminate/Http/Request))
#57 C:/laragon/www/APK_POS2/public/index.php(20): Illuminate/Foundation/Application->handleRequest(Object(Illuminate/Http/Request))
#58 C:/laragon/www/APK_POS2/vendor/laravel/framework/src/Illuminate/Foundation/resources/server.php(23): require_once('C://laragon//www//...')
#59 {main}

[previous exception] [object] (ParseError(code: 0): syntax error, unexpected token \"=\" at C:/laragon/www/APK_POS2/storage/framework/views/304c161585f63d667a9c2c20e2307300.php:79)
[stacktrace]
#0 C:/laragon/www/APK_POS2/vendor/laravel/framework/src/Illuminate/Filesystem/Filesystem.php(124): Illuminate/Filesystem/Filesystem::{closure:Illuminate/Filesystem/Filesystem::getRequire():120}()
#1 C:/laragon/www/APK_POS2/vendor/laravel/framework/src/Illuminate/View/Engines/PhpEngine.php(57): Illuminate/Filesystem/Filesystem->getRequire('C://laragon//www//...', Array)
#2 C:/laragon/www/APK_POS2/vendor/laravel/framework/src/Illuminate/View/Engines/CompilerEngine.php(76): Illuminate/View/Engines/PhpEngine->evaluatePath('C://laragon//www//...', Array)
#3 C:/laragon/www/APK_POS2/vendor/laravel/framework/src/Illuminate/View/View.php(208): Illuminate/View/Engines/CompilerEngine->get('C://laragon//www//...', Array)
#4 C:/laragon/www/APK_POS2/vendor/laravel/framework/src/Illuminate/View/View.php(191): Illuminate/View/View->getContents()
#5 C:/laragon/www/APK_POS2/vendor/laravel/framework/src/Illuminate/View/View.php(160): Illuminate/View/View->renderContents()
#6 C:/laragon/www/APK_POS2/vendor/laravel/framework/src/Illuminate/Http/Response.php(78): Illuminate/View/View->render()
#7 C:/laragon/www/APK_POS2/vendor/laravel/framework/src/Illuminate/Http/Response.php(34): Illuminate/Http/Response->setContent(Object(Illuminate/View/View))
#8 C:/laragon/www/APK_POS2/vendor/laravel/framework/src/Illuminate/Routing/Router.php(939): Illuminate/Http/Response->__construct(Object(Illuminate/View/View), 200, Array)
#9 C:/laragon/www/APK_POS2/vendor/laravel/framework/src/Illuminate/Routing/Router.php(906): Illuminate/Routing/Router::toResponse(Object(Illuminate/Http/Request), Object(Illuminate/View/View))
#10 C:/laragon/www/APK_POS2/vendor/laravel/framework/src/Illuminate/Routing/Router.php(821): Illuminate/Routing/Router->prepareResponse(Object(Illuminate/Http/Request), Object(Illuminate/View/View))
#11 C:/laragon/www/APK_POS2/vendor/laravel/framework/src/Illuminate/Pipeline/Pipeline.php(180): Illuminate/Routing/Router->{closure:Illuminate/Routing/Router::runRouteWithinStack():821}(Object(Illuminate/Http/Request))
#12 C:/laragon/www/APK_POS2/app/Http/Middleware/RoleMiddleware.php(27): Illuminate/Pipeline/Pipeline->{closure:Illuminate/Pipeline/Pipeline::prepareDestination():178}(Object(Illuminate/Http/Request))
#13 C:/laragon/www/APK_POS2/vendor/laravel/framework/src/Illuminate/Pipeline/Pipeline.php(219): App/Http/Middleware/RoleMiddleware->handle(Object(Illuminate/Http/Request), Object(Closure), 'admin', 'kasir')
#14 C:/laragon/www/APK_POS2/vendor/laravel/framework/src/Illuminate/Routing/Middleware/SubstituteBindings.php(50): Illuminate/Pipeline/Pipeline->{closure:{closure:Illuminate/Pipeline/Pipeline::carry():194}:195}(Object(Illuminate/Http/Request))
#15 C:/laragon/www/APK_POS2/vendor/laravel/framework/src/Illuminate/Pipeline/Pipeline.php(219): Illuminate/Routing/Middleware/SubstituteBindings->handle(Object(Illuminate/Http/Request), Object(Closure))
#16 C:/laragon/www/APK_POS2/vendor/laravel/framework/src/Illuminate/Auth/Middleware/Authenticate.php(63): Illuminate/Pipeline/Pipeline->{closure:{closure:Illuminate/Pipeline/Pipeline::carry():194}:195}(Object(Illuminate/Http/Request))
#17 C:/laragon/www/APK_POS2/vendor/laravel/framework/src/Illuminate/Pipeline/Pipeline.php(219): Illuminate/Auth/Middleware/Authenticate->handle(Object(Illuminate/Http/Request), Object(Closure))
#18 C:/laragon/www/APK_POS2/vendor/laravel/framework/src/Illuminate/Foundation/Http/Middleware/VerifyCsrfToken.php(87): Illuminate/Pipeline/Pipeline->{closure:{closure:Illuminate/Pipeline/Pipeline::carry():194}:195}(Object(Illuminate/Http/Request))
#19 C:/laragon/www/APK_POS2/vendor/laravel/framework/src/Illuminate/Pipeline/Pipeline.php(219): Illuminate/Foundation/Http/Middleware/VerifyCsrfToken->handle(Object(Illuminate/Http/Request), Object(Closure))
#20 C:/laragon/www/APK_POS2/vendor/laravel/framework/src/Illuminate/View/Middleware/ShareErrorsFromSession.php(48): Illuminate/Pipeline/Pipeline->{closure:{closure:Illuminate/Pipeline/Pipeline::carry():194}:195}(Object(Illuminate/Http/Request))
#21 C:/laragon/www/APK_POS2/vendor/laravel/framework/src/Illuminate/Pipeline/Pipeline.php(219): Illuminate/View/Middleware/ShareErrorsFromSession->handle(Object(Illuminate/Http/Request), Object(Closure))
#22 C:/laragon/www/APK_POS2/vendor/laravel/framework/src/Illuminate/Session/Middleware/StartSession.php(120): Illuminate/Pipeline/Pipeline->{closure:{closure:Illuminate/Pipeline/Pipeline::carry():194}:195}(Object(Illuminate/Http/Request))
#23 C:/laragon/www/APK_POS2/vendor/laravel/framework/src/Illuminate/Session/Middleware/StartSession.php(63): Illuminate/Session/Middleware/StartSession->handleStatefulRequest(Object(Illuminate/Http/Request), Object(Illuminate/Session/Store), Object(Closure))
#24 C:/laragon/www/APK_POS2/vendor/laravel/framework/src/Illuminate/Pipeline/Pipeline.php(219): Illuminate/Session/Middleware/StartSession->handle(Object(Illuminate/Http/Request), Object(Closure))
#25 C:/laragon/www/APK_POS2/vendor/laravel/framework/src/Illuminate/Cookie/Middleware/AddQueuedCookiesToResponse.php(36): Illuminate/Pipeline/Pipeline->{closure:{closure:Illuminate/Pipeline/Pipeline::carry():194}:195}(Object(Illuminate/Http/Request))
#26 C:/laragon/www/APK_POS2/vendor/laravel/framework/src/Illuminate/Pipeline/Pipeline.php(219): Illuminate/Cookie/Middleware/AddQueuedCookiesToResponse->handle(Object(Illuminate/Http/Request), Object(Closure))
#27 C:/laragon/www/APK_POS2/vendor/laravel/framework/src/Illuminate/Cookie/Middleware/EncryptCookies.php(74): Illuminate/Pipeline/Pipeline->{closure:{closure:Illuminate/Pipeline/Pipeline::carry():194}:195}(Object(Illuminate/Http/Request))
#28 C:/laragon/www/APK_POS2/vendor/laravel/framework/src/Illuminate/Pipeline/Pipeline.php(219): Illuminate/Cookie/Middleware/EncryptCookies->handle(Object(Illuminate/Http/Request), Object(Closure))
#29 C:/laragon/www/APK_POS2/vendor/laravel/framework/src/Illuminate/Pipeline/Pipeline.php(137): Illuminate/Pipeline/Pipeline->{closure:{closure:Illuminate/Pipeline/Pipeline::carry():194}:195}(Object(Illuminate/Http/Request))
#30 C:/laragon/www/APK_POS2/vendor/laravel/framework/src/Illuminate/Routing/Router.php(821): Illuminate/Pipeline/Pipeline->then(Object(Closure))
#31 C:/laragon/www/APK_POS2/vendor/laravel/framework/src/Illuminate/Routing/Router.php(800): Illuminate/Routing/Router->runRouteWithinStack(Object(Illuminate/Routing/Route), Object(Illuminate/Http/Request))
#32 C:/laragon/www/APK_POS2/vendor/laravel/framework/src/Illuminate/Routing/Router.php(764): Illuminate/Routing/Router->runRoute(Object(Illuminate/Http/Request), Object(Illuminate/Routing/Route))
#33 C:/laragon/www/APK_POS2/vendor/laravel/framework/src/Illuminate/Routing/Router.php(753): Illuminate/Routing/Router->dispatchToRoute(Object(Illuminate/Http/Request))
#34 C:/laragon/www/APK_POS2/vendor/laravel/framework/src/Illuminate/Foundation/Http/Kernel.php(200): Illuminate/Routing/Router->dispatch(Object(Illuminate/Http/Request))
#35 C:/laragon/www/APK_POS2/vendor/laravel/framework/src/Illuminate/Pipeline/Pipeline.php(180): Illuminate/Foundation/Http/Kernel->{closure:Illuminate/Foundation/Http/Kernel::dispatchToRouter():197}(Object(Illuminate/Http/Request))
#36 C:/laragon/www/APK_POS2/vendor/laravel/framework/src/Illuminate/Foundation/Http/Middleware/TransformsRequest.php(21): Illuminate/Pipeline/Pipeline->{closure:Illuminate/Pipeline/Pipeline::prepareDestination():178}(Object(Illuminate/Http/Request))
#37 C:/laragon/www/APK_POS2/vendor/laravel/framework/src/Illuminate/Foundation/Http/Middleware/ConvertEmptyStringsToNull.php(31): Illuminate/Foundation/Http/Middleware/TransformsRequest->handle(Object(Illuminate/Http/Request), Object(Closure))
#38 C:/laragon/www/APK_POS2/vendor/laravel/framework/src/Illuminate/Pipeline/Pipeline.php(219): Illuminate/Foundation/Http/Middleware/ConvertEmptyStringsToNull->handle(Object(Illuminate/Http/Request), Object(Closure))
#39 C:/laragon/www/APK_POS2/vendor/laravel/framework/src/Illuminate/Foundation/Http/Middleware/TransformsRequest.php(21): Illuminate/Pipeline/Pipeline->{closure:{closure:Illuminate/Pipeline/Pipeline::carry():194}:195}(Object(Illuminate/Http/Request))
#40 C:/laragon/www/APK_POS2/vendor/laravel/framework/src/Illuminate/Foundation/Http/Middleware/TrimStrings.php(51): Illuminate/Foundation/Http/Middleware/TransformsRequest->handle(Object(Illuminate/Http/Request), Object(Closure))
#41 C:/laragon/www/APK_POS2/vendor/laravel/framework/src/Illuminate/Pipeline/Pipeline.php(219): Illuminate/Foundation/Http/Middleware/TrimStrings->handle(Object(Illuminate/Http/Request), Object(Closure))
#42 C:/laragon/www/APK_POS2/vendor/laravel/framework/src/Illuminate/Http/Middleware/ValidatePostSize.php(27): Illuminate/Pipeline/Pipeline->{closure:{closure:Illuminate/Pipeline/Pipeline::carry():194}:195}(Object(Illuminate/Http/Request))
#43 C:/laragon/www/APK_POS2/vendor/laravel/framework/src/Illuminate/Pipeline/Pipeline.php(219): Illuminate/Http/Middleware/ValidatePostSize->handle(Object(Illuminate/Http/Request), Object(Closure))
#44 C:/laragon/www/APK_POS2/vendor/laravel/framework/src/Illuminate/Foundation/Http/Middleware/PreventRequestsDuringMaintenance.php(109): Illuminate/Pipeline/Pipeline->{closure:{closure:Illuminate/Pipeline/Pipeline::carry():194}:195}(Object(Illuminate/Http/Request))
#45 C:/laragon/www/APK_POS2/vendor/laravel/framework/src/Illuminate/Pipeline/Pipeline.php(219): Illuminate/Foundation/Http/Middleware/PreventRequestsDuringMaintenance->handle(Object(Illuminate/Http/Request), Object(Closure))
#46 C:/laragon/www/APK_POS2/vendor/laravel/framework/src/Illuminate/Http/Middleware/HandleCors.php(61): Illuminate/Pipeline/Pipeline->{closure:{closure:Illuminate/Pipeline/Pipeline::carry():194}:195}(Object(Illuminate/Http/Request))
#47 C:/laragon/www/APK_POS2/vendor/laravel/framework/src/Illuminate/Pipeline/Pipeline.php(219): Illuminate/Http/Middleware/HandleCors->handle(Object(Illuminate/Http/Request), Object(Closure))
#48 C:/laragon/www/APK_POS2/vendor/laravel/framework/src/Illuminate/Http/Middleware/TrustProxies.php(58): Illuminate/Pipeline/Pipeline->{closure:{closure:Illuminate/Pipeline/Pipeline::carry():194}:195}(Object(Illuminate/Http/Request))
#49 C:/laragon/www/APK_POS2/vendor/laravel/framework/src/Illuminate/Pipeline/Pipeline.php(219): Illuminate/Http/Middleware/TrustProxies->handle(Object(Illuminate/Http/Request), Object(Closure))
#50 C:/laragon/www/APK_POS2/vendor/laravel/framework/src/Illuminate/Foundation/Http/Middleware/InvokeDeferredCallbacks.php(22): Illuminate/Pipeline/Pipeline->{closure:{closure:Illuminate/Pipeline/Pipeline::carry():194}:195}(Object(Illuminate/Http/Request))
#51 C:/laragon/www/APK_POS2/vendor/laravel/framework/src/Illuminate/Pipeline/Pipeline.php(219): Illuminate/Foundation/Http/Middleware/InvokeDeferredCallbacks->handle(Object(Illuminate/Http/Request), Object(Closure))
#52 C:/laragon/www/APK_POS2/vendor/laravel/framework/src/Illuminate/Http/Middleware/ValidatePathEncoding.php(26): Illuminate/Pipeline/Pipeline->{closure:{closure:Illuminate/Pipeline/Pipeline::carry():194}:195}(Object(Illuminate/Http/Request))
#53 C:/laragon/www/APK_POS2/vendor/laravel/framework/src/Illuminate/Pipeline/Pipeline.php(219): Illuminate/Http/Middleware/ValidatePathEncoding->handle(Object(Illuminate/Http/Request), Object(Closure))
#54 C:/laragon/www/APK_POS2/vendor/laravel/framework/src/Illuminate/Pipeline/Pipeline.php(137): Illuminate/Pipeline/Pipeline->{closure:{closure:Illuminate/Pipeline/Pipeline::carry():194}:195}(Object(Illuminate/Http/Request))
#55 C:/laragon/www/APK_POS2/vendor/laravel/framework/src/Illuminate/Foundation/Http/Kernel.php(175): Illuminate/Pipeline/Pipeline->then(Object(Closure))
#56 C:/laragon/www/APK_POS2/vendor/laravel/framework/src/Illuminate/Foundation/Http/Kernel.php(144): Illuminate/Foundation/Http/Kernel->sendRequestThroughRouter(Object(Illuminate/Http/Request))
#57 C:/laragon/www/APK_POS2/vendor/laravel/framework/src/Illuminate/Foundation/Application.php(1220): Illuminate/Foundation/Http/Kernel->handle(Object(Illuminate/Http/Request))
#58 C:/laragon/www/APK_POS2/public/index.php(20): Illuminate/Foundation/Application->handleRequest(Object(Illuminate/Http/Request))
#59 C:/laragon/www/APK_POS2/vendor/laravel/framework/src/Illuminate/Foundation/resources/server.php(23): require_once('C://laragon//www//...')
#60 {main}
"} 
[2026-08-06 06:25:22] local.ERROR: syntax error, unexpected token "=" (View: C:\laragon\www\APK_POS2\resources\views\penjualan\index.blade.php) {"userId":1,"exception":"[object] (Illuminate\\View\\ViewException(code: 0): syntax error, unexpected token \"=\" (View: C:\\laragon\\www\\APK_POS2\\resources\\views\\penjualan\\index.blade.php) at C:/laragon/www/APK_POS2/storage/framework/views/304c161585f63d667a9c2c20e2307300.php:79)
[stacktrace]
#0 C:/laragon/www/APK_POS2/vendor/laravel/framework/src/Illuminate/View/Engines/PhpEngine.php(59): Illuminate/View/Engines/CompilerEngine->handleViewException(Object(ParseError), 1)
#1 C:/laragon/www/APK_POS2/vendor/laravel/framework/src/Illuminate/View/Engines/CompilerEngine.php(76): Illuminate/View/Engines/PhpEngine->evaluatePath('C://laragon//www//...', Array)
#2 C:/laragon/www/APK_POS2/vendor/laravel/framework/src/Illuminate/View/View.php(208): Illuminate/View/Engines/CompilerEngine->get('C://laragon//www//...', Array)
#3 C:/laragon/www/APK_POS2/vendor/laravel/framework/src/Illuminate/View/View.php(191): Illuminate/View/View->getContents()
#4 C:/laragon/www/APK_POS2/vendor/laravel/framework/src/Illuminate/View/View.php(160): Illuminate/View/View->renderContents()
#5 C:/laragon/www/APK_POS2/vendor/laravel/framework/src/Illuminate/Http/Response.php(78): Illuminate/View/View->render()
#6 C:/laragon/www/APK_POS2/vendor/laravel/framework/src/Illuminate/Http/Response.php(34): Illuminate/Http/Response->setContent(Object(Illuminate/View/View))
#7 C:/laragon/www/APK_POS2/vendor/laravel/framework/src/Illuminate/Routing/Router.php(939): Illuminate/Http/Response->__construct(Object(Illuminate/View/View), 200, Array)
#8 C:/laragon/www/APK_POS2/vendor/laravel/framework/src/Illuminate/Routing/Router.php(906): Illuminate/Routing/Router::toResponse(Object(Illuminate/Http/Request), Object(Illuminate/View/View))
#9 C:/laragon/www/APK_POS2/vendor/laravel/framework/src/Illuminate/Routing/Router.php(821): Illuminate/Routing/Router->prepareResponse(Object(Illuminate/Http/Request), Object(Illuminate/View/View))
#10 C:/laragon/www/APK_POS2/vendor/laravel/framework/src/Illuminate/Pipeline/Pipeline.php(180): Illuminate/Routing/Router->{closure:Illuminate/Routing/Router::runRouteWithinStack():821}(Object(Illuminate/Http/Request))
#11 C:/laragon/www/APK_POS2/app/Http/Middleware/RoleMiddleware.php(27): Illuminate/Pipeline/Pipeline->{closure:Illuminate/Pipeline/Pipeline::prepareDestination():178}(Object(Illuminate/Http/Request))
#12 C:/laragon/www/APK_POS2/vendor/laravel/framework/src/Illuminate/Pipeline/Pipeline.php(219): App/Http/Middleware/RoleMiddleware->handle(Object(Illuminate/Http/Request), Object(Closure), 'admin', 'kasir')
#13 C:/laragon/www/APK_POS2/vendor/laravel/framework/src/Illuminate/Routing/Middleware/SubstituteBindings.php(50): Illuminate/Pipeline/Pipeline->{closure:{closure:Illuminate/Pipeline/Pipeline::carry():194}:195}(Object(Illuminate/Http/Request))
#14 C:/laragon/www/APK_POS2/vendor/laravel/framework/src/Illuminate/Pipeline/Pipeline.php(219): Illuminate/Routing/Middleware/SubstituteBindings->handle(Object(Illuminate/Http/Request), Object(Closure))
#15 C:/laragon/www/APK_POS2/vendor/laravel/framework/src/Illuminate/Auth/Middleware/Authenticate.php(63): Illuminate/Pipeline/Pipeline->{closure:{closure:Illuminate/Pipeline/Pipeline::carry():194}:195}(Object(Illuminate/Http/Request))
#16 C:/laragon/www/APK_POS2/vendor/laravel/framework/src/Illuminate/Pipeline/Pipeline.php(219): Illuminate/Auth/Middleware/Authenticate->handle(Object(Illuminate/Http/Request), Object(Closure))
#17 C:/laragon/www/APK_POS2/vendor/laravel/framework/src/Illuminate/Foundation/Http/Middleware/VerifyCsrfToken.php(87): Illuminate/Pipeline/Pipeline->{closure:{closure:Illuminate/Pipeline/Pipeline::carry():194}:195}(Object(Illuminate/Http/Request))
#18 C:/laragon/www/APK_POS2/vendor/laravel/framework/src/Illuminate/Pipeline/Pipeline.php(219): Illuminate/Foundation/Http/Middleware/VerifyCsrfToken->handle(Object(Illuminate/Http/Request), Object(Closure))
#19 C:/laragon/www/APK_POS2/vendor/laravel/framework/src/Illuminate/View/Middleware/ShareErrorsFromSession.php(48): Illuminate/Pipeline/Pipeline->{closure:{closure:Illuminate/Pipeline/Pipeline::carry():194}:195}(Object(Illuminate/Http/Request))
#20 C:/laragon/www/APK_POS2/vendor/laravel/framework/src/Illuminate/Pipeline/Pipeline.php(219): Illuminate/View/Middleware/ShareErrorsFromSession->handle(Object(Illuminate/Http/Request), Object(Closure))
#21 C:/laragon/www/APK_POS2/vendor/laravel/framework/src/Illuminate/Session/Middleware/StartSession.php(120): Illuminate/Pipeline/Pipeline->{closure:{closure:Illuminate/Pipeline/Pipeline::carry():194}:195}(Object(Illuminate/Http/Request))
#22 C:/laragon/www/APK_POS2/vendor/laravel/framework/src/Illuminate/Session/Middleware/StartSession.php(63): Illuminate/Session/Middleware/StartSession->handleStatefulRequest(Object(Illuminate/Http/Request), Object(Illuminate/Session/Store), Object(Closure))
#23 C:/laragon/www/APK_POS2/vendor/laravel/framework/src/Illuminate/Pipeline/Pipeline.php(219): Illuminate/Session/Middleware/StartSession->handle(Object(Illuminate/Http/Request), Object(Closure))
#24 C:/laragon/www/APK_POS2/vendor/laravel/framework/src/Illuminate/Cookie/Middleware/AddQueuedCookiesToResponse.php(36): Illuminate/Pipeline/Pipeline->{closure:{closure:Illuminate/Pipeline/Pipeline::carry():194}:195}(Object(Illuminate/Http/Request))
#25 C:/laragon/www/APK_POS2/vendor/laravel/framework/src/Illuminate/Pipeline/Pipeline.php(219): Illuminate/Cookie/Middleware/AddQueuedCookiesToResponse->handle(Object(Illuminate/Http/Request), Object(Closure))
#26 C:/laragon/www/APK_POS2/vendor/laravel/framework/src/Illuminate/Cookie/Middleware/EncryptCookies.php(74): Illuminate/Pipeline/Pipeline->{closure:{closure:Illuminate/Pipeline/Pipeline::carry():194}:195}(Object(Illuminate/Http/Request))
#27 C:/laragon/www/APK_POS2/vendor/laravel/framework/src/Illuminate/Pipeline/Pipeline.php(219): Illuminate/Cookie/Middleware/EncryptCookies->handle(Object(Illuminate/Http/Request), Object(Closure))
#28 C:/laragon/www/APK_POS2/vendor/laravel/framework/src/Illuminate/Pipeline/Pipeline.php(137): Illuminate/Pipeline/Pipeline->{closure:{closure:Illuminate/Pipeline/Pipeline::carry():194}:195}(Object(Illuminate/Http/Request))
#29 C:/laragon/www/APK_POS2/vendor/laravel/framework/src/Illuminate/Routing/Router.php(821): Illuminate/Pipeline/Pipeline->then(Object(Closure))
#30 C:/laragon/www/APK_POS2/vendor/laravel/framework/src/Illuminate/Routing/Router.php(800): Illuminate/Routing/Router->runRouteWithinStack(Object(Illuminate/Routing/Route), Object(Illuminate/Http/Request))
#31 C:/laragon/www/APK_POS2/vendor/laravel/framework/src/Illuminate/Routing/Router.php(764): Illuminate/Routing/Router->runRoute(Object(Illuminate/Http/Request), Object(Illuminate/Routing/Route))
#32 C:/laragon/www/APK_POS2/vendor/laravel/framework/src/Illuminate/Routing/Router.php(753): Illuminate/Routing/Router->dispatchToRoute(Object(Illuminate/Http/Request))
#33 C:/laragon/www/APK_POS2/vendor/laravel/framework/src/Illuminate/Foundation/Http/Kernel.php(200): Illuminate/Routing/Router->dispatch(Object(Illuminate/Http/Request))
#34 C:/laragon/www/APK_POS2/vendor/laravel/framework/src/Illuminate/Pipeline/Pipeline.php(180): Illuminate/Foundation/Http/Kernel->{closure:Illuminate/Foundation/Http/Kernel::dispatchToRouter():197}(Object(Illuminate/Http/Request))
#35 C:/laragon/www/APK_POS2/vendor/laravel/framework/src/Illuminate/Foundation/Http/Middleware/TransformsRequest.php(21): Illuminate/Pipeline/Pipeline->{closure:Illuminate/Pipeline/Pipeline::prepareDestination():178}(Object(Illuminate/Http/Request))
#36 C:/laragon/www/APK_POS2/vendor/laravel/framework/src/Illuminate/Foundation/Http/Middleware/ConvertEmptyStringsToNull.php(31): Illuminate/Foundation/Http/Middleware/TransformsRequest->handle(Object(Illuminate/Http/Request), Object(Closure))
#37 C:/laragon/www/APK_POS2/vendor/laravel/framework/src/Illuminate/Pipeline/Pipeline.php(219): Illuminate/Foundation/Http/Middleware/ConvertEmptyStringsToNull->handle(Object(Illuminate/Http/Request), Object(Closure))
#38 C:/laragon/www/APK_POS2/vendor/laravel/framework/src/Illuminate/Foundation/Http/Middleware/TransformsRequest.php(21): Illuminate/Pipeline/Pipeline->{closure:{closure:Illuminate/Pipeline/Pipeline::carry():194}:195}(Object(Illuminate/Http/Request))
#39 C:/laragon/www/APK_POS2/vendor/laravel/framework/src/Illuminate/Foundation/Http/Middleware/TrimStrings.php(51): Illuminate/Foundation/Http/Middleware/TransformsRequest->handle(Object(Illuminate/Http/Request), Object(Closure))
#40 C:/laragon/www/APK_POS2/vendor/laravel/framework/src/Illuminate/Pipeline/Pipeline.php(219): Illuminate/Foundation/Http/Middleware/TrimStrings->handle(Object(Illuminate/Http/Request), Object(Closure))
#41 C:/laragon/www/APK_POS2/vendor/laravel/framework/src/Illuminate/Http/Middleware/ValidatePostSize.php(27): Illuminate/Pipeline/Pipeline->{closure:{closure:Illuminate/Pipeline/Pipeline::carry():194}:195}(Object(Illuminate/Http/Request))
#42 C:/laragon/www/APK_POS2/vendor/laravel/framework/src/Illuminate/Pipeline/Pipeline.php(219): Illuminate/Http/Middleware/ValidatePostSize->handle(Object(Illuminate/Http/Request), Object(Closure))
#43 C:/laragon/www/APK_POS2/vendor/laravel/framework/src/Illuminate/Foundation/Http/Middleware/PreventRequestsDuringMaintenance.php(109): Illuminate/Pipeline/Pipeline->{closure:{closure:Illuminate/Pipeline/Pipeline::carry():194}:195}(Object(Illuminate/Http/Request))
#44 C:/laragon/www/APK_POS2/vendor/laravel/framework/src/Illuminate/Pipeline/Pipeline.php(219): Illuminate/Foundation/Http/Middleware/PreventRequestsDuringMaintenance->handle(Object(Illuminate/Http/Request), Object(Closure))
#45 C:/laragon/www/APK_POS2/vendor/laravel/framework/src/Illuminate/Http/Middleware/HandleCors.php(61): Illuminate/Pipeline/Pipeline->{closure:{closure:Illuminate/Pipeline/Pipeline::carry():194}:195}(Object(Illuminate/Http/Request))
#46 C:/laragon/www/APK_POS2/vendor/laravel/framework/src/Illuminate/Pipeline/Pipeline.php(219): Illuminate/Http/Middleware/HandleCors->handle(Object(Illuminate/Http/Request), Object(Closure))
#47 C:/laragon/www/APK_POS2/vendor/laravel/framework/src/Illuminate/Http/Middleware/TrustProxies.php(58): Illuminate/Pipeline/Pipeline->{closure:{closure:Illuminate/Pipeline/Pipeline::carry():194}:195}(Object(Illuminate/Http/Request))
#48 C:/laragon/www/APK_POS2/vendor/laravel/framework/src/Illuminate/Pipeline/Pipeline.php(219): Illuminate/Http/Middleware/TrustProxies->handle(Object(Illuminate/Http/Request), Object(Closure))
#49 C:/laragon/www/APK_POS2/vendor/laravel/framework/src/Illuminate/Foundation/Http/Middleware/InvokeDeferredCallbacks.php(22): Illuminate/Pipeline/Pipeline->{closure:{closure:Illuminate/Pipeline/Pipeline::carry():194}:195}(Object(Illuminate/Http/Request))
#50 C:/laragon/www/APK_POS2/vendor/laravel/framework/src/Illuminate/Pipeline/Pipeline.php(219): Illuminate/Foundation/Http/Middleware/InvokeDeferredCallbacks->handle(Object(Illuminate/Http/Request), Object(Closure))
#51 C:/laragon/www/APK_POS2/vendor/laravel/framework/src/Illuminate/Http/Middleware/ValidatePathEncoding.php(26): Illuminate/Pipeline/Pipeline->{closure:{closure:Illuminate/Pipeline/Pipeline::carry():194}:195}(Object(Illuminate/Http/Request))
#52 C:/laragon/www/APK_POS2/vendor/laravel/framework/src/Illuminate/Pipeline/Pipeline.php(219): Illuminate/Http/Middleware/ValidatePathEncoding->handle(Object(Illuminate/Http/Request), Object(Closure))
#53 C:/laragon/www/APK_POS2/vendor/laravel/framework/src/Illuminate/Pipeline/Pipeline.php(137): Illuminate/Pipeline/Pipeline->{closure:{closure:Illuminate/Pipeline/Pipeline::carry():194}:195}(Object(Illuminate/Http/Request))
#54 C:/laragon/www/APK_POS2/vendor/laravel/framework/src/Illuminate/Foundation/Http/Kernel.php(175): Illuminate/Pipeline/Pipeline->then(Object(Closure))
#55 C:/laragon/www/APK_POS2/vendor/laravel/framework/src/Illuminate/Foundation/Http/Kernel.php(144): Illuminate/Foundation/Http/Kernel->sendRequestThroughRouter(Object(Illuminate/Http/Request))
#56 C:/laragon/www/APK_POS2/vendor/laravel/framework/src/Illuminate/Foundation/Application.php(1220): Illuminate/Foundation/Http/Kernel->handle(Object(Illuminate/Http/Request))
#57 C:/laragon/www/APK_POS2/public/index.php(20): Illuminate/Foundation/Application->handleRequest(Object(Illuminate/Http/Request))
#58 C:/laragon/www/APK_POS2/vendor/laravel/framework/src/Illuminate/Foundation/resources/server.php(23): require_once('C://laragon//www//...')
#59 {main}

[previous exception] [object] (ParseError(code: 0): syntax error, unexpected token \"=\" at C:/laragon/www/APK_POS2/storage/framework/views/304c161585f63d667a9c2c20e2307300.php:79)
[stacktrace]
#0 C:/laragon/www/APK_POS2/vendor/laravel/framework/src/Illuminate/Filesystem/Filesystem.php(124): Illuminate/Filesystem/Filesystem::{closure:Illuminate/Filesystem/Filesystem::getRequire():120}()
#1 C:/laragon/www/APK_POS2/vendor/laravel/framework/src/Illuminate/View/Engines/PhpEngine.php(57): Illuminate/Filesystem/Filesystem->getRequire('C://laragon//www//...', Array)
#2 C:/laragon/www/APK_POS2/vendor/laravel/framework/src/Illuminate/View/Engines/CompilerEngine.php(76): Illuminate/View/Engines/PhpEngine->evaluatePath('C://laragon//www//...', Array)
#3 C:/laragon/www/APK_POS2/vendor/laravel/framework/src/Illuminate/View/View.php(208): Illuminate/View/Engines/CompilerEngine->get('C://laragon//www//...', Array)
#4 C:/laragon/www/APK_POS2/vendor/laravel/framework/src/Illuminate/View/View.php(191): Illuminate/View/View->getContents()
#5 C:/laragon/www/APK_POS2/vendor/laravel/framework/src/Illuminate/View/View.php(160): Illuminate/View/View->renderContents()
#6 C:/laragon/www/APK_POS2/vendor/laravel/framework/src/Illuminate/Http/Response.php(78): Illuminate/View/View->render()
#7 C:/laragon/www/APK_POS2/vendor/laravel/framework/src/Illuminate/Http/Response.php(34): Illuminate/Http/Response->setContent(Object(Illuminate/View/View))
#8 C:/laragon/www/APK_POS2/vendor/laravel/framework/src/Illuminate/Routing/Router.php(939): Illuminate/Http/Response->__construct(Object(Illuminate/View/View), 200, Array)
#9 C:/laragon/www/APK_POS2/vendor/laravel/framework/src/Illuminate/Routing/Router.php(906): Illuminate/Routing/Router::toResponse(Object(Illuminate/Http/Request), Object(Illuminate/View/View))
#10 C:/laragon/www/APK_POS2/vendor/laravel/framework/src/Illuminate/Routing/Router.php(821): Illuminate/Routing/Router->prepareResponse(Object(Illuminate/Http/Request), Object(Illuminate/View/View))
#11 C:/laragon/www/APK_POS2/vendor/laravel/framework/src/Illuminate/Pipeline/Pipeline.php(180): Illuminate/Routing/Router->{closure:Illuminate/Routing/Router::runRouteWithinStack():821}(Object(Illuminate/Http/Request))
#12 C:/laragon/www/APK_POS2/app/Http/Middleware/RoleMiddleware.php(27): Illuminate/Pipeline/Pipeline->{closure:Illuminate/Pipeline/Pipeline::prepareDestination():178}(Object(Illuminate/Http/Request))
#13 C:/laragon/www/APK_POS2/vendor/laravel/framework/src/Illuminate/Pipeline/Pipeline.php(219): App/Http/Middleware/RoleMiddleware->handle(Object(Illuminate/Http/Request), Object(Closure), 'admin', 'kasir')
#14 C:/laragon/www/APK_POS2/vendor/laravel/framework/src/Illuminate/Routing/Middleware/SubstituteBindings.php(50): Illuminate/Pipeline/Pipeline->{closure:{closure:Illuminate/Pipeline/Pipeline::carry():194}:195}(Object(Illuminate/Http/Request))
#15 C:/laragon/www/APK_POS2/vendor/laravel/framework/src/Illuminate/Pipeline/Pipeline.php(219): Illuminate/Routing/Middleware/SubstituteBindings->handle(Object(Illuminate/Http/Request), Object(Closure))
#16 C:/laragon/www/APK_POS2/vendor/laravel/framework/src/Illuminate/Auth/Middleware/Authenticate.php(63): Illuminate/Pipeline/Pipeline->{closure:{closure:Illuminate/Pipeline/Pipeline::carry():194}:195}(Object(Illuminate/Http/Request))
#17 C:/laragon/www/APK_POS2/vendor/laravel/framework/src/Illuminate/Pipeline/Pipeline.php(219): Illuminate/Auth/Middleware/Authenticate->handle(Object(Illuminate/Http/Request), Object(Closure))
#18 C:/laragon/www/APK_POS2/vendor/laravel/framework/src/Illuminate/Foundation/Http/Middleware/VerifyCsrfToken.php(87): Illuminate/Pipeline/Pipeline->{closure:{closure:Illuminate/Pipeline/Pipeline::carry():194}:195}(Object(Illuminate/Http/Request))
#19 C:/laragon/www/APK_POS2/vendor/laravel/framework/src/Illuminate/Pipeline/Pipeline.php(219): Illuminate/Foundation/Http/Middleware/VerifyCsrfToken->handle(Object(Illuminate/Http/Request), Object(Closure))
#20 C:/laragon/www/APK_POS2/vendor/laravel/framework/src/Illuminate/View/Middleware/ShareErrorsFromSession.php(48): Illuminate/Pipeline/Pipeline->{closure:{closure:Illuminate/Pipeline/Pipeline::carry():194}:195}(Object(Illuminate/Http/Request))
#21 C:/laragon/www/APK_POS2/vendor/laravel/framework/src/Illuminate/Pipeline/Pipeline.php(219): Illuminate/View/Middleware/ShareErrorsFromSession->handle(Object(Illuminate/Http/Request), Object(Closure))
#22 C:/laragon/www/APK_POS2/vendor/laravel/framework/src/Illuminate/Session/Middleware/StartSession.php(120): Illuminate/Pipeline/Pipeline->{closure:{closure:Illuminate/Pipeline/Pipeline::carry():194}:195}(Object(Illuminate/Http/Request))
#23 C:/laragon/www/APK_POS2/vendor/laravel/framework/src/Illuminate/Session/Middleware/StartSession.php(63): Illuminate/Session/Middleware/StartSession->handleStatefulRequest(Object(Illuminate/Http/Request), Object(Illuminate/Session/Store), Object(Closure))
#24 C:/laragon/www/APK_POS2/vendor/laravel/framework/src/Illuminate/Pipeline/Pipeline.php(219): Illuminate/Session/Middleware/StartSession->handle(Object(Illuminate/Http/Request), Object(Closure))
#25 C:/laragon/www/APK_POS2/vendor/laravel/framework/src/Illuminate/Cookie/Middleware/AddQueuedCookiesToResponse.php(36): Illuminate/Pipeline/Pipeline->{closure:{closure:Illuminate/Pipeline/Pipeline::carry():194}:195}(Object(Illuminate/Http/Request))
#26 C:/laragon/www/APK_POS2/vendor/laravel/framework/src/Illuminate/Pipeline/Pipeline.php(219): Illuminate/Cookie/Middleware/AddQueuedCookiesToResponse->handle(Object(Illuminate/Http/Request), Object(Closure))
#27 C:/laragon/www/APK_POS2/vendor/laravel/framework/src/Illuminate/Cookie/Middleware/EncryptCookies.php(74): Illuminate/Pipeline/Pipeline->{closure:{closure:Illuminate/Pipeline/Pipeline::carry():194}:195}(Object(Illuminate/Http/Request))
#28 C:/laragon/www/APK_POS2/vendor/laravel/framework/src/Illuminate/Pipeline/Pipeline.php(219): Illuminate/Cookie/Middleware/EncryptCookies->handle(Object(Illuminate/Http/Request), Object(Closure))
#29 C:/laragon/www/APK_POS2/vendor/laravel/framework/src/Illuminate/Pipeline/Pipeline.php(137): Illuminate/Pipeline/Pipeline->{closure:{closure:Illuminate/Pipeline/Pipeline::carry():194}:195}(Object(Illuminate/Http/Request))
#30 C:/laragon/www/APK_POS2/vendor/laravel/framework/src/Illuminate/Routing/Router.php(821): Illuminate/Pipeline/Pipeline->then(Object(Closure))
#31 C:/laragon/www/APK_POS2/vendor/laravel/framework/src/Illuminate/Routing/Router.php(800): Illuminate/Routing/Router->runRouteWithinStack(Object(Illuminate/Routing/Route), Object(Illuminate/Http/Request))
#32 C:/laragon/www/APK_POS2/vendor/laravel/framework/src/Illuminate/Routing/Router.php(764): Illuminate/Routing/Router->runRoute(Object(Illuminate/Http/Request), Object(Illuminate/Routing/Route))
#33 C:/laragon/www/APK_POS2/vendor/laravel/framework/src/Illuminate/Routing/Router.php(753): Illuminate/Routing/Router->dispatchToRoute(Object(Illuminate/Http/Request))
#34 C:/laragon/www/APK_POS2/vendor/laravel/framework/src/Illuminate/Foundation/Http/Kernel.php(200): Illuminate/Routing/Router->dispatch(Object(Illuminate/Http/Request))
#35 C:/laragon/www/APK_POS2/vendor/laravel/framework/src/Illuminate/Pipeline/Pipeline.php(180): Illuminate/Foundation/Http/Kernel->{closure:Illuminate/Foundation/Http/Kernel::dispatchToRouter():197}(Object(Illuminate/Http/Request))
#36 C:/laragon/www/APK_POS2/vendor/laravel/framework/src/Illuminate/Foundation/Http/Middleware/TransformsRequest.php(21): Illuminate/Pipeline/Pipeline->{closure:Illuminate/Pipeline/Pipeline::prepareDestination():178}(Object(Illuminate/Http/Request))
#37 C:/laragon/www/APK_POS2/vendor/laravel/framework/src/Illuminate/Foundation/Http/Middleware/ConvertEmptyStringsToNull.php(31): Illuminate/Foundation/Http/Middleware/TransformsRequest->handle(Object(Illuminate/Http/Request), Object(Closure))
#38 C:/laragon/www/APK_POS2/vendor/laravel/framework/src/Illuminate/Pipeline/Pipeline.php(219): Illuminate/Foundation/Http/Middleware/ConvertEmptyStringsToNull->handle(Object(Illuminate/Http/Request), Object(Closure))
#39 C:/laragon/www/APK_POS2/vendor/laravel/framework/src/Illuminate/Foundation/Http/Middleware/TransformsRequest.php(21): Illuminate/Pipeline/Pipeline->{closure:{closure:Illuminate/Pipeline/Pipeline::carry():194}:195}(Object(Illuminate/Http/Request))
#40 C:/laragon/www/APK_POS2/vendor/laravel/framework/src/Illuminate/Foundation/Http/Middleware/TrimStrings.php(51): Illuminate/Foundation/Http/Middleware/TransformsRequest->handle(Object(Illuminate/Http/Request), Object(Closure))
#41 C:/laragon/www/APK_POS2/vendor/laravel/framework/src/Illuminate/Pipeline/Pipeline.php(219): Illuminate/Foundation/Http/Middleware/TrimStrings->handle(Object(Illuminate/Http/Request), Object(Closure))
#42 C:/laragon/www/APK_POS2/vendor/laravel/framework/src/Illuminate/Http/Middleware/ValidatePostSize.php(27): Illuminate/Pipeline/Pipeline->{closure:{closure:Illuminate/Pipeline/Pipeline::carry():194}:195}(Object(Illuminate/Http/Request))
#43 C:/laragon/www/APK_POS2/vendor/laravel/framework/src/Illuminate/Pipeline/Pipeline.php(219): Illuminate/Http/Middleware/ValidatePostSize->handle(Object(Illuminate/Http/Request), Object(Closure))
#44 C:/laragon/www/APK_POS2/vendor/laravel/framework/src/Illuminate/Foundation/Http/Middleware/PreventRequestsDuringMaintenance.php(109): Illuminate/Pipeline/Pipeline->{closure:{closure:Illuminate/Pipeline/Pipeline::carry():194}:195}(Object(Illuminate/Http/Request))
#45 C:/laragon/www/APK_POS2/vendor/laravel/framework/src/Illuminate/Pipeline/Pipeline.php(219): Illuminate/Foundation/Http/Middleware/PreventRequestsDuringMaintenance->handle(Object(Illuminate/Http/Request), Object(Closure))
#46 C:/laragon/www/APK_POS2/vendor/laravel/framework/src/Illuminate/Http/Middleware/HandleCors.php(61): Illuminate/Pipeline/Pipeline->{closure:{closure:Illuminate/Pipeline/Pipeline::carry():194}:195}(Object(Illuminate/Http/Request))
#47 C:/laragon/www/APK_POS2/vendor/laravel/framework/src/Illuminate/Pipeline/Pipeline.php(219): Illuminate/Http/Middleware/HandleCors->handle(Object(Illuminate/Http/Request), Object(Closure))
#48 C:/laragon/www/APK_POS2/vendor/laravel/framework/src/Illuminate/Http/Middleware/TrustProxies.php(58): Illuminate/Pipeline/Pipeline->{closure:{closure:Illuminate/Pipeline/Pipeline::carry():194}:195}(Object(Illuminate/Http/Request))
#49 C:/laragon/www/APK_POS2/vendor/laravel/framework/src/Illuminate/Pipeline/Pipeline.php(219): Illuminate/Http/Middleware/TrustProxies->handle(Object(Illuminate/Http/Request), Object(Closure))
#50 C:/laragon/www/APK_POS2/vendor/laravel/framework/src/Illuminate/Foundation/Http/Middleware/InvokeDeferredCallbacks.php(22): Illuminate/Pipeline/Pipeline->{closure:{closure:Illuminate/Pipeline/Pipeline::carry():194}:195}(Object(Illuminate/Http/Request))
#51 C:/laragon/www/APK_POS2/vendor/laravel/framework/src/Illuminate/Pipeline/Pipeline.php(219): Illuminate/Foundation/Http/Middleware/InvokeDeferredCallbacks->handle(Object(Illuminate/Http/Request), Object(Closure))
#52 C:/laragon/www/APK_POS2/vendor/laravel/framework/src/Illuminate/Http/Middleware/ValidatePathEncoding.php(26): Illuminate/Pipeline/Pipeline->{closure:{closure:Illuminate/Pipeline/Pipeline::carry():194}:195}(Object(Illuminate/Http/Request))
#53 C:/laragon/www/APK_POS2/vendor/laravel/framework/src/Illuminate/Pipeline/Pipeline.php(219): Illuminate/Http/Middleware/ValidatePathEncoding->handle(Object(Illuminate/Http/Request), Object(Closure))
#54 C:/laragon/www/APK_POS2/vendor/laravel/framework/src/Illuminate/Pipeline/Pipeline.php(137): Illuminate/Pipeline/Pipeline->{closure:{closure:Illuminate/Pipeline/Pipeline::carry():194}:195}(Object(Illuminate/Http/Request))
#55 C:/laragon/www/APK_POS2/vendor/laravel/framework/src/Illuminate/Foundation/Http/Kernel.php(175): Illuminate/Pipeline/Pipeline->then(Object(Closure))
#56 C:/laragon/www/APK_POS2/vendor/laravel/framework/src/Illuminate/Foundation/Http/Kernel.php(144): Illuminate/Foundation/Http/Kernel->sendRequestThroughRouter(Object(Illuminate/Http/Request))
#57 C:/laragon/www/APK_POS2/vendor/laravel/framework/src/Illuminate/Foundation/Application.php(1220): Illuminate/Foundation/Http/Kernel->handle(Object(Illuminate/Http/Request))
#58 C:/laragon/www/APK_POS2/public/index.php(20): Illuminate/Foundation/Application->handleRequest(Object(Illuminate/Http/Request))
#59 C:/laragon/www/APK_POS2/vendor/laravel/framework/src/Illuminate/Foundation/resources/server.php(23): require_once('C://laragon//www//...')
#60 {main}
"} 
[2026-08-06 06:25:26] local.ERROR: syntax error, unexpected token "=" (View: C:\laragon\www\APK_POS2\resources\views\penjualan\index.blade.php) {"userId":1,"exception":"[object] (Illuminate\\View\\ViewException(code: 0): syntax error, unexpected token \"=\" (View: C:\\laragon\\www\\APK_POS2\\resources\\views\\penjualan\\index.blade.php) at C:/laragon/www/APK_POS2/storage/framework/views/304c161585f63d667a9c2c20e2307300.php:79)
[stacktrace]
#0 C:/laragon/www/APK_POS2/vendor/laravel/framework/src/Illuminate/View/Engines/PhpEngine.php(59): Illuminate/View/Engines/CompilerEngine->handleViewException(Object(ParseError), 1)
#1 C:/laragon/www/APK_POS2/vendor/laravel/framework/src/Illuminate/View/Engines/CompilerEngine.php(76): Illuminate/View/Engines/PhpEngine->evaluatePath('C://laragon//www//...', Array)
#2 C:/laragon/www/APK_POS2/vendor/laravel/framework/src/Illuminate/View/View.php(208): Illuminate/View/Engines/CompilerEngine->get('C://laragon//www//...', Array)
#3 C:/laragon/www/APK_POS2/vendor/laravel/framework/src/Illuminate/View/View.php(191): Illuminate/View/View->getContents()
#4 C:/laragon/www/APK_POS2/vendor/laravel/framework/src/Illuminate/View/View.php(160): Illuminate/View/View->renderContents()
#5 C:/laragon/www/APK_POS2/vendor/laravel/framework/src/Illuminate/Http/Response.php(78): Illuminate/View/View->render()
#6 C:/laragon/www/APK_POS2/vendor/laravel/framework/src/Illuminate/Http/Response.php(34): Illuminate/Http/Response->setContent(Object(Illuminate/View/View))
#7 C:/laragon/www/APK_POS2/vendor/laravel/framework/src/Illuminate/Routing/Router.php(939): Illuminate/Http/Response->__construct(Object(Illuminate/View/View), 200, Array)
#8 C:/laragon/www/APK_POS2/vendor/laravel/framework/src/Illuminate/Routing/Router.php(906): Illuminate/Routing/Router::toResponse(Object(Illuminate/Http/Request), Object(Illuminate/View/View))
#9 C:/laragon/www/APK_POS2/vendor/laravel/framework/src/Illuminate/Routing/Router.php(821): Illuminate/Routing/Router->prepareResponse(Object(Illuminate/Http/Request), Object(Illuminate/View/View))
#10 C:/laragon/www/APK_POS2/vendor/laravel/framework/src/Illuminate/Pipeline/Pipeline.php(180): Illuminate/Routing/Router->{closure:Illuminate/Routing/Router::runRouteWithinStack():821}(Object(Illuminate/Http/Request))
#11 C:/laragon/www/APK_POS2/app/Http/Middleware/RoleMiddleware.php(27): Illuminate/Pipeline/Pipeline->{closure:Illuminate/Pipeline/Pipeline::prepareDestination():178}(Object(Illuminate/Http/Request))
#12 C:/laragon/www/APK_POS2/vendor/laravel/framework/src/Illuminate/Pipeline/Pipeline.php(219): App/Http/Middleware/RoleMiddleware->handle(Object(Illuminate/Http/Request), Object(Closure), 'admin', 'kasir')
#13 C:/laragon/www/APK_POS2/vendor/laravel/framework/src/Illuminate/Routing/Middleware/SubstituteBindings.php(50): Illuminate/Pipeline/Pipeline->{closure:{closure:Illuminate/Pipeline/Pipeline::carry():194}:195}(Object(Illuminate/Http/Request))
#14 C:/laragon/www/APK_POS2/vendor/laravel/framework/src/Illuminate/Pipeline/Pipeline.php(219): Illuminate/Routing/Middleware/SubstituteBindings->handle(Object(Illuminate/Http/Request), Object(Closure))
#15 C:/laragon/www/APK_POS2/vendor/laravel/framework/src/Illuminate/Auth/Middleware/Authenticate.php(63): Illuminate/Pipeline/Pipeline->{closure:{closure:Illuminate/Pipeline/Pipeline::carry():194}:195}(Object(Illuminate/Http/Request))
#16 C:/laragon/www/APK_POS2/vendor/laravel/framework/src/Illuminate/Pipeline/Pipeline.php(219): Illuminate/Auth/Middleware/Authenticate->handle(Object(Illuminate/Http/Request), Object(Closure))
#17 C:/laragon/www/APK_POS2/vendor/laravel/framework/src/Illuminate/Foundation/Http/Middleware/VerifyCsrfToken.php(87): Illuminate/Pipeline/Pipeline->{closure:{closure:Illuminate/Pipeline/Pipeline::carry():194}:195}(Object(Illuminate/Http/Request))
#18 C:/laragon/www/APK_POS2/vendor/laravel/framework/src/Illuminate/Pipeline/Pipeline.php(219): Illuminate/Foundation/Http/Middleware/VerifyCsrfToken->handle(Object(Illuminate/Http/Request), Object(Closure))
#19 C:/laragon/www/APK_POS2/vendor/laravel/framework/src/Illuminate/View/Middleware/ShareErrorsFromSession.php(48): Illuminate/Pipeline/Pipeline->{closure:{closure:Illuminate/Pipeline/Pipeline::carry():194}:195}(Object(Illuminate/Http/Request))
#20 C:/laragon/www/APK_POS2/vendor/laravel/framework/src/Illuminate/Pipeline/Pipeline.php(219): Illuminate/View/Middleware/ShareErrorsFromSession->handle(Object(Illuminate/Http/Request), Object(Closure))
#21 C:/laragon/www/APK_POS2/vendor/laravel/framework/src/Illuminate/Session/Middleware/StartSession.php(120): Illuminate/Pipeline/Pipeline->{closure:{closure:Illuminate/Pipeline/Pipeline::carry():194}:195}(Object(Illuminate/Http/Request))
#22 C:/laragon/www/APK_POS2/vendor/laravel/framework/src/Illuminate/Session/Middleware/StartSession.php(63): Illuminate/Session/Middleware/StartSession->handleStatefulRequest(Object(Illuminate/Http/Request), Object(Illuminate/Session/Store), Object(Closure))
#23 C:/laragon/www/APK_POS2/vendor/laravel/framework/src/Illuminate/Pipeline/Pipeline.php(219): Illuminate/Session/Middleware/StartSession->handle(Object(Illuminate/Http/Request), Object(Closure))
#24 C:/laragon/www/APK_POS2/vendor/laravel/framework/src/Illuminate/Cookie/Middleware/AddQueuedCookiesToResponse.php(36): Illuminate/Pipeline/Pipeline->{closure:{closure:Illuminate/Pipeline/Pipeline::carry():194}:195}(Object(Illuminate/Http/Request))
#25 C:/laragon/www/APK_POS2/vendor/laravel/framework/src/Illuminate/Pipeline/Pipeline.php(219): Illuminate/Cookie/Middleware/AddQueuedCookiesToResponse->handle(Object(Illuminate/Http/Request), Object(Closure))
#26 C:/laragon/www/APK_POS2/vendor/laravel/framework/src/Illuminate/Cookie/Middleware/EncryptCookies.php(74): Illuminate/Pipeline/Pipeline->{closure:{closure:Illuminate/Pipeline/Pipeline::carry():194}:195}(Object(Illuminate/Http/Request))
#27 C:/laragon/www/APK_POS2/vendor/laravel/framework/src/Illuminate/Pipeline/Pipeline.php(219): Illuminate/Cookie/Middleware/EncryptCookies->handle(Object(Illuminate/Http/Request), Object(Closure))
#28 C:/laragon/www/APK_POS2/vendor/laravel/framework/src/Illuminate/Pipeline/Pipeline.php(137): Illuminate/Pipeline/Pipeline->{closure:{closure:Illuminate/Pipeline/Pipeline::carry():194}:195}(Object(Illuminate/Http/Request))
#29 C:/laragon/www/APK_POS2/vendor/laravel/framework/src/Illuminate/Routing/Router.php(821): Illuminate/Pipeline/Pipeline->then(Object(Closure))
#30 C:/laragon/www/APK_POS2/vendor/laravel/framework/src/Illuminate/Routing/Router.php(800): Illuminate/Routing/Router->runRouteWithinStack(Object(Illuminate/Routing/Route), Object(Illuminate/Http/Request))
#31 C:/laragon/www/APK_POS2/vendor/laravel/framework/src/Illuminate/Routing/Router.php(764): Illuminate/Routing/Router->runRoute(Object(Illuminate/Http/Request), Object(Illuminate/Routing/Route))
#32 C:/laragon/www/APK_POS2/vendor/laravel/framework/src/Illuminate/Routing/Router.php(753): Illuminate/Routing/Router->dispatchToRoute(Object(Illuminate/Http/Request))
#33 C:/laragon/www/APK_POS2/vendor/laravel/framework/src/Illuminate/Foundation/Http/Kernel.php(200): Illuminate/Routing/Router->dispatch(Object(Illuminate/Http/Request))
#34 C:/laragon/www/APK_POS2/vendor/laravel/framework/src/Illuminate/Pipeline/Pipeline.php(180): Illuminate/Foundation/Http/Kernel->{closure:Illuminate/Foundation/Http/Kernel::dispatchToRouter():197}(Object(Illuminate/Http/Request))
#35 C:/laragon/www/APK_POS2/vendor/laravel/framework/src/Illuminate/Foundation/Http/Middleware/TransformsRequest.php(21): Illuminate/Pipeline/Pipeline->{closure:Illuminate/Pipeline/Pipeline::prepareDestination():178}(Object(Illuminate/Http/Request))
#36 C:/laragon/www/APK_POS2/vendor/laravel/framework/src/Illuminate/Foundation/Http/Middleware/ConvertEmptyStringsToNull.php(31): Illuminate/Foundation/Http/Middleware/TransformsRequest->handle(Object(Illuminate/Http/Request), Object(Closure))
#37 C:/laragon/www/APK_POS2/vendor/laravel/framework/src/Illuminate/Pipeline/Pipeline.php(219): Illuminate/Foundation/Http/Middleware/ConvertEmptyStringsToNull->handle(Object(Illuminate/Http/Request), Object(Closure))
#38 C:/laragon/www/APK_POS2/vendor/laravel/framework/src/Illuminate/Foundation/Http/Middleware/TransformsRequest.php(21): Illuminate/Pipeline/Pipeline->{closure:{closure:Illuminate/Pipeline/Pipeline::carry():194}:195}(Object(Illuminate/Http/Request))
#39 C:/laragon/www/APK_POS2/vendor/laravel/framework/src/Illuminate/Foundation/Http/Middleware/TrimStrings.php(51): Illuminate/Foundation/Http/Middleware/TransformsRequest->handle(Object(Illuminate/Http/Request), Object(Closure))
#40 C:/laragon/www/APK_POS2/vendor/laravel/framework/src/Illuminate/Pipeline/Pipeline.php(219): Illuminate/Foundation/Http/Middleware/TrimStrings->handle(Object(Illuminate/Http/Request), Object(Closure))
#41 C:/laragon/www/APK_POS2/vendor/laravel/framework/src/Illuminate/Http/Middleware/ValidatePostSize.php(27): Illuminate/Pipeline/Pipeline->{closure:{closure:Illuminate/Pipeline/Pipeline::carry():194}:195}(Object(Illuminate/Http/Request))
#42 C:/laragon/www/APK_POS2/vendor/laravel/framework/src/Illuminate/Pipeline/Pipeline.php(219): Illuminate/Http/Middleware/ValidatePostSize->handle(Object(Illuminate/Http/Request), Object(Closure))
#43 C:/laragon/www/APK_POS2/vendor/laravel/framework/src/Illuminate/Foundation/Http/Middleware/PreventRequestsDuringMaintenance.php(109): Illuminate/Pipeline/Pipeline->{closure:{closure:Illuminate/Pipeline/Pipeline::carry():194}:195}(Object(Illuminate/Http/Request))
#44 C:/laragon/www/APK_POS2/vendor/laravel/framework/src/Illuminate/Pipeline/Pipeline.php(219): Illuminate/Foundation/Http/Middleware/PreventRequestsDuringMaintenance->handle(Object(Illuminate/Http/Request), Object(Closure))
#45 C:/laragon/www/APK_POS2/vendor/laravel/framework/src/Illuminate/Http/Middleware/HandleCors.php(61): Illuminate/Pipeline/Pipeline->{closure:{closure:Illuminate/Pipeline/Pipeline::carry():194}:195}(Object(Illuminate/Http/Request))
#46 C:/laragon/www/APK_POS2/vendor/laravel/framework/src/Illuminate/Pipeline/Pipeline.php(219): Illuminate/Http/Middleware/HandleCors->handle(Object(Illuminate/Http/Request), Object(Closure))
#47 C:/laragon/www/APK_POS2/vendor/laravel/framework/src/Illuminate/Http/Middleware/TrustProxies.php(58): Illuminate/Pipeline/Pipeline->{closure:{closure:Illuminate/Pipeline/Pipeline::carry():194}:195}(Object(Illuminate/Http/Request))
#48 C:/laragon/www/APK_POS2/vendor/laravel/framework/src/Illuminate/Pipeline/Pipeline.php(219): Illuminate/Http/Middleware/TrustProxies->handle(Object(Illuminate/Http/Request), Object(Closure))
#49 C:/laragon/www/APK_POS2/vendor/laravel/framework/src/Illuminate/Foundation/Http/Middleware/InvokeDeferredCallbacks.php(22): Illuminate/Pipeline/Pipeline->{closure:{closure:Illuminate/Pipeline/Pipeline::carry():194}:195}(Object(Illuminate/Http/Request))
#50 C:/laragon/www/APK_POS2/vendor/laravel/framework/src/Illuminate/Pipeline/Pipeline.php(219): Illuminate/Foundation/Http/Middleware/InvokeDeferredCallbacks->handle(Object(Illuminate/Http/Request), Object(Closure))
#51 C:/laragon/www/APK_POS2/vendor/laravel/framework/src/Illuminate/Http/Middleware/ValidatePathEncoding.php(26): Illuminate/Pipeline/Pipeline->{closure:{closure:Illuminate/Pipeline/Pipeline::carry():194}:195}(Object(Illuminate/Http/Request))
#52 C:/laragon/www/APK_POS2/vendor/laravel/framework/src/Illuminate/Pipeline/Pipeline.php(219): Illuminate/Http/Middleware/ValidatePathEncoding->handle(Object(Illuminate/Http/Request), Object(Closure))
#53 C:/laragon/www/APK_POS2/vendor/laravel/framework/src/Illuminate/Pipeline/Pipeline.php(137): Illuminate/Pipeline/Pipeline->{closure:{closure:Illuminate/Pipeline/Pipeline::carry():194}:195}(Object(Illuminate/Http/Request))
#54 C:/laragon/www/APK_POS2/vendor/laravel/framework/src/Illuminate/Foundation/Http/Kernel.php(175): Illuminate/Pipeline/Pipeline->then(Object(Closure))
#55 C:/laragon/www/APK_POS2/vendor/laravel/framework/src/Illuminate/Foundation/Http/Kernel.php(144): Illuminate/Foundation/Http/Kernel->sendRequestThroughRouter(Object(Illuminate/Http/Request))
#56 C:/laragon/www/APK_POS2/vendor/laravel/framework/src/Illuminate/Foundation/Application.php(1220): Illuminate/Foundation/Http/Kernel->handle(Object(Illuminate/Http/Request))
#57 C:/laragon/www/APK_POS2/public/index.php(20): Illuminate/Foundation/Application->handleRequest(Object(Illuminate/Http/Request))
#58 C:/laragon/www/APK_POS2/vendor/laravel/framework/src/Illuminate/Foundation/resources/server.php(23): require_once('C://laragon//www//...')
#59 {main}

[previous exception] [object] (ParseError(code: 0): syntax error, unexpected token \"=\" at C:/laragon/www/APK_POS2/storage/framework/views/304c161585f63d667a9c2c20e2307300.php:79)
[stacktrace]
#0 C:/laragon/www/APK_POS2/vendor/laravel/framework/src/Illuminate/Filesystem/Filesystem.php(124): Illuminate/Filesystem/Filesystem::{closure:Illuminate/Filesystem/Filesystem::getRequire():120}()
#1 C:/laragon/www/APK_POS2/vendor/laravel/framework/src/Illuminate/View/Engines/PhpEngine.php(57): Illuminate/Filesystem/Filesystem->getRequire('C://laragon//www//...', Array)
#2 C:/laragon/www/APK_POS2/vendor/laravel/framework/src/Illuminate/View/Engines/CompilerEngine.php(76): Illuminate/View/Engines/PhpEngine->evaluatePath('C://laragon//www//...', Array)
#3 C:/laragon/www/APK_POS2/vendor/laravel/framework/src/Illuminate/View/View.php(208): Illuminate/View/Engines/CompilerEngine->get('C://laragon//www//...', Array)
#4 C:/laragon/www/APK_POS2/vendor/laravel/framework/src/Illuminate/View/View.php(191): Illuminate/View/View->getContents()
#5 C:/laragon/www/APK_POS2/vendor/laravel/framework/src/Illuminate/View/View.php(160): Illuminate/View/View->renderContents()
#6 C:/laragon/www/APK_POS2/vendor/laravel/framework/src/Illuminate/Http/Response.php(78): Illuminate/View/View->render()
#7 C:/laragon/www/APK_POS2/vendor/laravel/framework/src/Illuminate/Http/Response.php(34): Illuminate/Http/Response->setContent(Object(Illuminate/View/View))
#8 C:/laragon/www/APK_POS2/vendor/laravel/framework/src/Illuminate/Routing/Router.php(939): Illuminate/Http/Response->__construct(Object(Illuminate/View/View), 200, Array)
#9 C:/laragon/www/APK_POS2/vendor/laravel/framework/src/Illuminate/Routing/Router.php(906): Illuminate/Routing/Router::toResponse(Object(Illuminate/Http/Request), Object(Illuminate/View/View))
#10 C:/laragon/www/APK_POS2/vendor/laravel/framework/src/Illuminate/Routing/Router.php(821): Illuminate/Routing/Router->prepareResponse(Object(Illuminate/Http/Request), Object(Illuminate/View/View))
#11 C:/laragon/www/APK_POS2/vendor/laravel/framework/src/Illuminate/Pipeline/Pipeline.php(180): Illuminate/Routing/Router->{closure:Illuminate/Routing/Router::runRouteWithinStack():821}(Object(Illuminate/Http/Request))
#12 C:/laragon/www/APK_POS2/app/Http/Middleware/RoleMiddleware.php(27): Illuminate/Pipeline/Pipeline->{closure:Illuminate/Pipeline/Pipeline::prepareDestination():178}(Object(Illuminate/Http/Request))
#13 C:/laragon/www/APK_POS2/vendor/laravel/framework/src/Illuminate/Pipeline/Pipeline.php(219): App/Http/Middleware/RoleMiddleware->handle(Object(Illuminate/Http/Request), Object(Closure), 'admin', 'kasir')
#14 C:/laragon/www/APK_POS2/vendor/laravel/framework/src/Illuminate/Routing/Middleware/SubstituteBindings.php(50): Illuminate/Pipeline/Pipeline->{closure:{closure:Illuminate/Pipeline/Pipeline::carry():194}:195}(Object(Illuminate/Http/Request))
#15 C:/laragon/www/APK_POS2/vendor/laravel/framework/src/Illuminate/Pipeline/Pipeline.php(219): Illuminate/Routing/Middleware/SubstituteBindings->handle(Object(Illuminate/Http/Request), Object(Closure))
#16 C:/laragon/www/APK_POS2/vendor/laravel/framework/src/Illuminate/Auth/Middleware/Authenticate.php(63): Illuminate/Pipeline/Pipeline->{closure:{closure:Illuminate/Pipeline/Pipeline::carry():194}:195}(Object(Illuminate/Http/Request))
#17 C:/laragon/www/APK_POS2/vendor/laravel/framework/src/Illuminate/Pipeline/Pipeline.php(219): Illuminate/Auth/Middleware/Authenticate->handle(Object(Illuminate/Http/Request), Object(Closure))
#18 C:/laragon/www/APK_POS2/vendor/laravel/framework/src/Illuminate/Foundation/Http/Middleware/VerifyCsrfToken.php(87): Illuminate/Pipeline/Pipeline->{closure:{closure:Illuminate/Pipeline/Pipeline::carry():194}:195}(Object(Illuminate/Http/Request))
#19 C:/laragon/www/APK_POS2/vendor/laravel/framework/src/Illuminate/Pipeline/Pipeline.php(219): Illuminate/Foundation/Http/Middleware/VerifyCsrfToken->handle(Object(Illuminate/Http/Request), Object(Closure))
#20 C:/laragon/www/APK_POS2/vendor/laravel/framework/src/Illuminate/View/Middleware/ShareErrorsFromSession.php(48): Illuminate/Pipeline/Pipeline->{closure:{closure:Illuminate/Pipeline/Pipeline::carry():194}:195}(Object(Illuminate/Http/Request))
#21 C:/laragon/www/APK_POS2/vendor/laravel/framework/src/Illuminate/Pipeline/Pipeline.php(219): Illuminate/View/Middleware/ShareErrorsFromSession->handle(Object(Illuminate/Http/Request), Object(Closure))
#22 C:/laragon/www/APK_POS2/vendor/laravel/framework/src/Illuminate/Session/Middleware/StartSession.php(120): Illuminate/Pipeline/Pipeline->{closure:{closure:Illuminate/Pipeline/Pipeline::carry():194}:195}(Object(Illuminate/Http/Request))
#23 C:/laragon/www/APK_POS2/vendor/laravel/framework/src/Illuminate/Session/Middleware/StartSession.php(63): Illuminate/Session/Middleware/StartSession->handleStatefulRequest(Object(Illuminate/Http/Request), Object(Illuminate/Session/Store), Object(Closure))
#24 C:/laragon/www/APK_POS2/vendor/laravel/framework/src/Illuminate/Pipeline/Pipeline.php(219): Illuminate/Session/Middleware/StartSession->handle(Object(Illuminate/Http/Request), Object(Closure))
#25 C:/laragon/www/APK_POS2/vendor/laravel/framework/src/Illuminate/Cookie/Middleware/AddQueuedCookiesToResponse.php(36): Illuminate/Pipeline/Pipeline->{closure:{closure:Illuminate/Pipeline/Pipeline::carry():194}:195}(Object(Illuminate/Http/Request))
#26 C:/laragon/www/APK_POS2/vendor/laravel/framework/src/Illuminate/Pipeline/Pipeline.php(219): Illuminate/Cookie/Middleware/AddQueuedCookiesToResponse->handle(Object(Illuminate/Http/Request), Object(Closure))
#27 C:/laragon/www/APK_POS2/vendor/laravel/framework/src/Illuminate/Cookie/Middleware/EncryptCookies.php(74): Illuminate/Pipeline/Pipeline->{closure:{closure:Illuminate/Pipeline/Pipeline::carry():194}:195}(Object(Illuminate/Http/Request))
#28 C:/laragon/www/APK_POS2/vendor/laravel/framework/src/Illuminate/Pipeline/Pipeline.php(219): Illuminate/Cookie/Middleware/EncryptCookies->handle(Object(Illuminate/Http/Request), Object(Closure))
#29 C:/laragon/www/APK_POS2/vendor/laravel/framework/src/Illuminate/Pipeline/Pipeline.php(137): Illuminate/Pipeline/Pipeline->{closure:{closure:Illuminate/Pipeline/Pipeline::carry():194}:195}(Object(Illuminate/Http/Request))
#30 C:/laragon/www/APK_POS2/vendor/laravel/framework/src/Illuminate/Routing/Router.php(821): Illuminate/Pipeline/Pipeline->then(Object(Closure))
#31 C:/laragon/www/APK_POS2/vendor/laravel/framework/src/Illuminate/Routing/Router.php(800): Illuminate/Routing/Router->runRouteWithinStack(Object(Illuminate/Routing/Route), Object(Illuminate/Http/Request))
#32 C:/laragon/www/APK_POS2/vendor/laravel/framework/src/Illuminate/Routing/Router.php(764): Illuminate/Routing/Router->runRoute(Object(Illuminate/Http/Request), Object(Illuminate/Routing/Route))
#33 C:/laragon/www/APK_POS2/vendor/laravel/framework/src/Illuminate/Routing/Router.php(753): Illuminate/Routing/Router->dispatchToRoute(Object(Illuminate/Http/Request))
#34 C:/laragon/www/APK_POS2/vendor/laravel/framework/src/Illuminate/Foundation/Http/Kernel.php(200): Illuminate/Routing/Router->dispatch(Object(Illuminate/Http/Request))
#35 C:/laragon/www/APK_POS2/vendor/laravel/framework/src/Illuminate/Pipeline/Pipeline.php(180): Illuminate/Foundation/Http/Kernel->{closure:Illuminate/Foundation/Http/Kernel::dispatchToRouter():197}(Object(Illuminate/Http/Request))
#36 C:/laragon/www/APK_POS2/vendor/laravel/framework/src/Illuminate/Foundation/Http/Middleware/TransformsRequest.php(21): Illuminate/Pipeline/Pipeline->{closure:Illuminate/Pipeline/Pipeline::prepareDestination():178}(Object(Illuminate/Http/Request))
#37 C:/laragon/www/APK_POS2/vendor/laravel/framework/src/Illuminate/Foundation/Http/Middleware/ConvertEmptyStringsToNull.php(31): Illuminate/Foundation/Http/Middleware/TransformsRequest->handle(Object(Illuminate/Http/Request), Object(Closure))
#38 C:/laragon/www/APK_POS2/vendor/laravel/framework/src/Illuminate/Pipeline/Pipeline.php(219): Illuminate/Foundation/Http/Middleware/ConvertEmptyStringsToNull->handle(Object(Illuminate/Http/Request), Object(Closure))
#39 C:/laragon/www/APK_POS2/vendor/laravel/framework/src/Illuminate/Foundation/Http/Middleware/TransformsRequest.php(21): Illuminate/Pipeline/Pipeline->{closure:{closure:Illuminate/Pipeline/Pipeline::carry():194}:195}(Object(Illuminate/Http/Request))
#40 C:/laragon/www/APK_POS2/vendor/laravel/framework/src/Illuminate/Foundation/Http/Middleware/TrimStrings.php(51): Illuminate/Foundation/Http/Middleware/TransformsRequest->handle(Object(Illuminate/Http/Request), Object(Closure))
#41 C:/laragon/www/APK_POS2/vendor/laravel/framework/src/Illuminate/Pipeline/Pipeline.php(219): Illuminate/Foundation/Http/Middleware/TrimStrings->handle(Object(Illuminate/Http/Request), Object(Closure))
#42 C:/laragon/www/APK_POS2/vendor/laravel/framework/src/Illuminate/Http/Middleware/ValidatePostSize.php(27): Illuminate/Pipeline/Pipeline->{closure:{closure:Illuminate/Pipeline/Pipeline::carry():194}:195}(Object(Illuminate/Http/Request))
#43 C:/laragon/www/APK_POS2/vendor/laravel/framework/src/Illuminate/Pipeline/Pipeline.php(219): Illuminate/Http/Middleware/ValidatePostSize->handle(Object(Illuminate/Http/Request), Object(Closure))
#44 C:/laragon/www/APK_POS2/vendor/laravel/framework/src/Illuminate/Foundation/Http/Middleware/PreventRequestsDuringMaintenance.php(109): Illuminate/Pipeline/Pipeline->{closure:{closure:Illuminate/Pipeline/Pipeline::carry():194}:195}(Object(Illuminate/Http/Request))
#45 C:/laragon/www/APK_POS2/vendor/laravel/framework/src/Illuminate/Pipeline/Pipeline.php(219): Illuminate/Foundation/Http/Middleware/PreventRequestsDuringMaintenance->handle(Object(Illuminate/Http/Request), Object(Closure))
#46 C:/laragon/www/APK_POS2/vendor/laravel/framework/src/Illuminate/Http/Middleware/HandleCors.php(61): Illuminate/Pipeline/Pipeline->{closure:{closure:Illuminate/Pipeline/Pipeline::carry():194}:195}(Object(Illuminate/Http/Request))
#47 C:/laragon/www/APK_POS2/vendor/laravel/framework/src/Illuminate/Pipeline/Pipeline.php(219): Illuminate/Http/Middleware/HandleCors->handle(Object(Illuminate/Http/Request), Object(Closure))
#48 C:/laragon/www/APK_POS2/vendor/laravel/framework/src/Illuminate/Http/Middleware/TrustProxies.php(58): Illuminate/Pipeline/Pipeline->{closure:{closure:Illuminate/Pipeline/Pipeline::carry():194}:195}(Object(Illuminate/Http/Request))
#49 C:/laragon/www/APK_POS2/vendor/laravel/framework/src/Illuminate/Pipeline/Pipeline.php(219): Illuminate/Http/Middleware/TrustProxies->handle(Object(Illuminate/Http/Request), Object(Closure))
#50 C:/laragon/www/APK_POS2/vendor/laravel/framework/src/Illuminate/Foundation/Http/Middleware/InvokeDeferredCallbacks.php(22): Illuminate/Pipeline/Pipeline->{closure:{closure:Illuminate/Pipeline/Pipeline::carry():194}:195}(Object(Illuminate/Http/Request))
#51 C:/laragon/www/APK_POS2/vendor/laravel/framework/src/Illuminate/Pipeline/Pipeline.php(219): Illuminate/Foundation/Http/Middleware/InvokeDeferredCallbacks->handle(Object(Illuminate/Http/Request), Object(Closure))
#52 C:/laragon/www/APK_POS2/vendor/laravel/framework/src/Illuminate/Http/Middleware/ValidatePathEncoding.php(26): Illuminate/Pipeline/Pipeline->{closure:{closure:Illuminate/Pipeline/Pipeline::carry():194}:195}(Object(Illuminate/Http/Request))
#53 C:/laragon/www/APK_POS2/vendor/laravel/framework/src/Illuminate/Pipeline/Pipeline.php(219): Illuminate/Http/Middleware/ValidatePathEncoding->handle(Object(Illuminate/Http/Request), Object(Closure))
#54 C:/laragon/www/APK_POS2/vendor/laravel/framework/src/Illuminate/Pipeline/Pipeline.php(137): Illuminate/Pipeline/Pipeline->{closure:{closure:Illuminate/Pipeline/Pipeline::carry():194}:195}(Object(Illuminate/Http/Request))
#55 C:/laragon/www/APK_POS2/vendor/laravel/framework/src/Illuminate/Foundation/Http/Kernel.php(175): Illuminate/Pipeline/Pipeline->then(Object(Closure))
#56 C:/laragon/www/APK_POS2/vendor/laravel/framework/src/Illuminate/Foundation/Http/Kernel.php(144): Illuminate/Foundation/Http/Kernel->sendRequestThroughRouter(Object(Illuminate/Http/Request))
#57 C:/laragon/www/APK_POS2/vendor/laravel/framework/src/Illuminate/Foundation/Application.php(1220): Illuminate/Foundation/Http/Kernel->handle(Object(Illuminate/Http/Request))
#58 C:/laragon/www/APK_POS2/public/index.php(20): Illuminate/Foundation/Application->handleRequest(Object(Illuminate/Http/Request))
#59 C:/laragon/www/APK_POS2/vendor/laravel/framework/src/Illuminate/Foundation/resources/server.php(23): require_once('C://laragon//www//...')
#60 {main}
"} 
[2026-08-06 06:25:30] local.ERROR: syntax error, unexpected token "=" (View: C:\laragon\www\APK_POS2\resources\views\penjualan\index.blade.php) {"userId":1,"exception":"[object] (Illuminate\\View\\ViewException(code: 0): syntax error, unexpected token \"=\" (View: C:\\laragon\\www\\APK_POS2\\resources\\views\\penjualan\\index.blade.php) at C:/laragon/www/APK_POS2/storage/framework/views/304c161585f63d667a9c2c20e2307300.php:79)
[stacktrace]
#0 C:/laragon/www/APK_POS2/vendor/laravel/framework/src/Illuminate/View/Engines/PhpEngine.php(59): Illuminate/View/Engines/CompilerEngine->handleViewException(Object(ParseError), 1)
#1 C:/laragon/www/APK_POS2/vendor/laravel/framework/src/Illuminate/View/Engines/CompilerEngine.php(76): Illuminate/View/Engines/PhpEngine->evaluatePath('C://laragon//www//...', Array)
#2 C:/laragon/www/APK_POS2/vendor/laravel/framework/src/Illuminate/View/View.php(208): Illuminate/View/Engines/CompilerEngine->get('C://laragon//www//...', Array)
#3 C:/laragon/www/APK_POS2/vendor/laravel/framework/src/Illuminate/View/View.php(191): Illuminate/View/View->getContents()
#4 C:/laragon/www/APK_POS2/vendor/laravel/framework/src/Illuminate/View/View.php(160): Illuminate/View/View->renderContents()
#5 C:/laragon/www/APK_POS2/vendor/laravel/framework/src/Illuminate/Http/Response.php(78): Illuminate/View/View->render()
#6 C:/laragon/www/APK_POS2/vendor/laravel/framework/src/Illuminate/Http/Response.php(34): Illuminate/Http/Response->setContent(Object(Illuminate/View/View))
#7 C:/laragon/www/APK_POS2/vendor/laravel/framework/src/Illuminate/Routing/Router.php(939): Illuminate/Http/Response->__construct(Object(Illuminate/View/View), 200, Array)
#8 C:/laragon/www/APK_POS2/vendor/laravel/framework/src/Illuminate/Routing/Router.php(906): Illuminate/Routing/Router::toResponse(Object(Illuminate/Http/Request), Object(Illuminate/View/View))
#9 C:/laragon/www/APK_POS2/vendor/laravel/framework/src/Illuminate/Routing/Router.php(821): Illuminate/Routing/Router->prepareResponse(Object(Illuminate/Http/Request), Object(Illuminate/View/View))
#10 C:/laragon/www/APK_POS2/vendor/laravel/framework/src/Illuminate/Pipeline/Pipeline.php(180): Illuminate/Routing/Router->{closure:Illuminate/Routing/Router::runRouteWithinStack():821}(Object(Illuminate/Http/Request))
#11 C:/laragon/www/APK_POS2/app/Http/Middleware/RoleMiddleware.php(27): Illuminate/Pipeline/Pipeline->{closure:Illuminate/Pipeline/Pipeline::prepareDestination():178}(Object(Illuminate/Http/Request))
#12 C:/laragon/www/APK_POS2/vendor/laravel/framework/src/Illuminate/Pipeline/Pipeline.php(219): App/Http/Middleware/RoleMiddleware->handle(Object(Illuminate/Http/Request), Object(Closure), 'admin', 'kasir')
#13 C:/laragon/www/APK_POS2/vendor/laravel/framework/src/Illuminate/Routing/Middleware/SubstituteBindings.php(50): Illuminate/Pipeline/Pipeline->{closure:{closure:Illuminate/Pipeline/Pipeline::carry():194}:195}(Object(Illuminate/Http/Request))
#14 C:/laragon/www/APK_POS2/vendor/laravel/framework/src/Illuminate/Pipeline/Pipeline.php(219): Illuminate/Routing/Middleware/SubstituteBindings->handle(Object(Illuminate/Http/Request), Object(Closure))
#15 C:/laragon/www/APK_POS2/vendor/laravel/framework/src/Illuminate/Auth/Middleware/Authenticate.php(63): Illuminate/Pipeline/Pipeline->{closure:{closure:Illuminate/Pipeline/Pipeline::carry():194}:195}(Object(Illuminate/Http/Request))
#16 C:/laragon/www/APK_POS2/vendor/laravel/framework/src/Illuminate/Pipeline/Pipeline.php(219): Illuminate/Auth/Middleware/Authenticate->handle(Object(Illuminate/Http/Request), Object(Closure))
#17 C:/laragon/www/APK_POS2/vendor/laravel/framework/src/Illuminate/Foundation/Http/Middleware/VerifyCsrfToken.php(87): Illuminate/Pipeline/Pipeline->{closure:{closure:Illuminate/Pipeline/Pipeline::carry():194}:195}(Object(Illuminate/Http/Request))
#18 C:/laragon/www/APK_POS2/vendor/laravel/framework/src/Illuminate/Pipeline/Pipeline.php(219): Illuminate/Foundation/Http/Middleware/VerifyCsrfToken->handle(Object(Illuminate/Http/Request), Object(Closure))
#19 C:/laragon/www/APK_POS2/vendor/laravel/framework/src/Illuminate/View/Middleware/ShareErrorsFromSession.php(48): Illuminate/Pipeline/Pipeline->{closure:{closure:Illuminate/Pipeline/Pipeline::carry():194}:195}(Object(Illuminate/Http/Request))
#20 C:/laragon/www/APK_POS2/vendor/laravel/framework/src/Illuminate/Pipeline/Pipeline.php(219): Illuminate/View/Middleware/ShareErrorsFromSession->handle(Object(Illuminate/Http/Request), Object(Closure))
#21 C:/laragon/www/APK_POS2/vendor/laravel/framework/src/Illuminate/Session/Middleware/StartSession.php(120): Illuminate/Pipeline/Pipeline->{closure:{closure:Illuminate/Pipeline/Pipeline::carry():194}:195}(Object(Illuminate/Http/Request))
#22 C:/laragon/www/APK_POS2/vendor/laravel/framework/src/Illuminate/Session/Middleware/StartSession.php(63): Illuminate/Session/Middleware/StartSession->handleStatefulRequest(Object(Illuminate/Http/Request), Object(Illuminate/Session/Store), Object(Closure))
#23 C:/laragon/www/APK_POS2/vendor/laravel/framework/src/Illuminate/Pipeline/Pipeline.php(219): Illuminate/Session/Middleware/StartSession->handle(Object(Illuminate/Http/Request), Object(Closure))
#24 C:/laragon/www/APK_POS2/vendor/laravel/framework/src/Illuminate/Cookie/Middleware/AddQueuedCookiesToResponse.php(36): Illuminate/Pipeline/Pipeline->{closure:{closure:Illuminate/Pipeline/Pipeline::carry():194}:195}(Object(Illuminate/Http/Request))
#25 C:/laragon/www/APK_POS2/vendor/laravel/framework/src/Illuminate/Pipeline/Pipeline.php(219): Illuminate/Cookie/Middleware/AddQueuedCookiesToResponse->handle(Object(Illuminate/Http/Request), Object(Closure))
#26 C:/laragon/www/APK_POS2/vendor/laravel/framework/src/Illuminate/Cookie/Middleware/EncryptCookies.php(74): Illuminate/Pipeline/Pipeline->{closure:{closure:Illuminate/Pipeline/Pipeline::carry():194}:195}(Object(Illuminate/Http/Request))
#27 C:/laragon/www/APK_POS2/vendor/laravel/framework/src/Illuminate/Pipeline/Pipeline.php(219): Illuminate/Cookie/Middleware/EncryptCookies->handle(Object(Illuminate/Http/Request), Object(Closure))
#28 C:/laragon/www/APK_POS2/vendor/laravel/framework/src/Illuminate/Pipeline/Pipeline.php(137): Illuminate/Pipeline/Pipeline->{closure:{closure:Illuminate/Pipeline/Pipeline::carry():194}:195}(Object(Illuminate/Http/Request))
#29 C:/laragon/www/APK_POS2/vendor/laravel/framework/src/Illuminate/Routing/Router.php(821): Illuminate/Pipeline/Pipeline->then(Object(Closure))
#30 C:/laragon/www/APK_POS2/vendor/laravel/framework/src/Illuminate/Routing/Router.php(800): Illuminate/Routing/Router->runRouteWithinStack(Object(Illuminate/Routing/Route), Object(Illuminate/Http/Request))
#31 C:/laragon/www/APK_POS2/vendor/laravel/framework/src/Illuminate/Routing/Router.php(764): Illuminate/Routing/Router->runRoute(Object(Illuminate/Http/Request), Object(Illuminate/Routing/Route))
#32 C:/laragon/www/APK_POS2/vendor/laravel/framework/src/Illuminate/Routing/Router.php(753): Illuminate/Routing/Router->dispatchToRoute(Object(Illuminate/Http/Request))
#33 C:/laragon/www/APK_POS2/vendor/laravel/framework/src/Illuminate/Foundation/Http/Kernel.php(200): Illuminate/Routing/Router->dispatch(Object(Illuminate/Http/Request))
#34 C:/laragon/www/APK_POS2/vendor/laravel/framework/src/Illuminate/Pipeline/Pipeline.php(180): Illuminate/Foundation/Http/Kernel->{closure:Illuminate/Foundation/Http/Kernel::dispatchToRouter():197}(Object(Illuminate/Http/Request))
#35 C:/laragon/www/APK_POS2/vendor/laravel/framework/src/Illuminate/Foundation/Http/Middleware/TransformsRequest.php(21): Illuminate/Pipeline/Pipeline->{closure:Illuminate/Pipeline/Pipeline::prepareDestination():178}(Object(Illuminate/Http/Request))
#36 C:/laragon/www/APK_POS2/vendor/laravel/framework/src/Illuminate/Foundation/Http/Middleware/ConvertEmptyStringsToNull.php(31): Illuminate/Foundation/Http/Middleware/TransformsRequest->handle(Object(Illuminate/Http/Request), Object(Closure))
#37 C:/laragon/www/APK_POS2/vendor/laravel/framework/src/Illuminate/Pipeline/Pipeline.php(219): Illuminate/Foundation/Http/Middleware/ConvertEmptyStringsToNull->handle(Object(Illuminate/Http/Request), Object(Closure))
#38 C:/laragon/www/APK_POS2/vendor/laravel/framework/src/Illuminate/Foundation/Http/Middleware/TransformsRequest.php(21): Illuminate/Pipeline/Pipeline->{closure:{closure:Illuminate/Pipeline/Pipeline::carry():194}:195}(Object(Illuminate/Http/Request))
#39 C:/laragon/www/APK_POS2/vendor/laravel/framework/src/Illuminate/Foundation/Http/Middleware/TrimStrings.php(51): Illuminate/Foundation/Http/Middleware/TransformsRequest->handle(Object(Illuminate/Http/Request), Object(Closure))
#40 C:/laragon/www/APK_POS2/vendor/laravel/framework/src/Illuminate/Pipeline/Pipeline.php(219): Illuminate/Foundation/Http/Middleware/TrimStrings->handle(Object(Illuminate/Http/Request), Object(Closure))
#41 C:/laragon/www/APK_POS2/vendor/laravel/framework/src/Illuminate/Http/Middleware/ValidatePostSize.php(27): Illuminate/Pipeline/Pipeline->{closure:{closure:Illuminate/Pipeline/Pipeline::carry():194}:195}(Object(Illuminate/Http/Request))
#42 C:/laragon/www/APK_POS2/vendor/laravel/framework/src/Illuminate/Pipeline/Pipeline.php(219): Illuminate/Http/Middleware/ValidatePostSize->handle(Object(Illuminate/Http/Request), Object(Closure))
#43 C:/laragon/www/APK_POS2/vendor/laravel/framework/src/Illuminate/Foundation/Http/Middleware/PreventRequestsDuringMaintenance.php(109): Illuminate/Pipeline/Pipeline->{closure:{closure:Illuminate/Pipeline/Pipeline::carry():194}:195}(Object(Illuminate/Http/Request))
#44 C:/laragon/www/APK_POS2/vendor/laravel/framework/src/Illuminate/Pipeline/Pipeline.php(219): Illuminate/Foundation/Http/Middleware/PreventRequestsDuringMaintenance->handle(Object(Illuminate/Http/Request), Object(Closure))
#45 C:/laragon/www/APK_POS2/vendor/laravel/framework/src/Illuminate/Http/Middleware/HandleCors.php(61): Illuminate/Pipeline/Pipeline->{closure:{closure:Illuminate/Pipeline/Pipeline::carry():194}:195}(Object(Illuminate/Http/Request))
#46 C:/laragon/www/APK_POS2/vendor/laravel/framework/src/Illuminate/Pipeline/Pipeline.php(219): Illuminate/Http/Middleware/HandleCors->handle(Object(Illuminate/Http/Request), Object(Closure))
#47 C:/laragon/www/APK_POS2/vendor/laravel/framework/src/Illuminate/Http/Middleware/TrustProxies.php(58): Illuminate/Pipeline/Pipeline->{closure:{closure:Illuminate/Pipeline/Pipeline::carry():194}:195}(Object(Illuminate/Http/Request))
#48 C:/laragon/www/APK_POS2/vendor/laravel/framework/src/Illuminate/Pipeline/Pipeline.php(219): Illuminate/Http/Middleware/TrustProxies->handle(Object(Illuminate/Http/Request), Object(Closure))
#49 C:/laragon/www/APK_POS2/vendor/laravel/framework/src/Illuminate/Foundation/Http/Middleware/InvokeDeferredCallbacks.php(22): Illuminate/Pipeline/Pipeline->{closure:{closure:Illuminate/Pipeline/Pipeline::carry():194}:195}(Object(Illuminate/Http/Request))
#50 C:/laragon/www/APK_POS2/vendor/laravel/framework/src/Illuminate/Pipeline/Pipeline.php(219): Illuminate/Foundation/Http/Middleware/InvokeDeferredCallbacks->handle(Object(Illuminate/Http/Request), Object(Closure))
#51 C:/laragon/www/APK_POS2/vendor/laravel/framework/src/Illuminate/Http/Middleware/ValidatePathEncoding.php(26): Illuminate/Pipeline/Pipeline->{closure:{closure:Illuminate/Pipeline/Pipeline::carry():194}:195}(Object(Illuminate/Http/Request))
#52 C:/laragon/www/APK_POS2/vendor/laravel/framework/src/Illuminate/Pipeline/Pipeline.php(219): Illuminate/Http/Middleware/ValidatePathEncoding->handle(Object(Illuminate/Http/Request), Object(Closure))
#53 C:/laragon/www/APK_POS2/vendor/laravel/framework/src/Illuminate/Pipeline/Pipeline.php(137): Illuminate/Pipeline/Pipeline->{closure:{closure:Illuminate/Pipeline/Pipeline::carry():194}:195}(Object(Illuminate/Http/Request))
#54 C:/laragon/www/APK_POS2/vendor/laravel/framework/src/Illuminate/Foundation/Http/Kernel.php(175): Illuminate/Pipeline/Pipeline->then(Object(Closure))
#55 C:/laragon/www/APK_POS2/vendor/laravel/framework/src/Illuminate/Foundation/Http/Kernel.php(144): Illuminate/Foundation/Http/Kernel->sendRequestThroughRouter(Object(Illuminate/Http/Request))
#56 C:/laragon/www/APK_POS2/vendor/laravel/framework/src/Illuminate/Foundation/Application.php(1220): Illuminate/Foundation/Http/Kernel->handle(Object(Illuminate/Http/Request))
#57 C:/laragon/www/APK_POS2/public/index.php(20): Illuminate/Foundation/Application->handleRequest(Object(Illuminate/Http/Request))
#58 C:/laragon/www/APK_POS2/vendor/laravel/framework/src/Illuminate/Foundation/resources/server.php(23): require_once('C://laragon//www//...')
#59 {main}

[previous exception] [object] (ParseError(code: 0): syntax error, unexpected token \"=\" at C:/laragon/www/APK_POS2/storage/framework/views/304c161585f63d667a9c2c20e2307300.php:79)
[stacktrace]
#0 C:/laragon/www/APK_POS2/vendor/laravel/framework/src/Illuminate/Filesystem/Filesystem.php(124): Illuminate/Filesystem/Filesystem::{closure:Illuminate/Filesystem/Filesystem::getRequire():120}()
#1 C:/laragon/www/APK_POS2/vendor/laravel/framework/src/Illuminate/View/Engines/PhpEngine.php(57): Illuminate/Filesystem/Filesystem->getRequire('C://laragon//www//...', Array)
#2 C:/laragon/www/APK_POS2/vendor/laravel/framework/src/Illuminate/View/Engines/CompilerEngine.php(76): Illuminate/View/Engines/PhpEngine->evaluatePath('C://laragon//www//...', Array)
#3 C:/laragon/www/APK_POS2/vendor/laravel/framework/src/Illuminate/View/View.php(208): Illuminate/View/Engines/CompilerEngine->get('C://laragon//www//...', Array)
#4 C:/laragon/www/APK_POS2/vendor/laravel/framework/src/Illuminate/View/View.php(191): Illuminate/View/View->getContents()
#5 C:/laragon/www/APK_POS2/vendor/laravel/framework/src/Illuminate/View/View.php(160): Illuminate/View/View->renderContents()
#6 C:/laragon/www/APK_POS2/vendor/laravel/framework/src/Illuminate/Http/Response.php(78): Illuminate/View/View->render()
#7 C:/laragon/www/APK_POS2/vendor/laravel/framework/src/Illuminate/Http/Response.php(34): Illuminate/Http/Response->setContent(Object(Illuminate/View/View))
#8 C:/laragon/www/APK_POS2/vendor/laravel/framework/src/Illuminate/Routing/Router.php(939): Illuminate/Http/Response->__construct(Object(Illuminate/View/View), 200, Array)
#9 C:/laragon/www/APK_POS2/vendor/laravel/framework/src/Illuminate/Routing/Router.php(906): Illuminate/Routing/Router::toResponse(Object(Illuminate/Http/Request), Object(Illuminate/View/View))
#10 C:/laragon/www/APK_POS2/vendor/laravel/framework/src/Illuminate/Routing/Router.php(821): Illuminate/Routing/Router->prepareResponse(Object(Illuminate/Http/Request), Object(Illuminate/View/View))
#11 C:/laragon/www/APK_POS2/vendor/laravel/framework/src/Illuminate/Pipeline/Pipeline.php(180): Illuminate/Routing/Router->{closure:Illuminate/Routing/Router::runRouteWithinStack():821}(Object(Illuminate/Http/Request))
#12 C:/laragon/www/APK_POS2/app/Http/Middleware/RoleMiddleware.php(27): Illuminate/Pipeline/Pipeline->{closure:Illuminate/Pipeline/Pipeline::prepareDestination():178}(Object(Illuminate/Http/Request))
#13 C:/laragon/www/APK_POS2/vendor/laravel/framework/src/Illuminate/Pipeline/Pipeline.php(219): App/Http/Middleware/RoleMiddleware->handle(Object(Illuminate/Http/Request), Object(Closure), 'admin', 'kasir')
#14 C:/laragon/www/APK_POS2/vendor/laravel/framework/src/Illuminate/Routing/Middleware/SubstituteBindings.php(50): Illuminate/Pipeline/Pipeline->{closure:{closure:Illuminate/Pipeline/Pipeline::carry():194}:195}(Object(Illuminate/Http/Request))
#15 C:/laragon/www/APK_POS2/vendor/laravel/framework/src/Illuminate/Pipeline/Pipeline.php(219): Illuminate/Routing/Middleware/SubstituteBindings->handle(Object(Illuminate/Http/Request), Object(Closure))
#16 C:/laragon/www/APK_POS2/vendor/laravel/framework/src/Illuminate/Auth/Middleware/Authenticate.php(63): Illuminate/Pipeline/Pipeline->{closure:{closure:Illuminate/Pipeline/Pipeline::carry():194}:195}(Object(Illuminate/Http/Request))
#17 C:/laragon/www/APK_POS2/vendor/laravel/framework/src/Illuminate/Pipeline/Pipeline.php(219): Illuminate/Auth/Middleware/Authenticate->handle(Object(Illuminate/Http/Request), Object(Closure))
#18 C:/laragon/www/APK_POS2/vendor/laravel/framework/src/Illuminate/Foundation/Http/Middleware/VerifyCsrfToken.php(87): Illuminate/Pipeline/Pipeline->{closure:{closure:Illuminate/Pipeline/Pipeline::carry():194}:195}(Object(Illuminate/Http/Request))
#19 C:/laragon/www/APK_POS2/vendor/laravel/framework/src/Illuminate/Pipeline/Pipeline.php(219): Illuminate/Foundation/Http/Middleware/VerifyCsrfToken->handle(Object(Illuminate/Http/Request), Object(Closure))
#20 C:/laragon/www/APK_POS2/vendor/laravel/framework/src/Illuminate/View/Middleware/ShareErrorsFromSession.php(48): Illuminate/Pipeline/Pipeline->{closure:{closure:Illuminate/Pipeline/Pipeline::carry():194}:195}(Object(Illuminate/Http/Request))
#21 C:/laragon/www/APK_POS2/vendor/laravel/framework/src/Illuminate/Pipeline/Pipeline.php(219): Illuminate/View/Middleware/ShareErrorsFromSession->handle(Object(Illuminate/Http/Request), Object(Closure))
#22 C:/laragon/www/APK_POS2/vendor/laravel/framework/src/Illuminate/Session/Middleware/StartSession.php(120): Illuminate/Pipeline/Pipeline->{closure:{closure:Illuminate/Pipeline/Pipeline::carry():194}:195}(Object(Illuminate/Http/Request))
#23 C:/laragon/www/APK_POS2/vendor/laravel/framework/src/Illuminate/Session/Middleware/StartSession.php(63): Illuminate/Session/Middleware/StartSession->handleStatefulRequest(Object(Illuminate/Http/Request), Object(Illuminate/Session/Store), Object(Closure))
#24 C:/laragon/www/APK_POS2/vendor/laravel/framework/src/Illuminate/Pipeline/Pipeline.php(219): Illuminate/Session/Middleware/StartSession->handle(Object(Illuminate/Http/Request), Object(Closure))
#25 C:/laragon/www/APK_POS2/vendor/laravel/framework/src/Illuminate/Cookie/Middleware/AddQueuedCookiesToResponse.php(36): Illuminate/Pipeline/Pipeline->{closure:{closure:Illuminate/Pipeline/Pipeline::carry():194}:195}(Object(Illuminate/Http/Request))
#26 C:/laragon/www/APK_POS2/vendor/laravel/framework/src/Illuminate/Pipeline/Pipeline.php(219): Illuminate/Cookie/Middleware/AddQueuedCookiesToResponse->handle(Object(Illuminate/Http/Request), Object(Closure))
#27 C:/laragon/www/APK_POS2/vendor/laravel/framework/src/Illuminate/Cookie/Middleware/EncryptCookies.php(74): Illuminate/Pipeline/Pipeline->{closure:{closure:Illuminate/Pipeline/Pipeline::carry():194}:195}(Object(Illuminate/Http/Request))
#28 C:/laragon/www/APK_POS2/vendor/laravel/framework/src/Illuminate/Pipeline/Pipeline.php(219): Illuminate/Cookie/Middleware/EncryptCookies->handle(Object(Illuminate/Http/Request), Object(Closure))
#29 C:/laragon/www/APK_POS2/vendor/laravel/framework/src/Illuminate/Pipeline/Pipeline.php(137): Illuminate/Pipeline/Pipeline->{closure:{closure:Illuminate/Pipeline/Pipeline::carry():194}:195}(Object(Illuminate/Http/Request))
#30 C:/laragon/www/APK_POS2/vendor/laravel/framework/src/Illuminate/Routing/Router.php(821): Illuminate/Pipeline/Pipeline->then(Object(Closure))
#31 C:/laragon/www/APK_POS2/vendor/laravel/framework/src/Illuminate/Routing/Router.php(800): Illuminate/Routing/Router->runRouteWithinStack(Object(Illuminate/Routing/Route), Object(Illuminate/Http/Request))
#32 C:/laragon/www/APK_POS2/vendor/laravel/framework/src/Illuminate/Routing/Router.php(764): Illuminate/Routing/Router->runRoute(Object(Illuminate/Http/Request), Object(Illuminate/Routing/Route))
#33 C:/laragon/www/APK_POS2/vendor/laravel/framework/src/Illuminate/Routing/Router.php(753): Illuminate/Routing/Router->dispatchToRoute(Object(Illuminate/Http/Request))
#34 C:/laragon/www/APK_POS2/vendor/laravel/framework/src/Illuminate/Foundation/Http/Kernel.php(200): Illuminate/Routing/Router->dispatch(Object(Illuminate/Http/Request))
#35 C:/laragon/www/APK_POS2/vendor/laravel/framework/src/Illuminate/Pipeline/Pipeline.php(180): Illuminate/Foundation/Http/Kernel->{closure:Illuminate/Foundation/Http/Kernel::dispatchToRouter():197}(Object(Illuminate/Http/Request))
#36 C:/laragon/www/APK_POS2/vendor/laravel/framework/src/Illuminate/Foundation/Http/Middleware/TransformsRequest.php(21): Illuminate/Pipeline/Pipeline->{closure:Illuminate/Pipeline/Pipeline::prepareDestination():178}(Object(Illuminate/Http/Request))
#37 C:/laragon/www/APK_POS2/vendor/laravel/framework/src/Illuminate/Foundation/Http/Middleware/ConvertEmptyStringsToNull.php(31): Illuminate/Foundation/Http/Middleware/TransformsRequest->handle(Object(Illuminate/Http/Request), Object(Closure))
#38 C:/laragon/www/APK_POS2/vendor/laravel/framework/src/Illuminate/Pipeline/Pipeline.php(219): Illuminate/Foundation/Http/Middleware/ConvertEmptyStringsToNull->handle(Object(Illuminate/Http/Request), Object(Closure))
#39 C:/laragon/www/APK_POS2/vendor/laravel/framework/src/Illuminate/Foundation/Http/Middleware/TransformsRequest.php(21): Illuminate/Pipeline/Pipeline->{closure:{closure:Illuminate/Pipeline/Pipeline::carry():194}:195}(Object(Illuminate/Http/Request))
#40 C:/laragon/www/APK_POS2/vendor/laravel/framework/src/Illuminate/Foundation/Http/Middleware/TrimStrings.php(51): Illuminate/Foundation/Http/Middleware/TransformsRequest->handle(Object(Illuminate/Http/Request), Object(Closure))
#41 C:/laragon/www/APK_POS2/vendor/laravel/framework/src/Illuminate/Pipeline/Pipeline.php(219): Illuminate/Foundation/Http/Middleware/TrimStrings->handle(Object(Illuminate/Http/Request), Object(Closure))
#42 C:/laragon/www/APK_POS2/vendor/laravel/framework/src/Illuminate/Http/Middleware/ValidatePostSize.php(27): Illuminate/Pipeline/Pipeline->{closure:{closure:Illuminate/Pipeline/Pipeline::carry():194}:195}(Object(Illuminate/Http/Request))
#43 C:/laragon/www/APK_POS2/vendor/laravel/framework/src/Illuminate/Pipeline/Pipeline.php(219): Illuminate/Http/Middleware/ValidatePostSize->handle(Object(Illuminate/Http/Request), Object(Closure))
#44 C:/laragon/www/APK_POS2/vendor/laravel/framework/src/Illuminate/Foundation/Http/Middleware/PreventRequestsDuringMaintenance.php(109): Illuminate/Pipeline/Pipeline->{closure:{closure:Illuminate/Pipeline/Pipeline::carry():194}:195}(Object(Illuminate/Http/Request))
#45 C:/laragon/www/APK_POS2/vendor/laravel/framework/src/Illuminate/Pipeline/Pipeline.php(219): Illuminate/Foundation/Http/Middleware/PreventRequestsDuringMaintenance->handle(Object(Illuminate/Http/Request), Object(Closure))
#46 C:/laragon/www/APK_POS2/vendor/laravel/framework/src/Illuminate/Http/Middleware/HandleCors.php(61): Illuminate/Pipeline/Pipeline->{closure:{closure:Illuminate/Pipeline/Pipeline::carry():194}:195}(Object(Illuminate/Http/Request))
#47 C:/laragon/www/APK_POS2/vendor/laravel/framework/src/Illuminate/Pipeline/Pipeline.php(219): Illuminate/Http/Middleware/HandleCors->handle(Object(Illuminate/Http/Request), Object(Closure))
#48 C:/laragon/www/APK_POS2/vendor/laravel/framework/src/Illuminate/Http/Middleware/TrustProxies.php(58): Illuminate/Pipeline/Pipeline->{closure:{closure:Illuminate/Pipeline/Pipeline::carry():194}:195}(Object(Illuminate/Http/Request))
#49 C:/laragon/www/APK_POS2/vendor/laravel/framework/src/Illuminate/Pipeline/Pipeline.php(219): Illuminate/Http/Middleware/TrustProxies->handle(Object(Illuminate/Http/Request), Object(Closure))
#50 C:/laragon/www/APK_POS2/vendor/laravel/framework/src/Illuminate/Foundation/Http/Middleware/InvokeDeferredCallbacks.php(22): Illuminate/Pipeline/Pipeline->{closure:{closure:Illuminate/Pipeline/Pipeline::carry():194}:195}(Object(Illuminate/Http/Request))
#51 C:/laragon/www/APK_POS2/vendor/laravel/framework/src/Illuminate/Pipeline/Pipeline.php(219): Illuminate/Foundation/Http/Middleware/InvokeDeferredCallbacks->handle(Object(Illuminate/Http/Request), Object(Closure))
#52 C:/laragon/www/APK_POS2/vendor/laravel/framework/src/Illuminate/Http/Middleware/ValidatePathEncoding.php(26): Illuminate/Pipeline/Pipeline->{closure:{closure:Illuminate/Pipeline/Pipeline::carry():194}:195}(Object(Illuminate/Http/Request))
#53 C:/laragon/www/APK_POS2/vendor/laravel/framework/src/Illuminate/Pipeline/Pipeline.php(219): Illuminate/Http/Middleware/ValidatePathEncoding->handle(Object(Illuminate/Http/Request), Object(Closure))
#54 C:/laragon/www/APK_POS2/vendor/laravel/framework/src/Illuminate/Pipeline/Pipeline.php(137): Illuminate/Pipeline/Pipeline->{closure:{closure:Illuminate/Pipeline/Pipeline::carry():194}:195}(Object(Illuminate/Http/Request))
#55 C:/laragon/www/APK_POS2/vendor/laravel/framework/src/Illuminate/Foundation/Http/Kernel.php(175): Illuminate/Pipeline/Pipeline->then(Object(Closure))
#56 C:/laragon/www/APK_POS2/vendor/laravel/framework/src/Illuminate/Foundation/Http/Kernel.php(144): Illuminate/Foundation/Http/Kernel->sendRequestThroughRouter(Object(Illuminate/Http/Request))
#57 C:/laragon/www/APK_POS2/vendor/laravel/framework/src/Illuminate/Foundation/Application.php(1220): Illuminate/Foundation/Http/Kernel->handle(Object(Illuminate/Http/Request))
#58 C:/laragon/www/APK_POS2/public/index.php(20): Illuminate/Foundation/Application->handleRequest(Object(Illuminate/Http/Request))
#59 C:/laragon/www/APK_POS2/vendor/laravel/framework/src/Illuminate/Foundation/resources/server.php(23): require_once('C://laragon//www//...')
#60 {main}
"} 
[2026-08-06 06:25:37] local.ERROR: syntax error, unexpected token "=" (View: C:\laragon\www\APK_POS2\resources\views\penjualan\index.blade.php) {"userId":1,"exception":"[object] (Illuminate\\View\\ViewException(code: 0): syntax error, unexpected token \"=\" (View: C:\\laragon\\www\\APK_POS2\\resources\\views\\penjualan\\index.blade.php) at C:/laragon/www/APK_POS2/storage/framework/views/304c161585f63d667a9c2c20e2307300.php:79)
[stacktrace]
#0 C:/laragon/www/APK_POS2/vendor/laravel/framework/src/Illuminate/View/Engines/PhpEngine.php(59): Illuminate/View/Engines/CompilerEngine->handleViewException(Object(ParseError), 1)
#1 C:/laragon/www/APK_POS2/vendor/laravel/framework/src/Illuminate/View/Engines/CompilerEngine.php(76): Illuminate/View/Engines/PhpEngine->evaluatePath('C://laragon//www//...', Array)
#2 C:/laragon/www/APK_POS2/vendor/laravel/framework/src/Illuminate/View/View.php(208): Illuminate/View/Engines/CompilerEngine->get('C://laragon//www//...', Array)
#3 C:/laragon/www/APK_POS2/vendor/laravel/framework/src/Illuminate/View/View.php(191): Illuminate/View/View->getContents()
#4 C:/laragon/www/APK_POS2/vendor/laravel/framework/src/Illuminate/View/View.php(160): Illuminate/View/View->renderContents()
#5 C:/laragon/www/APK_POS2/vendor/laravel/framework/src/Illuminate/Http/Response.php(78): Illuminate/View/View->render()
#6 C:/laragon/www/APK_POS2/vendor/laravel/framework/src/Illuminate/Http/Response.php(34): Illuminate/Http/Response->setContent(Object(Illuminate/View/View))
#7 C:/laragon/www/APK_POS2/vendor/laravel/framework/src/Illuminate/Routing/Router.php(939): Illuminate/Http/Response->__construct(Object(Illuminate/View/View), 200, Array)
#8 C:/laragon/www/APK_POS2/vendor/laravel/framework/src/Illuminate/Routing/Router.php(906): Illuminate/Routing/Router::toResponse(Object(Illuminate/Http/Request), Object(Illuminate/View/View))
#9 C:/laragon/www/APK_POS2/vendor/laravel/framework/src/Illuminate/Routing/Router.php(821): Illuminate/Routing/Router->prepareResponse(Object(Illuminate/Http/Request), Object(Illuminate/View/View))
#10 C:/laragon/www/APK_POS2/vendor/laravel/framework/src/Illuminate/Pipeline/Pipeline.php(180): Illuminate/Routing/Router->{closure:Illuminate/Routing/Router::runRouteWithinStack():821}(Object(Illuminate/Http/Request))
#11 C:/laragon/www/APK_POS2/app/Http/Middleware/RoleMiddleware.php(27): Illuminate/Pipeline/Pipeline->{closure:Illuminate/Pipeline/Pipeline::prepareDestination():178}(Object(Illuminate/Http/Request))
#12 C:/laragon/www/APK_POS2/vendor/laravel/framework/src/Illuminate/Pipeline/Pipeline.php(219): App/Http/Middleware/RoleMiddleware->handle(Object(Illuminate/Http/Request), Object(Closure), 'admin', 'kasir')
#13 C:/laragon/www/APK_POS2/vendor/laravel/framework/src/Illuminate/Routing/Middleware/SubstituteBindings.php(50): Illuminate/Pipeline/Pipeline->{closure:{closure:Illuminate/Pipeline/Pipeline::carry():194}:195}(Object(Illuminate/Http/Request))
#14 C:/laragon/www/APK_POS2/vendor/laravel/framework/src/Illuminate/Pipeline/Pipeline.php(219): Illuminate/Routing/Middleware/SubstituteBindings->handle(Object(Illuminate/Http/Request), Object(Closure))
#15 C:/laragon/www/APK_POS2/vendor/laravel/framework/src/Illuminate/Auth/Middleware/Authenticate.php(63): Illuminate/Pipeline/Pipeline->{closure:{closure:Illuminate/Pipeline/Pipeline::carry():194}:195}(Object(Illuminate/Http/Request))
#16 C:/laragon/www/APK_POS2/vendor/laravel/framework/src/Illuminate/Pipeline/Pipeline.php(219): Illuminate/Auth/Middleware/Authenticate->handle(Object(Illuminate/Http/Request), Object(Closure))
#17 C:/laragon/www/APK_POS2/vendor/laravel/framework/src/Illuminate/Foundation/Http/Middleware/VerifyCsrfToken.php(87): Illuminate/Pipeline/Pipeline->{closure:{closure:Illuminate/Pipeline/Pipeline::carry():194}:195}(Object(Illuminate/Http/Request))
#18 C:/laragon/www/APK_POS2/vendor/laravel/framework/src/Illuminate/Pipeline/Pipeline.php(219): Illuminate/Foundation/Http/Middleware/VerifyCsrfToken->handle(Object(Illuminate/Http/Request), Object(Closure))
#19 C:/laragon/www/APK_POS2/vendor/laravel/framework/src/Illuminate/View/Middleware/ShareErrorsFromSession.php(48): Illuminate/Pipeline/Pipeline->{closure:{closure:Illuminate/Pipeline/Pipeline::carry():194}:195}(Object(Illuminate/Http/Request))
#20 C:/laragon/www/APK_POS2/vendor/laravel/framework/src/Illuminate/Pipeline/Pipeline.php(219): Illuminate/View/Middleware/ShareErrorsFromSession->handle(Object(Illuminate/Http/Request), Object(Closure))
#21 C:/laragon/www/APK_POS2/vendor/laravel/framework/src/Illuminate/Session/Middleware/StartSession.php(120): Illuminate/Pipeline/Pipeline->{closure:{closure:Illuminate/Pipeline/Pipeline::carry():194}:195}(Object(Illuminate/Http/Request))
#22 C:/laragon/www/APK_POS2/vendor/laravel/framework/src/Illuminate/Session/Middleware/StartSession.php(63): Illuminate/Session/Middleware/StartSession->handleStatefulRequest(Object(Illuminate/Http/Request), Object(Illuminate/Session/Store), Object(Closure))
#23 C:/laragon/www/APK_POS2/vendor/laravel/framework/src/Illuminate/Pipeline/Pipeline.php(219): Illuminate/Session/Middleware/StartSession->handle(Object(Illuminate/Http/Request), Object(Closure))
#24 C:/laragon/www/APK_POS2/vendor/laravel/framework/src/Illuminate/Cookie/Middleware/AddQueuedCookiesToResponse.php(36): Illuminate/Pipeline/Pipeline->{closure:{closure:Illuminate/Pipeline/Pipeline::carry():194}:195}(Object(Illuminate/Http/Request))
#25 C:/laragon/www/APK_POS2/vendor/laravel/framework/src/Illuminate/Pipeline/Pipeline.php(219): Illuminate/Cookie/Middleware/AddQueuedCookiesToResponse->handle(Object(Illuminate/Http/Request), Object(Closure))
#26 C:/laragon/www/APK_POS2/vendor/laravel/framework/src/Illuminate/Cookie/Middleware/EncryptCookies.php(74): Illuminate/Pipeline/Pipeline->{closure:{closure:Illuminate/Pipeline/Pipeline::carry():194}:195}(Object(Illuminate/Http/Request))
#27 C:/laragon/www/APK_POS2/vendor/laravel/framework/src/Illuminate/Pipeline/Pipeline.php(219): Illuminate/Cookie/Middleware/EncryptCookies->handle(Object(Illuminate/Http/Request), Object(Closure))
#28 C:/laragon/www/APK_POS2/vendor/laravel/framework/src/Illuminate/Pipeline/Pipeline.php(137): Illuminate/Pipeline/Pipeline->{closure:{closure:Illuminate/Pipeline/Pipeline::carry():194}:195}(Object(Illuminate/Http/Request))
#29 C:/laragon/www/APK_POS2/vendor/laravel/framework/src/Illuminate/Routing/Router.php(821): Illuminate/Pipeline/Pipeline->then(Object(Closure))
#30 C:/laragon/www/APK_POS2/vendor/laravel/framework/src/Illuminate/Routing/Router.php(800): Illuminate/Routing/Router->runRouteWithinStack(Object(Illuminate/Routing/Route), Object(Illuminate/Http/Request))
#31 C:/laragon/www/APK_POS2/vendor/laravel/framework/src/Illuminate/Routing/Router.php(764): Illuminate/Routing/Router->runRoute(Object(Illuminate/Http/Request), Object(Illuminate/Routing/Route))
#32 C:/laragon/www/APK_POS2/vendor/laravel/framework/src/Illuminate/Routing/Router.php(753): Illuminate/Routing/Router->dispatchToRoute(Object(Illuminate/Http/Request))
#33 C:/laragon/www/APK_POS2/vendor/laravel/framework/src/Illuminate/Foundation/Http/Kernel.php(200): Illuminate/Routing/Router->dispatch(Object(Illuminate/Http/Request))
#34 C:/laragon/www/APK_POS2/vendor/laravel/framework/src/Illuminate/Pipeline/Pipeline.php(180): Illuminate/Foundation/Http/Kernel->{closure:Illuminate/Foundation/Http/Kernel::dispatchToRouter():197}(Object(Illuminate/Http/Request))
#35 C:/laragon/www/APK_POS2/vendor/laravel/framework/src/Illuminate/Foundation/Http/Middleware/TransformsRequest.php(21): Illuminate/Pipeline/Pipeline->{closure:Illuminate/Pipeline/Pipeline::prepareDestination():178}(Object(Illuminate/Http/Request))
#36 C:/laragon/www/APK_POS2/vendor/laravel/framework/src/Illuminate/Foundation/Http/Middleware/ConvertEmptyStringsToNull.php(31): Illuminate/Foundation/Http/Middleware/TransformsRequest->handle(Object(Illuminate/Http/Request), Object(Closure))
#37 C:/laragon/www/APK_POS2/vendor/laravel/framework/src/Illuminate/Pipeline/Pipeline.php(219): Illuminate/Foundation/Http/Middleware/ConvertEmptyStringsToNull->handle(Object(Illuminate/Http/Request), Object(Closure))
#38 C:/laragon/www/APK_POS2/vendor/laravel/framework/src/Illuminate/Foundation/Http/Middleware/TransformsRequest.php(21): Illuminate/Pipeline/Pipeline->{closure:{closure:Illuminate/Pipeline/Pipeline::carry():194}:195}(Object(Illuminate/Http/Request))
#39 C:/laragon/www/APK_POS2/vendor/laravel/framework/src/Illuminate/Foundation/Http/Middleware/TrimStrings.php(51): Illuminate/Foundation/Http/Middleware/TransformsRequest->handle(Object(Illuminate/Http/Request), Object(Closure))
#40 C:/laragon/www/APK_POS2/vendor/laravel/framework/src/Illuminate/Pipeline/Pipeline.php(219): Illuminate/Foundation/Http/Middleware/TrimStrings->handle(Object(Illuminate/Http/Request), Object(Closure))
#41 C:/laragon/www/APK_POS2/vendor/laravel/framework/src/Illuminate/Http/Middleware/ValidatePostSize.php(27): Illuminate/Pipeline/Pipeline->{closure:{closure:Illuminate/Pipeline/Pipeline::carry():194}:195}(Object(Illuminate/Http/Request))
#42 C:/laragon/www/APK_POS2/vendor/laravel/framework/src/Illuminate/Pipeline/Pipeline.php(219): Illuminate/Http/Middleware/ValidatePostSize->handle(Object(Illuminate/Http/Request), Object(Closure))
#43 C:/laragon/www/APK_POS2/vendor/laravel/framework/src/Illuminate/Foundation/Http/Middleware/PreventRequestsDuringMaintenance.php(109): Illuminate/Pipeline/Pipeline->{closure:{closure:Illuminate/Pipeline/Pipeline::carry():194}:195}(Object(Illuminate/Http/Request))
#44 C:/laragon/www/APK_POS2/vendor/laravel/framework/src/Illuminate/Pipeline/Pipeline.php(219): Illuminate/Foundation/Http/Middleware/PreventRequestsDuringMaintenance->handle(Object(Illuminate/Http/Request), Object(Closure))
#45 C:/laragon/www/APK_POS2/vendor/laravel/framework/src/Illuminate/Http/Middleware/HandleCors.php(61): Illuminate/Pipeline/Pipeline->{closure:{closure:Illuminate/Pipeline/Pipeline::carry():194}:195}(Object(Illuminate/Http/Request))
#46 C:/laragon/www/APK_POS2/vendor/laravel/framework/src/Illuminate/Pipeline/Pipeline.php(219): Illuminate/Http/Middleware/HandleCors->handle(Object(Illuminate/Http/Request), Object(Closure))
#47 C:/laragon/www/APK_POS2/vendor/laravel/framework/src/Illuminate/Http/Middleware/TrustProxies.php(58): Illuminate/Pipeline/Pipeline->{closure:{closure:Illuminate/Pipeline/Pipeline::carry():194}:195}(Object(Illuminate/Http/Request))
#48 C:/laragon/www/APK_POS2/vendor/laravel/framework/src/Illuminate/Pipeline/Pipeline.php(219): Illuminate/Http/Middleware/TrustProxies->handle(Object(Illuminate/Http/Request), Object(Closure))
#49 C:/laragon/www/APK_POS2/vendor/laravel/framework/src/Illuminate/Foundation/Http/Middleware/InvokeDeferredCallbacks.php(22): Illuminate/Pipeline/Pipeline->{closure:{closure:Illuminate/Pipeline/Pipeline::carry():194}:195}(Object(Illuminate/Http/Request))
#50 C:/laragon/www/APK_POS2/vendor/laravel/framework/src/Illuminate/Pipeline/Pipeline.php(219): Illuminate/Foundation/Http/Middleware/InvokeDeferredCallbacks->handle(Object(Illuminate/Http/Request), Object(Closure))
#51 C:/laragon/www/APK_POS2/vendor/laravel/framework/src/Illuminate/Http/Middleware/ValidatePathEncoding.php(26): Illuminate/Pipeline/Pipeline->{closure:{closure:Illuminate/Pipeline/Pipeline::carry():194}:195}(Object(Illuminate/Http/Request))
#52 C:/laragon/www/APK_POS2/vendor/laravel/framework/src/Illuminate/Pipeline/Pipeline.php(219): Illuminate/Http/Middleware/ValidatePathEncoding->handle(Object(Illuminate/Http/Request), Object(Closure))
#53 C:/laragon/www/APK_POS2/vendor/laravel/framework/src/Illuminate/Pipeline/Pipeline.php(137): Illuminate/Pipeline/Pipeline->{closure:{closure:Illuminate/Pipeline/Pipeline::carry():194}:195}(Object(Illuminate/Http/Request))
#54 C:/laragon/www/APK_POS2/vendor/laravel/framework/src/Illuminate/Foundation/Http/Kernel.php(175): Illuminate/Pipeline/Pipeline->then(Object(Closure))
#55 C:/laragon/www/APK_POS2/vendor/laravel/framework/src/Illuminate/Foundation/Http/Kernel.php(144): Illuminate/Foundation/Http/Kernel->sendRequestThroughRouter(Object(Illuminate/Http/Request))
#56 C:/laragon/www/APK_POS2/vendor/laravel/framework/src/Illuminate/Foundation/Application.php(1220): Illuminate/Foundation/Http/Kernel->handle(Object(Illuminate/Http/Request))
#57 C:/laragon/www/APK_POS2/public/index.php(20): Illuminate/Foundation/Application->handleRequest(Object(Illuminate/Http/Request))
#58 C:/laragon/www/APK_POS2/vendor/laravel/framework/src/Illuminate/Foundation/resources/server.php(23): require_once('C://laragon//www//...')
#59 {main}

[previous exception] [object] (ParseError(code: 0): syntax error, unexpected token \"=\" at C:/laragon/www/APK_POS2/storage/framework/views/304c161585f63d667a9c2c20e2307300.php:79)
[stacktrace]
#0 C:/laragon/www/APK_POS2/vendor/laravel/framework/src/Illuminate/Filesystem/Filesystem.php(124): Illuminate/Filesystem/Filesystem::{closure:Illuminate/Filesystem/Filesystem::getRequire():120}()
#1 C:/laragon/www/APK_POS2/vendor/laravel/framework/src/Illuminate/View/Engines/PhpEngine.php(57): Illuminate/Filesystem/Filesystem->getRequire('C://laragon//www//...', Array)
#2 C:/laragon/www/APK_POS2/vendor/laravel/framework/src/Illuminate/View/Engines/CompilerEngine.php(76): Illuminate/View/Engines/PhpEngine->evaluatePath('C://laragon//www//...', Array)
#3 C:/laragon/www/APK_POS2/vendor/laravel/framework/src/Illuminate/View/View.php(208): Illuminate/View/Engines/CompilerEngine->get('C://laragon//www//...', Array)
#4 C:/laragon/www/APK_POS2/vendor/laravel/framework/src/Illuminate/View/View.php(191): Illuminate/View/View->getContents()
#5 C:/laragon/www/APK_POS2/vendor/laravel/framework/src/Illuminate/View/View.php(160): Illuminate/View/View->renderContents()
#6 C:/laragon/www/APK_POS2/vendor/laravel/framework/src/Illuminate/Http/Response.php(78): Illuminate/View/View->render()
#7 C:/laragon/www/APK_POS2/vendor/laravel/framework/src/Illuminate/Http/Response.php(34): Illuminate/Http/Response->setContent(Object(Illuminate/View/View))
#8 C:/laragon/www/APK_POS2/vendor/laravel/framework/src/Illuminate/Routing/Router.php(939): Illuminate/Http/Response->__construct(Object(Illuminate/View/View), 200, Array)
#9 C:/laragon/www/APK_POS2/vendor/laravel/framework/src/Illuminate/Routing/Router.php(906): Illuminate/Routing/Router::toResponse(Object(Illuminate/Http/Request), Object(Illuminate/View/View))
#10 C:/laragon/www/APK_POS2/vendor/laravel/framework/src/Illuminate/Routing/Router.php(821): Illuminate/Routing/Router->prepareResponse(Object(Illuminate/Http/Request), Object(Illuminate/View/View))
#11 C:/laragon/www/APK_POS2/vendor/laravel/framework/src/Illuminate/Pipeline/Pipeline.php(180): Illuminate/Routing/Router->{closure:Illuminate/Routing/Router::runRouteWithinStack():821}(Object(Illuminate/Http/Request))
#12 C:/laragon/www/APK_POS2/app/Http/Middleware/RoleMiddleware.php(27): Illuminate/Pipeline/Pipeline->{closure:Illuminate/Pipeline/Pipeline::prepareDestination():178}(Object(Illuminate/Http/Request))
#13 C:/laragon/www/APK_POS2/vendor/laravel/framework/src/Illuminate/Pipeline/Pipeline.php(219): App/Http/Middleware/RoleMiddleware->handle(Object(Illuminate/Http/Request), Object(Closure), 'admin', 'kasir')
#14 C:/laragon/www/APK_POS2/vendor/laravel/framework/src/Illuminate/Routing/Middleware/SubstituteBindings.php(50): Illuminate/Pipeline/Pipeline->{closure:{closure:Illuminate/Pipeline/Pipeline::carry():194}:195}(Object(Illuminate/Http/Request))
#15 C:/laragon/www/APK_POS2/vendor/laravel/framework/src/Illuminate/Pipeline/Pipeline.php(219): Illuminate/Routing/Middleware/SubstituteBindings->handle(Object(Illuminate/Http/Request), Object(Closure))
#16 C:/laragon/www/APK_POS2/vendor/laravel/framework/src/Illuminate/Auth/Middleware/Authenticate.php(63): Illuminate/Pipeline/Pipeline->{closure:{closure:Illuminate/Pipeline/Pipeline::carry():194}:195}(Object(Illuminate/Http/Request))
#17 C:/laragon/www/APK_POS2/vendor/laravel/framework/src/Illuminate/Pipeline/Pipeline.php(219): Illuminate/Auth/Middleware/Authenticate->handle(Object(Illuminate/Http/Request), Object(Closure))
#18 C:/laragon/www/APK_POS2/vendor/laravel/framework/src/Illuminate/Foundation/Http/Middleware/VerifyCsrfToken.php(87): Illuminate/Pipeline/Pipeline->{closure:{closure:Illuminate/Pipeline/Pipeline::carry():194}:195}(Object(Illuminate/Http/Request))
#19 C:/laragon/www/APK_POS2/vendor/laravel/framework/src/Illuminate/Pipeline/Pipeline.php(219): Illuminate/Foundation/Http/Middleware/VerifyCsrfToken->handle(Object(Illuminate/Http/Request), Object(Closure))
#20 C:/laragon/www/APK_POS2/vendor/laravel/framework/src/Illuminate/View/Middleware/ShareErrorsFromSession.php(48): Illuminate/Pipeline/Pipeline->{closure:{closure:Illuminate/Pipeline/Pipeline::carry():194}:195}(Object(Illuminate/Http/Request))
#21 C:/laragon/www/APK_POS2/vendor/laravel/framework/src/Illuminate/Pipeline/Pipeline.php(219): Illuminate/View/Middleware/ShareErrorsFromSession->handle(Object(Illuminate/Http/Request), Object(Closure))
#22 C:/laragon/www/APK_POS2/vendor/laravel/framework/src/Illuminate/Session/Middleware/StartSession.php(120): Illuminate/Pipeline/Pipeline->{closure:{closure:Illuminate/Pipeline/Pipeline::carry():194}:195}(Object(Illuminate/Http/Request))
#23 C:/laragon/www/APK_POS2/vendor/laravel/framework/src/Illuminate/Session/Middleware/StartSession.php(63): Illuminate/Session/Middleware/StartSession->handleStatefulRequest(Object(Illuminate/Http/Request), Object(Illuminate/Session/Store), Object(Closure))
#24 C:/laragon/www/APK_POS2/vendor/laravel/framework/src/Illuminate/Pipeline/Pipeline.php(219): Illuminate/Session/Middleware/StartSession->handle(Object(Illuminate/Http/Request), Object(Closure))
#25 C:/laragon/www/APK_POS2/vendor/laravel/framework/src/Illuminate/Cookie/Middleware/AddQueuedCookiesToResponse.php(36): Illuminate/Pipeline/Pipeline->{closure:{closure:Illuminate/Pipeline/Pipeline::carry():194}:195}(Object(Illuminate/Http/Request))
#26 C:/laragon/www/APK_POS2/vendor/laravel/framework/src/Illuminate/Pipeline/Pipeline.php(219): Illuminate/Cookie/Middleware/AddQueuedCookiesToResponse->handle(Object(Illuminate/Http/Request), Object(Closure))
#27 C:/laragon/www/APK_POS2/vendor/laravel/framework/src/Illuminate/Cookie/Middleware/EncryptCookies.php(74): Illuminate/Pipeline/Pipeline->{closure:{closure:Illuminate/Pipeline/Pipeline::carry():194}:195}(Object(Illuminate/Http/Request))
#28 C:/laragon/www/APK_POS2/vendor/laravel/framework/src/Illuminate/Pipeline/Pipeline.php(219): Illuminate/Cookie/Middleware/EncryptCookies->handle(Object(Illuminate/Http/Request), Object(Closure))
#29 C:/laragon/www/APK_POS2/vendor/laravel/framework/src/Illuminate/Pipeline/Pipeline.php(137): Illuminate/Pipeline/Pipeline->{closure:{closure:Illuminate/Pipeline/Pipeline::carry():194}:195}(Object(Illuminate/Http/Request))
#30 C:/laragon/www/APK_POS2/vendor/laravel/framework/src/Illuminate/Routing/Router.php(821): Illuminate/Pipeline/Pipeline->then(Object(Closure))
#31 C:/laragon/www/APK_POS2/vendor/laravel/framework/src/Illuminate/Routing/Router.php(800): Illuminate/Routing/Router->runRouteWithinStack(Object(Illuminate/Routing/Route), Object(Illuminate/Http/Request))
#32 C:/laragon/www/APK_POS2/vendor/laravel/framework/src/Illuminate/Routing/Router.php(764): Illuminate/Routing/Router->runRoute(Object(Illuminate/Http/Request), Object(Illuminate/Routing/Route))
#33 C:/laragon/www/APK_POS2/vendor/laravel/framework/src/Illuminate/Routing/Router.php(753): Illuminate/Routing/Router->dispatchToRoute(Object(Illuminate/Http/Request))
#34 C:/laragon/www/APK_POS2/vendor/laravel/framework/src/Illuminate/Foundation/Http/Kernel.php(200): Illuminate/Routing/Router->dispatch(Object(Illuminate/Http/Request))
#35 C:/laragon/www/APK_POS2/vendor/laravel/framework/src/Illuminate/Pipeline/Pipeline.php(180): Illuminate/Foundation/Http/Kernel->{closure:Illuminate/Foundation/Http/Kernel::dispatchToRouter():197}(Object(Illuminate/Http/Request))
#36 C:/laragon/www/APK_POS2/vendor/laravel/framework/src/Illuminate/Foundation/Http/Middleware/TransformsRequest.php(21): Illuminate/Pipeline/Pipeline->{closure:Illuminate/Pipeline/Pipeline::prepareDestination():178}(Object(Illuminate/Http/Request))
#37 C:/laragon/www/APK_POS2/vendor/laravel/framework/src/Illuminate/Foundation/Http/Middleware/ConvertEmptyStringsToNull.php(31): Illuminate/Foundation/Http/Middleware/TransformsRequest->handle(Object(Illuminate/Http/Request), Object(Closure))
#38 C:/laragon/www/APK_POS2/vendor/laravel/framework/src/Illuminate/Pipeline/Pipeline.php(219): Illuminate/Foundation/Http/Middleware/ConvertEmptyStringsToNull->handle(Object(Illuminate/Http/Request), Object(Closure))
#39 C:/laragon/www/APK_POS2/vendor/laravel/framework/src/Illuminate/Foundation/Http/Middleware/TransformsRequest.php(21): Illuminate/Pipeline/Pipeline->{closure:{closure:Illuminate/Pipeline/Pipeline::carry():194}:195}(Object(Illuminate/Http/Request))
#40 C:/laragon/www/APK_POS2/vendor/laravel/framework/src/Illuminate/Foundation/Http/Middleware/TrimStrings.php(51): Illuminate/Foundation/Http/Middleware/TransformsRequest->handle(Object(Illuminate/Http/Request), Object(Closure))
#41 C:/laragon/www/APK_POS2/vendor/laravel/framework/src/Illuminate/Pipeline/Pipeline.php(219): Illuminate/Foundation/Http/Middleware/TrimStrings->handle(Object(Illuminate/Http/Request), Object(Closure))
#42 C:/laragon/www/APK_POS2/vendor/laravel/framework/src/Illuminate/Http/Middleware/ValidatePostSize.php(27): Illuminate/Pipeline/Pipeline->{closure:{closure:Illuminate/Pipeline/Pipeline::carry():194}:195}(Object(Illuminate/Http/Request))
#43 C:/laragon/www/APK_POS2/vendor/laravel/framework/src/Illuminate/Pipeline/Pipeline.php(219): Illuminate/Http/Middleware/ValidatePostSize->handle(Object(Illuminate/Http/Request), Object(Closure))
#44 C:/laragon/www/APK_POS2/vendor/laravel/framework/src/Illuminate/Foundation/Http/Middleware/PreventRequestsDuringMaintenance.php(109): Illuminate/Pipeline/Pipeline->{closure:{closure:Illuminate/Pipeline/Pipeline::carry():194}:195}(Object(Illuminate/Http/Request))
#45 C:/laragon/www/APK_POS2/vendor/laravel/framework/src/Illuminate/Pipeline/Pipeline.php(219): Illuminate/Foundation/Http/Middleware/PreventRequestsDuringMaintenance->handle(Object(Illuminate/Http/Request), Object(Closure))
#46 C:/laragon/www/APK_POS2/vendor/laravel/framework/src/Illuminate/Http/Middleware/HandleCors.php(61): Illuminate/Pipeline/Pipeline->{closure:{closure:Illuminate/Pipeline/Pipeline::carry():194}:195}(Object(Illuminate/Http/Request))
#47 C:/laragon/www/APK_POS2/vendor/laravel/framework/src/Illuminate/Pipeline/Pipeline.php(219): Illuminate/Http/Middleware/HandleCors->handle(Object(Illuminate/Http/Request), Object(Closure))
#48 C:/laragon/www/APK_POS2/vendor/laravel/framework/src/Illuminate/Http/Middleware/TrustProxies.php(58): Illuminate/Pipeline/Pipeline->{closure:{closure:Illuminate/Pipeline/Pipeline::carry():194}:195}(Object(Illuminate/Http/Request))
#49 C:/laragon/www/APK_POS2/vendor/laravel/framework/src/Illuminate/Pipeline/Pipeline.php(219): Illuminate/Http/Middleware/TrustProxies->handle(Object(Illuminate/Http/Request), Object(Closure))
#50 C:/laragon/www/APK_POS2/vendor/laravel/framework/src/Illuminate/Foundation/Http/Middleware/InvokeDeferredCallbacks.php(22): Illuminate/Pipeline/Pipeline->{closure:{closure:Illuminate/Pipeline/Pipeline::carry():194}:195}(Object(Illuminate/Http/Request))
#51 C:/laragon/www/APK_POS2/vendor/laravel/framework/src/Illuminate/Pipeline/Pipeline.php(219): Illuminate/Foundation/Http/Middleware/InvokeDeferredCallbacks->handle(Object(Illuminate/Http/Request), Object(Closure))
#52 C:/laragon/www/APK_POS2/vendor/laravel/framework/src/Illuminate/Http/Middleware/ValidatePathEncoding.php(26): Illuminate/Pipeline/Pipeline->{closure:{closure:Illuminate/Pipeline/Pipeline::carry():194}:195}(Object(Illuminate/Http/Request))
#53 C:/laragon/www/APK_POS2/vendor/laravel/framework/src/Illuminate/Pipeline/Pipeline.php(219): Illuminate/Http/Middleware/ValidatePathEncoding->handle(Object(Illuminate/Http/Request), Object(Closure))
#54 C:/laragon/www/APK_POS2/vendor/laravel/framework/src/Illuminate/Pipeline/Pipeline.php(137): Illuminate/Pipeline/Pipeline->{closure:{closure:Illuminate/Pipeline/Pipeline::carry():194}:195}(Object(Illuminate/Http/Request))
#55 C:/laragon/www/APK_POS2/vendor/laravel/framework/src/Illuminate/Foundation/Http/Kernel.php(175): Illuminate/Pipeline/Pipeline->then(Object(Closure))
#56 C:/laragon/www/APK_POS2/vendor/laravel/framework/src/Illuminate/Foundation/Http/Kernel.php(144): Illuminate/Foundation/Http/Kernel->sendRequestThroughRouter(Object(Illuminate/Http/Request))
#57 C:/laragon/www/APK_POS2/vendor/laravel/framework/src/Illuminate/Foundation/Application.php(1220): Illuminate/Foundation/Http/Kernel->handle(Object(Illuminate/Http/Request))
#58 C:/laragon/www/APK_POS2/public/index.php(20): Illuminate/Foundation/Application->handleRequest(Object(Illuminate/Http/Request))
#59 C:/laragon/www/APK_POS2/vendor/laravel/framework/src/Illuminate/Foundation/resources/server.php(23): require_once('C://laragon//www//...')
#60 {main}
"} 
[2026-08-06 06:25:42] local.ERROR: syntax error, unexpected token "=" (View: C:\laragon\www\APK_POS2\resources\views\penjualan\index.blade.php) {"userId":1,"exception":"[object] (Illuminate\\View\\ViewException(code: 0): syntax error, unexpected token \"=\" (View: C:\\laragon\\www\\APK_POS2\\resources\\views\\penjualan\\index.blade.php) at C:/laragon/www/APK_POS2/storage/framework/views/304c161585f63d667a9c2c20e2307300.php:79)
[stacktrace]
#0 C:/laragon/www/APK_POS2/vendor/laravel/framework/src/Illuminate/View/Engines/PhpEngine.php(59): Illuminate/View/Engines/CompilerEngine->handleViewException(Object(ParseError), 1)
#1 C:/laragon/www/APK_POS2/vendor/laravel/framework/src/Illuminate/View/Engines/CompilerEngine.php(76): Illuminate/View/Engines/PhpEngine->evaluatePath('C://laragon//www//...', Array)
#2 C:/laragon/www/APK_POS2/vendor/laravel/framework/src/Illuminate/View/View.php(208): Illuminate/View/Engines/CompilerEngine->get('C://laragon//www//...', Array)
#3 C:/laragon/www/APK_POS2/vendor/laravel/framework/src/Illuminate/View/View.php(191): Illuminate/View/View->getContents()
#4 C:/laragon/www/APK_POS2/vendor/laravel/framework/src/Illuminate/View/View.php(160): Illuminate/View/View->renderContents()
#5 C:/laragon/www/APK_POS2/vendor/laravel/framework/src/Illuminate/Http/Response.php(78): Illuminate/View/View->render()
#6 C:/laragon/www/APK_POS2/vendor/laravel/framework/src/Illuminate/Http/Response.php(34): Illuminate/Http/Response->setContent(Object(Illuminate/View/View))
#7 C:/laragon/www/APK_POS2/vendor/laravel/framework/src/Illuminate/Routing/Router.php(939): Illuminate/Http/Response->__construct(Object(Illuminate/View/View), 200, Array)
#8 C:/laragon/www/APK_POS2/vendor/laravel/framework/src/Illuminate/Routing/Router.php(906): Illuminate/Routing/Router::toResponse(Object(Illuminate/Http/Request), Object(Illuminate/View/View))
#9 C:/laragon/www/APK_POS2/vendor/laravel/framework/src/Illuminate/Routing/Router.php(821): Illuminate/Routing/Router->prepareResponse(Object(Illuminate/Http/Request), Object(Illuminate/View/View))
#10 C:/laragon/www/APK_POS2/vendor/laravel/framework/src/Illuminate/Pipeline/Pipeline.php(180): Illuminate/Routing/Router->{closure:Illuminate/Routing/Router::runRouteWithinStack():821}(Object(Illuminate/Http/Request))
#11 C:/laragon/www/APK_POS2/app/Http/Middleware/RoleMiddleware.php(27): Illuminate/Pipeline/Pipeline->{closure:Illuminate/Pipeline/Pipeline::prepareDestination():178}(Object(Illuminate/Http/Request))
#12 C:/laragon/www/APK_POS2/vendor/laravel/framework/src/Illuminate/Pipeline/Pipeline.php(219): App/Http/Middleware/RoleMiddleware->handle(Object(Illuminate/Http/Request), Object(Closure), 'admin', 'kasir')
#13 C:/laragon/www/APK_POS2/vendor/laravel/framework/src/Illuminate/Routing/Middleware/SubstituteBindings.php(50): Illuminate/Pipeline/Pipeline->{closure:{closure:Illuminate/Pipeline/Pipeline::carry():194}:195}(Object(Illuminate/Http/Request))
#14 C:/laragon/www/APK_POS2/vendor/laravel/framework/src/Illuminate/Pipeline/Pipeline.php(219): Illuminate/Routing/Middleware/SubstituteBindings->handle(Object(Illuminate/Http/Request), Object(Closure))
#15 C:/laragon/www/APK_POS2/vendor/laravel/framework/src/Illuminate/Auth/Middleware/Authenticate.php(63): Illuminate/Pipeline/Pipeline->{closure:{closure:Illuminate/Pipeline/Pipeline::carry():194}:195}(Object(Illuminate/Http/Request))
#16 C:/laragon/www/APK_POS2/vendor/laravel/framework/src/Illuminate/Pipeline/Pipeline.php(219): Illuminate/Auth/Middleware/Authenticate->handle(Object(Illuminate/Http/Request), Object(Closure))
#17 C:/laragon/www/APK_POS2/vendor/laravel/framework/src/Illuminate/Foundation/Http/Middleware/VerifyCsrfToken.php(87): Illuminate/Pipeline/Pipeline->{closure:{closure:Illuminate/Pipeline/Pipeline::carry():194}:195}(Object(Illuminate/Http/Request))
#18 C:/laragon/www/APK_POS2/vendor/laravel/framework/src/Illuminate/Pipeline/Pipeline.php(219): Illuminate/Foundation/Http/Middleware/VerifyCsrfToken->handle(Object(Illuminate/Http/Request), Object(Closure))
#19 C:/laragon/www/APK_POS2/vendor/laravel/framework/src/Illuminate/View/Middleware/ShareErrorsFromSession.php(48): Illuminate/Pipeline/Pipeline->{closure:{closure:Illuminate/Pipeline/Pipeline::carry():194}:195}(Object(Illuminate/Http/Request))
#20 C:/laragon/www/APK_POS2/vendor/laravel/framework/src/Illuminate/Pipeline/Pipeline.php(219): Illuminate/View/Middleware/ShareErrorsFromSession->handle(Object(Illuminate/Http/Request), Object(Closure))
#21 C:/laragon/www/APK_POS2/vendor/laravel/framework/src/Illuminate/Session/Middleware/StartSession.php(120): Illuminate/Pipeline/Pipeline->{closure:{closure:Illuminate/Pipeline/Pipeline::carry():194}:195}(Object(Illuminate/Http/Request))
#22 C:/laragon/www/APK_POS2/vendor/laravel/framework/src/Illuminate/Session/Middleware/StartSession.php(63): Illuminate/Session/Middleware/StartSession->handleStatefulRequest(Object(Illuminate/Http/Request), Object(Illuminate/Session/Store), Object(Closure))
#23 C:/laragon/www/APK_POS2/vendor/laravel/framework/src/Illuminate/Pipeline/Pipeline.php(219): Illuminate/Session/Middleware/StartSession->handle(Object(Illuminate/Http/Request), Object(Closure))
#24 C:/laragon/www/APK_POS2/vendor/laravel/framework/src/Illuminate/Cookie/Middleware/AddQueuedCookiesToResponse.php(36): Illuminate/Pipeline/Pipeline->{closure:{closure:Illuminate/Pipeline/Pipeline::carry():194}:195}(Object(Illuminate/Http/Request))
#25 C:/laragon/www/APK_POS2/vendor/laravel/framework/src/Illuminate/Pipeline/Pipeline.php(219): Illuminate/Cookie/Middleware/AddQueuedCookiesToResponse->handle(Object(Illuminate/Http/Request), Object(Closure))
#26 C:/laragon/www/APK_POS2/vendor/laravel/framework/src/Illuminate/Cookie/Middleware/EncryptCookies.php(74): Illuminate/Pipeline/Pipeline->{closure:{closure:Illuminate/Pipeline/Pipeline::carry():194}:195}(Object(Illuminate/Http/Request))
#27 C:/laragon/www/APK_POS2/vendor/laravel/framework/src/Illuminate/Pipeline/Pipeline.php(219): Illuminate/Cookie/Middleware/EncryptCookies->handle(Object(Illuminate/Http/Request), Object(Closure))
#28 C:/laragon/www/APK_POS2/vendor/laravel/framework/src/Illuminate/Pipeline/Pipeline.php(137): Illuminate/Pipeline/Pipeline->{closure:{closure:Illuminate/Pipeline/Pipeline::carry():194}:195}(Object(Illuminate/Http/Request))
#29 C:/laragon/www/APK_POS2/vendor/laravel/framework/src/Illuminate/Routing/Router.php(821): Illuminate/Pipeline/Pipeline->then(Object(Closure))
#30 C:/laragon/www/APK_POS2/vendor/laravel/framework/src/Illuminate/Routing/Router.php(800): Illuminate/Routing/Router->runRouteWithinStack(Object(Illuminate/Routing/Route), Object(Illuminate/Http/Request))
#31 C:/laragon/www/APK_POS2/vendor/laravel/framework/src/Illuminate/Routing/Router.php(764): Illuminate/Routing/Router->runRoute(Object(Illuminate/Http/Request), Object(Illuminate/Routing/Route))
#32 C:/laragon/www/APK_POS2/vendor/laravel/framework/src/Illuminate/Routing/Router.php(753): Illuminate/Routing/Router->dispatchToRoute(Object(Illuminate/Http/Request))
#33 C:/laragon/www/APK_POS2/vendor/laravel/framework/src/Illuminate/Foundation/Http/Kernel.php(200): Illuminate/Routing/Router->dispatch(Object(Illuminate/Http/Request))
#34 C:/laragon/www/APK_POS2/vendor/laravel/framework/src/Illuminate/Pipeline/Pipeline.php(180): Illuminate/Foundation/Http/Kernel->{closure:Illuminate/Foundation/Http/Kernel::dispatchToRouter():197}(Object(Illuminate/Http/Request))
#35 C:/laragon/www/APK_POS2/vendor/laravel/framework/src/Illuminate/Foundation/Http/Middleware/TransformsRequest.php(21): Illuminate/Pipeline/Pipeline->{closure:Illuminate/Pipeline/Pipeline::prepareDestination():178}(Object(Illuminate/Http/Request))
#36 C:/laragon/www/APK_POS2/vendor/laravel/framework/src/Illuminate/Foundation/Http/Middleware/ConvertEmptyStringsToNull.php(31): Illuminate/Foundation/Http/Middleware/TransformsRequest->handle(Object(Illuminate/Http/Request), Object(Closure))
#37 C:/laragon/www/APK_POS2/vendor/laravel/framework/src/Illuminate/Pipeline/Pipeline.php(219): Illuminate/Foundation/Http/Middleware/ConvertEmptyStringsToNull->handle(Object(Illuminate/Http/Request), Object(Closure))
#38 C:/laragon/www/APK_POS2/vendor/laravel/framework/src/Illuminate/Foundation/Http/Middleware/TransformsRequest.php(21): Illuminate/Pipeline/Pipeline->{closure:{closure:Illuminate/Pipeline/Pipeline::carry():194}:195}(Object(Illuminate/Http/Request))
#39 C:/laragon/www/APK_POS2/vendor/laravel/framework/src/Illuminate/Foundation/Http/Middleware/TrimStrings.php(51): Illuminate/Foundation/Http/Middleware/TransformsRequest->handle(Object(Illuminate/Http/Request), Object(Closure))
#40 C:/laragon/www/APK_POS2/vendor/laravel/framework/src/Illuminate/Pipeline/Pipeline.php(219): Illuminate/Foundation/Http/Middleware/TrimStrings->handle(Object(Illuminate/Http/Request), Object(Closure))
#41 C:/laragon/www/APK_POS2/vendor/laravel/framework/src/Illuminate/Http/Middleware/ValidatePostSize.php(27): Illuminate/Pipeline/Pipeline->{closure:{closure:Illuminate/Pipeline/Pipeline::carry():194}:195}(Object(Illuminate/Http/Request))
#42 C:/laragon/www/APK_POS2/vendor/laravel/framework/src/Illuminate/Pipeline/Pipeline.php(219): Illuminate/Http/Middleware/ValidatePostSize->handle(Object(Illuminate/Http/Request), Object(Closure))
#43 C:/laragon/www/APK_POS2/vendor/laravel/framework/src/Illuminate/Foundation/Http/Middleware/PreventRequestsDuringMaintenance.php(109): Illuminate/Pipeline/Pipeline->{closure:{closure:Illuminate/Pipeline/Pipeline::carry():194}:195}(Object(Illuminate/Http/Request))
#44 C:/laragon/www/APK_POS2/vendor/laravel/framework/src/Illuminate/Pipeline/Pipeline.php(219): Illuminate/Foundation/Http/Middleware/PreventRequestsDuringMaintenance->handle(Object(Illuminate/Http/Request), Object(Closure))
#45 C:/laragon/www/APK_POS2/vendor/laravel/framework/src/Illuminate/Http/Middleware/HandleCors.php(61): Illuminate/Pipeline/Pipeline->{closure:{closure:Illuminate/Pipeline/Pipeline::carry():194}:195}(Object(Illuminate/Http/Request))
#46 C:/laragon/www/APK_POS2/vendor/laravel/framework/src/Illuminate/Pipeline/Pipeline.php(219): Illuminate/Http/Middleware/HandleCors->handle(Object(Illuminate/Http/Request), Object(Closure))
#47 C:/laragon/www/APK_POS2/vendor/laravel/framework/src/Illuminate/Http/Middleware/TrustProxies.php(58): Illuminate/Pipeline/Pipeline->{closure:{closure:Illuminate/Pipeline/Pipeline::carry():194}:195}(Object(Illuminate/Http/Request))
#48 C:/laragon/www/APK_POS2/vendor/laravel/framework/src/Illuminate/Pipeline/Pipeline.php(219): Illuminate/Http/Middleware/TrustProxies->handle(Object(Illuminate/Http/Request), Object(Closure))
#49 C:/laragon/www/APK_POS2/vendor/laravel/framework/src/Illuminate/Foundation/Http/Middleware/InvokeDeferredCallbacks.php(22): Illuminate/Pipeline/Pipeline->{closure:{closure:Illuminate/Pipeline/Pipeline::carry():194}:195}(Object(Illuminate/Http/Request))
#50 C:/laragon/www/APK_POS2/vendor/laravel/framework/src/Illuminate/Pipeline/Pipeline.php(219): Illuminate/Foundation/Http/Middleware/InvokeDeferredCallbacks->handle(Object(Illuminate/Http/Request), Object(Closure))
#51 C:/laragon/www/APK_POS2/vendor/laravel/framework/src/Illuminate/Http/Middleware/ValidatePathEncoding.php(26): Illuminate/Pipeline/Pipeline->{closure:{closure:Illuminate/Pipeline/Pipeline::carry():194}:195}(Object(Illuminate/Http/Request))
#52 C:/laragon/www/APK_POS2/vendor/laravel/framework/src/Illuminate/Pipeline/Pipeline.php(219): Illuminate/Http/Middleware/ValidatePathEncoding->handle(Object(Illuminate/Http/Request), Object(Closure))
#53 C:/laragon/www/APK_POS2/vendor/laravel/framework/src/Illuminate/Pipeline/Pipeline.php(137): Illuminate/Pipeline/Pipeline->{closure:{closure:Illuminate/Pipeline/Pipeline::carry():194}:195}(Object(Illuminate/Http/Request))
#54 C:/laragon/www/APK_POS2/vendor/laravel/framework/src/Illuminate/Foundation/Http/Kernel.php(175): Illuminate/Pipeline/Pipeline->then(Object(Closure))
#55 C:/laragon/www/APK_POS2/vendor/laravel/framework/src/Illuminate/Foundation/Http/Kernel.php(144): Illuminate/Foundation/Http/Kernel->sendRequestThroughRouter(Object(Illuminate/Http/Request))
#56 C:/laragon/www/APK_POS2/vendor/laravel/framework/src/Illuminate/Foundation/Application.php(1220): Illuminate/Foundation/Http/Kernel->handle(Object(Illuminate/Http/Request))
#57 C:/laragon/www/APK_POS2/public/index.php(20): Illuminate/Foundation/Application->handleRequest(Object(Illuminate/Http/Request))
#58 C:/laragon/www/APK_POS2/vendor/laravel/framework/src/Illuminate/Foundation/resources/server.php(23): require_once('C://laragon//www//...')
#59 {main}

[previous exception] [object] (ParseError(code: 0): syntax error, unexpected token \"=\" at C:/laragon/www/APK_POS2/storage/framework/views/304c161585f63d667a9c2c20e2307300.php:79)
[stacktrace]
#0 C:/laragon/www/APK_POS2/vendor/laravel/framework/src/Illuminate/Filesystem/Filesystem.php(124): Illuminate/Filesystem/Filesystem::{closure:Illuminate/Filesystem/Filesystem::getRequire():120}()
#1 C:/laragon/www/APK_POS2/vendor/laravel/framework/src/Illuminate/View/Engines/PhpEngine.php(57): Illuminate/Filesystem/Filesystem->getRequire('C://laragon//www//...', Array)
#2 C:/laragon/www/APK_POS2/vendor/laravel/framework/src/Illuminate/View/Engines/CompilerEngine.php(76): Illuminate/View/Engines/PhpEngine->evaluatePath('C://laragon//www//...', Array)
#3 C:/laragon/www/APK_POS2/vendor/laravel/framework/src/Illuminate/View/View.php(208): Illuminate/View/Engines/CompilerEngine->get('C://laragon//www//...', Array)
#4 C:/laragon/www/APK_POS2/vendor/laravel/framework/src/Illuminate/View/View.php(191): Illuminate/View/View->getContents()
#5 C:/laragon/www/APK_POS2/vendor/laravel/framework/src/Illuminate/View/View.php(160): Illuminate/View/View->renderContents()
#6 C:/laragon/www/APK_POS2/vendor/laravel/framework/src/Illuminate/Http/Response.php(78): Illuminate/View/View->render()
#7 C:/laragon/www/APK_POS2/vendor/laravel/framework/src/Illuminate/Http/Response.php(34): Illuminate/Http/Response->setContent(Object(Illuminate/View/View))
#8 C:/laragon/www/APK_POS2/vendor/laravel/framework/src/Illuminate/Routing/Router.php(939): Illuminate/Http/Response->__construct(Object(Illuminate/View/View), 200, Array)
#9 C:/laragon/www/APK_POS2/vendor/laravel/framework/src/Illuminate/Routing/Router.php(906): Illuminate/Routing/Router::toResponse(Object(Illuminate/Http/Request), Object(Illuminate/View/View))
#10 C:/laragon/www/APK_POS2/vendor/laravel/framework/src/Illuminate/Routing/Router.php(821): Illuminate/Routing/Router->prepareResponse(Object(Illuminate/Http/Request), Object(Illuminate/View/View))
#11 C:/laragon/www/APK_POS2/vendor/laravel/framework/src/Illuminate/Pipeline/Pipeline.php(180): Illuminate/Routing/Router->{closure:Illuminate/Routing/Router::runRouteWithinStack():821}(Object(Illuminate/Http/Request))
#12 C:/laragon/www/APK_POS2/app/Http/Middleware/RoleMiddleware.php(27): Illuminate/Pipeline/Pipeline->{closure:Illuminate/Pipeline/Pipeline::prepareDestination():178}(Object(Illuminate/Http/Request))
#13 C:/laragon/www/APK_POS2/vendor/laravel/framework/src/Illuminate/Pipeline/Pipeline.php(219): App/Http/Middleware/RoleMiddleware->handle(Object(Illuminate/Http/Request), Object(Closure), 'admin', 'kasir')
#14 C:/laragon/www/APK_POS2/vendor/laravel/framework/src/Illuminate/Routing/Middleware/SubstituteBindings.php(50): Illuminate/Pipeline/Pipeline->{closure:{closure:Illuminate/Pipeline/Pipeline::carry():194}:195}(Object(Illuminate/Http/Request))
#15 C:/laragon/www/APK_POS2/vendor/laravel/framework/src/Illuminate/Pipeline/Pipeline.php(219): Illuminate/Routing/Middleware/SubstituteBindings->handle(Object(Illuminate/Http/Request), Object(Closure))
#16 C:/laragon/www/APK_POS2/vendor/laravel/framework/src/Illuminate/Auth/Middleware/Authenticate.php(63): Illuminate/Pipeline/Pipeline->{closure:{closure:Illuminate/Pipeline/Pipeline::carry():194}:195}(Object(Illuminate/Http/Request))
#17 C:/laragon/www/APK_POS2/vendor/laravel/framework/src/Illuminate/Pipeline/Pipeline.php(219): Illuminate/Auth/Middleware/Authenticate->handle(Object(Illuminate/Http/Request), Object(Closure))
#18 C:/laragon/www/APK_POS2/vendor/laravel/framework/src/Illuminate/Foundation/Http/Middleware/VerifyCsrfToken.php(87): Illuminate/Pipeline/Pipeline->{closure:{closure:Illuminate/Pipeline/Pipeline::carry():194}:195}(Object(Illuminate/Http/Request))
#19 C:/laragon/www/APK_POS2/vendor/laravel/framework/src/Illuminate/Pipeline/Pipeline.php(219): Illuminate/Foundation/Http/Middleware/VerifyCsrfToken->handle(Object(Illuminate/Http/Request), Object(Closure))
#20 C:/laragon/www/APK_POS2/vendor/laravel/framework/src/Illuminate/View/Middleware/ShareErrorsFromSession.php(48): Illuminate/Pipeline/Pipeline->{closure:{closure:Illuminate/Pipeline/Pipeline::carry():194}:195}(Object(Illuminate/Http/Request))
#21 C:/laragon/www/APK_POS2/vendor/laravel/framework/src/Illuminate/Pipeline/Pipeline.php(219): Illuminate/View/Middleware/ShareErrorsFromSession->handle(Object(Illuminate/Http/Request), Object(Closure))
#22 C:/laragon/www/APK_POS2/vendor/laravel/framework/src/Illuminate/Session/Middleware/StartSession.php(120): Illuminate/Pipeline/Pipeline->{closure:{closure:Illuminate/Pipeline/Pipeline::carry():194}:195}(Object(Illuminate/Http/Request))
#23 C:/laragon/www/APK_POS2/vendor/laravel/framework/src/Illuminate/Session/Middleware/StartSession.php(63): Illuminate/Session/Middleware/StartSession->handleStatefulRequest(Object(Illuminate/Http/Request), Object(Illuminate/Session/Store), Object(Closure))
#24 C:/laragon/www/APK_POS2/vendor/laravel/framework/src/Illuminate/Pipeline/Pipeline.php(219): Illuminate/Session/Middleware/StartSession->handle(Object(Illuminate/Http/Request), Object(Closure))
#25 C:/laragon/www/APK_POS2/vendor/laravel/framework/src/Illuminate/Cookie/Middleware/AddQueuedCookiesToResponse.php(36): Illuminate/Pipeline/Pipeline->{closure:{closure:Illuminate/Pipeline/Pipeline::carry():194}:195}(Object(Illuminate/Http/Request))
#26 C:/laragon/www/APK_POS2/vendor/laravel/framework/src/Illuminate/Pipeline/Pipeline.php(219): Illuminate/Cookie/Middleware/AddQueuedCookiesToResponse->handle(Object(Illuminate/Http/Request), Object(Closure))
#27 C:/laragon/www/APK_POS2/vendor/laravel/framework/src/Illuminate/Cookie/Middleware/EncryptCookies.php(74): Illuminate/Pipeline/Pipeline->{closure:{closure:Illuminate/Pipeline/Pipeline::carry():194}:195}(Object(Illuminate/Http/Request))
#28 C:/laragon/www/APK_POS2/vendor/laravel/framework/src/Illuminate/Pipeline/Pipeline.php(219): Illuminate/Cookie/Middleware/EncryptCookies->handle(Object(Illuminate/Http/Request), Object(Closure))
#29 C:/laragon/www/APK_POS2/vendor/laravel/framework/src/Illuminate/Pipeline/Pipeline.php(137): Illuminate/Pipeline/Pipeline->{closure:{closure:Illuminate/Pipeline/Pipeline::carry():194}:195}(Object(Illuminate/Http/Request))
#30 C:/laragon/www/APK_POS2/vendor/laravel/framework/src/Illuminate/Routing/Router.php(821): Illuminate/Pipeline/Pipeline->then(Object(Closure))
#31 C:/laragon/www/APK_POS2/vendor/laravel/framework/src/Illuminate/Routing/Router.php(800): Illuminate/Routing/Router->runRouteWithinStack(Object(Illuminate/Routing/Route), Object(Illuminate/Http/Request))
#32 C:/laragon/www/APK_POS2/vendor/laravel/framework/src/Illuminate/Routing/Router.php(764): Illuminate/Routing/Router->runRoute(Object(Illuminate/Http/Request), Object(Illuminate/Routing/Route))
#33 C:/laragon/www/APK_POS2/vendor/laravel/framework/src/Illuminate/Routing/Router.php(753): Illuminate/Routing/Router->dispatchToRoute(Object(Illuminate/Http/Request))
#34 C:/laragon/www/APK_POS2/vendor/laravel/framework/src/Illuminate/Foundation/Http/Kernel.php(200): Illuminate/Routing/Router->dispatch(Object(Illuminate/Http/Request))
#35 C:/laragon/www/APK_POS2/vendor/laravel/framework/src/Illuminate/Pipeline/Pipeline.php(180): Illuminate/Foundation/Http/Kernel->{closure:Illuminate/Foundation/Http/Kernel::dispatchToRouter():197}(Object(Illuminate/Http/Request))
#36 C:/laragon/www/APK_POS2/vendor/laravel/framework/src/Illuminate/Foundation/Http/Middleware/TransformsRequest.php(21): Illuminate/Pipeline/Pipeline->{closure:Illuminate/Pipeline/Pipeline::prepareDestination():178}(Object(Illuminate/Http/Request))
#37 C:/laragon/www/APK_POS2/vendor/laravel/framework/src/Illuminate/Foundation/Http/Middleware/ConvertEmptyStringsToNull.php(31): Illuminate/Foundation/Http/Middleware/TransformsRequest->handle(Object(Illuminate/Http/Request), Object(Closure))
#38 C:/laragon/www/APK_POS2/vendor/laravel/framework/src/Illuminate/Pipeline/Pipeline.php(219): Illuminate/Foundation/Http/Middleware/ConvertEmptyStringsToNull->handle(Object(Illuminate/Http/Request), Object(Closure))
#39 C:/laragon/www/APK_POS2/vendor/laravel/framework/src/Illuminate/Foundation/Http/Middleware/TransformsRequest.php(21): Illuminate/Pipeline/Pipeline->{closure:{closure:Illuminate/Pipeline/Pipeline::carry():194}:195}(Object(Illuminate/Http/Request))
#40 C:/laragon/www/APK_POS2/vendor/laravel/framework/src/Illuminate/Foundation/Http/Middleware/TrimStrings.php(51): Illuminate/Foundation/Http/Middleware/TransformsRequest->handle(Object(Illuminate/Http/Request), Object(Closure))
#41 C:/laragon/www/APK_POS2/vendor/laravel/framework/src/Illuminate/Pipeline/Pipeline.php(219): Illuminate/Foundation/Http/Middleware/TrimStrings->handle(Object(Illuminate/Http/Request), Object(Closure))
#42 C:/laragon/www/APK_POS2/vendor/laravel/framework/src/Illuminate/Http/Middleware/ValidatePostSize.php(27): Illuminate/Pipeline/Pipeline->{closure:{closure:Illuminate/Pipeline/Pipeline::carry():194}:195}(Object(Illuminate/Http/Request))
#43 C:/laragon/www/APK_POS2/vendor/laravel/framework/src/Illuminate/Pipeline/Pipeline.php(219): Illuminate/Http/Middleware/ValidatePostSize->handle(Object(Illuminate/Http/Request), Object(Closure))
#44 C:/laragon/www/APK_POS2/vendor/laravel/framework/src/Illuminate/Foundation/Http/Middleware/PreventRequestsDuringMaintenance.php(109): Illuminate/Pipeline/Pipeline->{closure:{closure:Illuminate/Pipeline/Pipeline::carry():194}:195}(Object(Illuminate/Http/Request))
#45 C:/laragon/www/APK_POS2/vendor/laravel/framework/src/Illuminate/Pipeline/Pipeline.php(219): Illuminate/Foundation/Http/Middleware/PreventRequestsDuringMaintenance->handle(Object(Illuminate/Http/Request), Object(Closure))
#46 C:/laragon/www/APK_POS2/vendor/laravel/framework/src/Illuminate/Http/Middleware/HandleCors.php(61): Illuminate/Pipeline/Pipeline->{closure:{closure:Illuminate/Pipeline/Pipeline::carry():194}:195}(Object(Illuminate/Http/Request))
#47 C:/laragon/www/APK_POS2/vendor/laravel/framework/src/Illuminate/Pipeline/Pipeline.php(219): Illuminate/Http/Middleware/HandleCors->handle(Object(Illuminate/Http/Request), Object(Closure))
#48 C:/laragon/www/APK_POS2/vendor/laravel/framework/src/Illuminate/Http/Middleware/TrustProxies.php(58): Illuminate/Pipeline/Pipeline->{closure:{closure:Illuminate/Pipeline/Pipeline::carry():194}:195}(Object(Illuminate/Http/Request))
#49 C:/laragon/www/APK_POS2/vendor/laravel/framework/src/Illuminate/Pipeline/Pipeline.php(219): Illuminate/Http/Middleware/TrustProxies->handle(Object(Illuminate/Http/Request), Object(Closure))
#50 C:/laragon/www/APK_POS2/vendor/laravel/framework/src/Illuminate/Foundation/Http/Middleware/InvokeDeferredCallbacks.php(22): Illuminate/Pipeline/Pipeline->{closure:{closure:Illuminate/Pipeline/Pipeline::carry():194}:195}(Object(Illuminate/Http/Request))
#51 C:/laragon/www/APK_POS2/vendor/laravel/framework/src/Illuminate/Pipeline/Pipeline.php(219): Illuminate/Foundation/Http/Middleware/InvokeDeferredCallbacks->handle(Object(Illuminate/Http/Request), Object(Closure))
#52 C:/laragon/www/APK_POS2/vendor/laravel/framework/src/Illuminate/Http/Middleware/ValidatePathEncoding.php(26): Illuminate/Pipeline/Pipeline->{closure:{closure:Illuminate/Pipeline/Pipeline::carry():194}:195}(Object(Illuminate/Http/Request))
#53 C:/laragon/www/APK_POS2/vendor/laravel/framework/src/Illuminate/Pipeline/Pipeline.php(219): Illuminate/Http/Middleware/ValidatePathEncoding->handle(Object(Illuminate/Http/Request), Object(Closure))
#54 C:/laragon/www/APK_POS2/vendor/laravel/framework/src/Illuminate/Pipeline/Pipeline.php(137): Illuminate/Pipeline/Pipeline->{closure:{closure:Illuminate/Pipeline/Pipeline::carry():194}:195}(Object(Illuminate/Http/Request))
#55 C:/laragon/www/APK_POS2/vendor/laravel/framework/src/Illuminate/Foundation/Http/Kernel.php(175): Illuminate/Pipeline/Pipeline->then(Object(Closure))
#56 C:/laragon/www/APK_POS2/vendor/laravel/framework/src/Illuminate/Foundation/Http/Kernel.php(144): Illuminate/Foundation/Http/Kernel->sendRequestThroughRouter(Object(Illuminate/Http/Request))
#57 C:/laragon/www/APK_POS2/vendor/laravel/framework/src/Illuminate/Foundation/Application.php(1220): Illuminate/Foundation/Http/Kernel->handle(Object(Illuminate/Http/Request))
#58 C:/laragon/www/APK_POS2/public/index.php(20): Illuminate/Foundation/Application->handleRequest(Object(Illuminate/Http/Request))
#59 C:/laragon/www/APK_POS2/vendor/laravel/framework/src/Illuminate/Foundation/resources/server.php(23): require_once('C://laragon//www//...')
#60 {main}
"} 
[2026-08-06 06:25:49] local.ERROR: syntax error, unexpected token "=" (View: C:\laragon\www\APK_POS2\resources\views\penjualan\index.blade.php) {"userId":1,"exception":"[object] (Illuminate\\View\\ViewException(code: 0): syntax error, unexpected token \"=\" (View: C:\\laragon\\www\\APK_POS2\\resources\\views\\penjualan\\index.blade.php) at C:/laragon/www/APK_POS2/storage/framework/views/304c161585f63d667a9c2c20e2307300.php:79)
[stacktrace]
#0 C:/laragon/www/APK_POS2/vendor/laravel/framework/src/Illuminate/View/Engines/PhpEngine.php(59): Illuminate/View/Engines/CompilerEngine->handleViewException(Object(ParseError), 1)
#1 C:/laragon/www/APK_POS2/vendor/laravel/framework/src/Illuminate/View/Engines/CompilerEngine.php(76): Illuminate/View/Engines/PhpEngine->evaluatePath('C://laragon//www//...', Array)
#2 C:/laragon/www/APK_POS2/vendor/laravel/framework/src/Illuminate/View/View.php(208): Illuminate/View/Engines/CompilerEngine->get('C://laragon//www//...', Array)
#3 C:/laragon/www/APK_POS2/vendor/laravel/framework/src/Illuminate/View/View.php(191): Illuminate/View/View->getContents()
#4 C:/laragon/www/APK_POS2/vendor/laravel/framework/src/Illuminate/View/View.php(160): Illuminate/View/View->renderContents()
#5 C:/laragon/www/APK_POS2/vendor/laravel/framework/src/Illuminate/Http/Response.php(78): Illuminate/View/View->render()
#6 C:/laragon/www/APK_POS2/vendor/laravel/framework/src/Illuminate/Http/Response.php(34): Illuminate/Http/Response->setContent(Object(Illuminate/View/View))
#7 C:/laragon/www/APK_POS2/vendor/laravel/framework/src/Illuminate/Routing/Router.php(939): Illuminate/Http/Response->__construct(Object(Illuminate/View/View), 200, Array)
#8 C:/laragon/www/APK_POS2/vendor/laravel/framework/src/Illuminate/Routing/Router.php(906): Illuminate/Routing/Router::toResponse(Object(Illuminate/Http/Request), Object(Illuminate/View/View))
#9 C:/laragon/www/APK_POS2/vendor/laravel/framework/src/Illuminate/Routing/Router.php(821): Illuminate/Routing/Router->prepareResponse(Object(Illuminate/Http/Request), Object(Illuminate/View/View))
#10 C:/laragon/www/APK_POS2/vendor/laravel/framework/src/Illuminate/Pipeline/Pipeline.php(180): Illuminate/Routing/Router->{closure:Illuminate/Routing/Router::runRouteWithinStack():821}(Object(Illuminate/Http/Request))
#11 C:/laragon/www/APK_POS2/app/Http/Middleware/RoleMiddleware.php(27): Illuminate/Pipeline/Pipeline->{closure:Illuminate/Pipeline/Pipeline::prepareDestination():178}(Object(Illuminate/Http/Request))
#12 C:/laragon/www/APK_POS2/vendor/laravel/framework/src/Illuminate/Pipeline/Pipeline.php(219): App/Http/Middleware/RoleMiddleware->handle(Object(Illuminate/Http/Request), Object(Closure), 'admin', 'kasir')
#13 C:/laragon/www/APK_POS2/vendor/laravel/framework/src/Illuminate/Routing/Middleware/SubstituteBindings.php(50): Illuminate/Pipeline/Pipeline->{closure:{closure:Illuminate/Pipeline/Pipeline::carry():194}:195}(Object(Illuminate/Http/Request))
#14 C:/laragon/www/APK_POS2/vendor/laravel/framework/src/Illuminate/Pipeline/Pipeline.php(219): Illuminate/Routing/Middleware/SubstituteBindings->handle(Object(Illuminate/Http/Request), Object(Closure))
#15 C:/laragon/www/APK_POS2/vendor/laravel/framework/src/Illuminate/Auth/Middleware/Authenticate.php(63): Illuminate/Pipeline/Pipeline->{closure:{closure:Illuminate/Pipeline/Pipeline::carry():194}:195}(Object(Illuminate/Http/Request))
#16 C:/laragon/www/APK_POS2/vendor/laravel/framework/src/Illuminate/Pipeline/Pipeline.php(219): Illuminate/Auth/Middleware/Authenticate->handle(Object(Illuminate/Http/Request), Object(Closure))
#17 C:/laragon/www/APK_POS2/vendor/laravel/framework/src/Illuminate/Foundation/Http/Middleware/VerifyCsrfToken.php(87): Illuminate/Pipeline/Pipeline->{closure:{closure:Illuminate/Pipeline/Pipeline::carry():194}:195}(Object(Illuminate/Http/Request))
#18 C:/laragon/www/APK_POS2/vendor/laravel/framework/src/Illuminate/Pipeline/Pipeline.php(219): Illuminate/Foundation/Http/Middleware/VerifyCsrfToken->handle(Object(Illuminate/Http/Request), Object(Closure))
#19 C:/laragon/www/APK_POS2/vendor/laravel/framework/src/Illuminate/View/Middleware/ShareErrorsFromSession.php(48): Illuminate/Pipeline/Pipeline->{closure:{closure:Illuminate/Pipeline/Pipeline::carry():194}:195}(Object(Illuminate/Http/Request))
#20 C:/laragon/www/APK_POS2/vendor/laravel/framework/src/Illuminate/Pipeline/Pipeline.php(219): Illuminate/View/Middleware/ShareErrorsFromSession->handle(Object(Illuminate/Http/Request), Object(Closure))
#21 C:/laragon/www/APK_POS2/vendor/laravel/framework/src/Illuminate/Session/Middleware/StartSession.php(120): Illuminate/Pipeline/Pipeline->{closure:{closure:Illuminate/Pipeline/Pipeline::carry():194}:195}(Object(Illuminate/Http/Request))
#22 C:/laragon/www/APK_POS2/vendor/laravel/framework/src/Illuminate/Session/Middleware/StartSession.php(63): Illuminate/Session/Middleware/StartSession->handleStatefulRequest(Object(Illuminate/Http/Request), Object(Illuminate/Session/Store), Object(Closure))
#23 C:/laragon/www/APK_POS2/vendor/laravel/framework/src/Illuminate/Pipeline/Pipeline.php(219): Illuminate/Session/Middleware/StartSession->handle(Object(Illuminate/Http/Request), Object(Closure))
#24 C:/laragon/www/APK_POS2/vendor/laravel/framework/src/Illuminate/Cookie/Middleware/AddQueuedCookiesToResponse.php(36): Illuminate/Pipeline/Pipeline->{closure:{closure:Illuminate/Pipeline/Pipeline::carry():194}:195}(Object(Illuminate/Http/Request))
#25 C:/laragon/www/APK_POS2/vendor/laravel/framework/src/Illuminate/Pipeline/Pipeline.php(219): Illuminate/Cookie/Middleware/AddQueuedCookiesToResponse->handle(Object(Illuminate/Http/Request), Object(Closure))
#26 C:/laragon/www/APK_POS2/vendor/laravel/framework/src/Illuminate/Cookie/Middleware/EncryptCookies.php(74): Illuminate/Pipeline/Pipeline->{closure:{closure:Illuminate/Pipeline/Pipeline::carry():194}:195}(Object(Illuminate/Http/Request))
#27 C:/laragon/www/APK_POS2/vendor/laravel/framework/src/Illuminate/Pipeline/Pipeline.php(219): Illuminate/Cookie/Middleware/EncryptCookies->handle(Object(Illuminate/Http/Request), Object(Closure))
#28 C:/laragon/www/APK_POS2/vendor/laravel/framework/src/Illuminate/Pipeline/Pipeline.php(137): Illuminate/Pipeline/Pipeline->{closure:{closure:Illuminate/Pipeline/Pipeline::carry():194}:195}(Object(Illuminate/Http/Request))
#29 C:/laragon/www/APK_POS2/vendor/laravel/framework/src/Illuminate/Routing/Router.php(821): Illuminate/Pipeline/Pipeline->then(Object(Closure))
#30 C:/laragon/www/APK_POS2/vendor/laravel/framework/src/Illuminate/Routing/Router.php(800): Illuminate/Routing/Router->runRouteWithinStack(Object(Illuminate/Routing/Route), Object(Illuminate/Http/Request))
#31 C:/laragon/www/APK_POS2/vendor/laravel/framework/src/Illuminate/Routing/Router.php(764): Illuminate/Routing/Router->runRoute(Object(Illuminate/Http/Request), Object(Illuminate/Routing/Route))
#32 C:/laragon/www/APK_POS2/vendor/laravel/framework/src/Illuminate/Routing/Router.php(753): Illuminate/Routing/Router->dispatchToRoute(Object(Illuminate/Http/Request))
#33 C:/laragon/www/APK_POS2/vendor/laravel/framework/src/Illuminate/Foundation/Http/Kernel.php(200): Illuminate/Routing/Router->dispatch(Object(Illuminate/Http/Request))
#34 C:/laragon/www/APK_POS2/vendor/laravel/framework/src/Illuminate/Pipeline/Pipeline.php(180): Illuminate/Foundation/Http/Kernel->{closure:Illuminate/Foundation/Http/Kernel::dispatchToRouter():197}(Object(Illuminate/Http/Request))
#35 C:/laragon/www/APK_POS2/vendor/laravel/framework/src/Illuminate/Foundation/Http/Middleware/TransformsRequest.php(21): Illuminate/Pipeline/Pipeline->{closure:Illuminate/Pipeline/Pipeline::prepareDestination():178}(Object(Illuminate/Http/Request))
#36 C:/laragon/www/APK_POS2/vendor/laravel/framework/src/Illuminate/Foundation/Http/Middleware/ConvertEmptyStringsToNull.php(31): Illuminate/Foundation/Http/Middleware/TransformsRequest->handle(Object(Illuminate/Http/Request), Object(Closure))
#37 C:/laragon/www/APK_POS2/vendor/laravel/framework/src/Illuminate/Pipeline/Pipeline.php(219): Illuminate/Foundation/Http/Middleware/ConvertEmptyStringsToNull->handle(Object(Illuminate/Http/Request), Object(Closure))
#38 C:/laragon/www/APK_POS2/vendor/laravel/framework/src/Illuminate/Foundation/Http/Middleware/TransformsRequest.php(21): Illuminate/Pipeline/Pipeline->{closure:{closure:Illuminate/Pipeline/Pipeline::carry():194}:195}(Object(Illuminate/Http/Request))
#39 C:/laragon/www/APK_POS2/vendor/laravel/framework/src/Illuminate/Foundation/Http/Middleware/TrimStrings.php(51): Illuminate/Foundation/Http/Middleware/TransformsRequest->handle(Object(Illuminate/Http/Request), Object(Closure))
#40 C:/laragon/www/APK_POS2/vendor/laravel/framework/src/Illuminate/Pipeline/Pipeline.php(219): Illuminate/Foundation/Http/Middleware/TrimStrings->handle(Object(Illuminate/Http/Request), Object(Closure))
#41 C:/laragon/www/APK_POS2/vendor/laravel/framework/src/Illuminate/Http/Middleware/ValidatePostSize.php(27): Illuminate/Pipeline/Pipeline->{closure:{closure:Illuminate/Pipeline/Pipeline::carry():194}:195}(Object(Illuminate/Http/Request))
#42 C:/laragon/www/APK_POS2/vendor/laravel/framework/src/Illuminate/Pipeline/Pipeline.php(219): Illuminate/Http/Middleware/ValidatePostSize->handle(Object(Illuminate/Http/Request), Object(Closure))
#43 C:/laragon/www/APK_POS2/vendor/laravel/framework/src/Illuminate/Foundation/Http/Middleware/PreventRequestsDuringMaintenance.php(109): Illuminate/Pipeline/Pipeline->{closure:{closure:Illuminate/Pipeline/Pipeline::carry():194}:195}(Object(Illuminate/Http/Request))
#44 C:/laragon/www/APK_POS2/vendor/laravel/framework/src/Illuminate/Pipeline/Pipeline.php(219): Illuminate/Foundation/Http/Middleware/PreventRequestsDuringMaintenance->handle(Object(Illuminate/Http/Request), Object(Closure))
#45 C:/laragon/www/APK_POS2/vendor/laravel/framework/src/Illuminate/Http/Middleware/HandleCors.php(61): Illuminate/Pipeline/Pipeline->{closure:{closure:Illuminate/Pipeline/Pipeline::carry():194}:195}(Object(Illuminate/Http/Request))
#46 C:/laragon/www/APK_POS2/vendor/laravel/framework/src/Illuminate/Pipeline/Pipeline.php(219): Illuminate/Http/Middleware/HandleCors->handle(Object(Illuminate/Http/Request), Object(Closure))
#47 C:/laragon/www/APK_POS2/vendor/laravel/framework/src/Illuminate/Http/Middleware/TrustProxies.php(58): Illuminate/Pipeline/Pipeline->{closure:{closure:Illuminate/Pipeline/Pipeline::carry():194}:195}(Object(Illuminate/Http/Request))
#48 C:/laragon/www/APK_POS2/vendor/laravel/framework/src/Illuminate/Pipeline/Pipeline.php(219): Illuminate/Http/Middleware/TrustProxies->handle(Object(Illuminate/Http/Request), Object(Closure))
#49 C:/laragon/www/APK_POS2/vendor/laravel/framework/src/Illuminate/Foundation/Http/Middleware/InvokeDeferredCallbacks.php(22): Illuminate/Pipeline/Pipeline->{closure:{closure:Illuminate/Pipeline/Pipeline::carry():194}:195}(Object(Illuminate/Http/Request))
#50 C:/laragon/www/APK_POS2/vendor/laravel/framework/src/Illuminate/Pipeline/Pipeline.php(219): Illuminate/Foundation/Http/Middleware/InvokeDeferredCallbacks->handle(Object(Illuminate/Http/Request), Object(Closure))
#51 C:/laragon/www/APK_POS2/vendor/laravel/framework/src/Illuminate/Http/Middleware/ValidatePathEncoding.php(26): Illuminate/Pipeline/Pipeline->{closure:{closure:Illuminate/Pipeline/Pipeline::carry():194}:195}(Object(Illuminate/Http/Request))
#52 C:/laragon/www/APK_POS2/vendor/laravel/framework/src/Illuminate/Pipeline/Pipeline.php(219): Illuminate/Http/Middleware/ValidatePathEncoding->handle(Object(Illuminate/Http/Request), Object(Closure))
#53 C:/laragon/www/APK_POS2/vendor/laravel/framework/src/Illuminate/Pipeline/Pipeline.php(137): Illuminate/Pipeline/Pipeline->{closure:{closure:Illuminate/Pipeline/Pipeline::carry():194}:195}(Object(Illuminate/Http/Request))
#54 C:/laragon/www/APK_POS2/vendor/laravel/framework/src/Illuminate/Foundation/Http/Kernel.php(175): Illuminate/Pipeline/Pipeline->then(Object(Closure))
#55 C:/laragon/www/APK_POS2/vendor/laravel/framework/src/Illuminate/Foundation/Http/Kernel.php(144): Illuminate/Foundation/Http/Kernel->sendRequestThroughRouter(Object(Illuminate/Http/Request))
#56 C:/laragon/www/APK_POS2/vendor/laravel/framework/src/Illuminate/Foundation/Application.php(1220): Illuminate/Foundation/Http/Kernel->handle(Object(Illuminate/Http/Request))
#57 C:/laragon/www/APK_POS2/public/index.php(20): Illuminate/Foundation/Application->handleRequest(Object(Illuminate/Http/Request))
#58 C:/laragon/www/APK_POS2/vendor/laravel/framework/src/Illuminate/Foundation/resources/server.php(23): require_once('C://laragon//www//...')
#59 {main}

[previous exception] [object] (ParseError(code: 0): syntax error, unexpected token \"=\" at C:/laragon/www/APK_POS2/storage/framework/views/304c161585f63d667a9c2c20e2307300.php:79)
[stacktrace]
#0 C:/laragon/www/APK_POS2/vendor/laravel/framework/src/Illuminate/Filesystem/Filesystem.php(124): Illuminate/Filesystem/Filesystem::{closure:Illuminate/Filesystem/Filesystem::getRequire():120}()
#1 C:/laragon/www/APK_POS2/vendor/laravel/framework/src/Illuminate/View/Engines/PhpEngine.php(57): Illuminate/Filesystem/Filesystem->getRequire('C://laragon//www//...', Array)
#2 C:/laragon/www/APK_POS2/vendor/laravel/framework/src/Illuminate/View/Engines/CompilerEngine.php(76): Illuminate/View/Engines/PhpEngine->evaluatePath('C://laragon//www//...', Array)
#3 C:/laragon/www/APK_POS2/vendor/laravel/framework/src/Illuminate/View/View.php(208): Illuminate/View/Engines/CompilerEngine->get('C://laragon//www//...', Array)
#4 C:/laragon/www/APK_POS2/vendor/laravel/framework/src/Illuminate/View/View.php(191): Illuminate/View/View->getContents()
#5 C:/laragon/www/APK_POS2/vendor/laravel/framework/src/Illuminate/View/View.php(160): Illuminate/View/View->renderContents()
#6 C:/laragon/www/APK_POS2/vendor/laravel/framework/src/Illuminate/Http/Response.php(78): Illuminate/View/View->render()
#7 C:/laragon/www/APK_POS2/vendor/laravel/framework/src/Illuminate/Http/Response.php(34): Illuminate/Http/Response->setContent(Object(Illuminate/View/View))
#8 C:/laragon/www/APK_POS2/vendor/laravel/framework/src/Illuminate/Routing/Router.php(939): Illuminate/Http/Response->__construct(Object(Illuminate/View/View), 200, Array)
#9 C:/laragon/www/APK_POS2/vendor/laravel/framework/src/Illuminate/Routing/Router.php(906): Illuminate/Routing/Router::toResponse(Object(Illuminate/Http/Request), Object(Illuminate/View/View))
#10 C:/laragon/www/APK_POS2/vendor/laravel/framework/src/Illuminate/Routing/Router.php(821): Illuminate/Routing/Router->prepareResponse(Object(Illuminate/Http/Request), Object(Illuminate/View/View))
#11 C:/laragon/www/APK_POS2/vendor/laravel/framework/src/Illuminate/Pipeline/Pipeline.php(180): Illuminate/Routing/Router->{closure:Illuminate/Routing/Router::runRouteWithinStack():821}(Object(Illuminate/Http/Request))
#12 C:/laragon/www/APK_POS2/app/Http/Middleware/RoleMiddleware.php(27): Illuminate/Pipeline/Pipeline->{closure:Illuminate/Pipeline/Pipeline::prepareDestination():178}(Object(Illuminate/Http/Request))
#13 C:/laragon/www/APK_POS2/vendor/laravel/framework/src/Illuminate/Pipeline/Pipeline.php(219): App/Http/Middleware/RoleMiddleware->handle(Object(Illuminate/Http/Request), Object(Closure), 'admin', 'kasir')
#14 C:/laragon/www/APK_POS2/vendor/laravel/framework/src/Illuminate/Routing/Middleware/SubstituteBindings.php(50): Illuminate/Pipeline/Pipeline->{closure:{closure:Illuminate/Pipeline/Pipeline::carry():194}:195}(Object(Illuminate/Http/Request))
#15 C:/laragon/www/APK_POS2/vendor/laravel/framework/src/Illuminate/Pipeline/Pipeline.php(219): Illuminate/Routing/Middleware/SubstituteBindings->handle(Object(Illuminate/Http/Request), Object(Closure))
#16 C:/laragon/www/APK_POS2/vendor/laravel/framework/src/Illuminate/Auth/Middleware/Authenticate.php(63): Illuminate/Pipeline/Pipeline->{closure:{closure:Illuminate/Pipeline/Pipeline::carry():194}:195}(Object(Illuminate/Http/Request))
#17 C:/laragon/www/APK_POS2/vendor/laravel/framework/src/Illuminate/Pipeline/Pipeline.php(219): Illuminate/Auth/Middleware/Authenticate->handle(Object(Illuminate/Http/Request), Object(Closure))
#18 C:/laragon/www/APK_POS2/vendor/laravel/framework/src/Illuminate/Foundation/Http/Middleware/VerifyCsrfToken.php(87): Illuminate/Pipeline/Pipeline->{closure:{closure:Illuminate/Pipeline/Pipeline::carry():194}:195}(Object(Illuminate/Http/Request))
#19 C:/laragon/www/APK_POS2/vendor/laravel/framework/src/Illuminate/Pipeline/Pipeline.php(219): Illuminate/Foundation/Http/Middleware/VerifyCsrfToken->handle(Object(Illuminate/Http/Request), Object(Closure))
#20 C:/laragon/www/APK_POS2/vendor/laravel/framework/src/Illuminate/View/Middleware/ShareErrorsFromSession.php(48): Illuminate/Pipeline/Pipeline->{closure:{closure:Illuminate/Pipeline/Pipeline::carry():194}:195}(Object(Illuminate/Http/Request))
#21 C:/laragon/www/APK_POS2/vendor/laravel/framework/src/Illuminate/Pipeline/Pipeline.php(219): Illuminate/View/Middleware/ShareErrorsFromSession->handle(Object(Illuminate/Http/Request), Object(Closure))
#22 C:/laragon/www/APK_POS2/vendor/laravel/framework/src/Illuminate/Session/Middleware/StartSession.php(120): Illuminate/Pipeline/Pipeline->{closure:{closure:Illuminate/Pipeline/Pipeline::carry():194}:195}(Object(Illuminate/Http/Request))
#23 C:/laragon/www/APK_POS2/vendor/laravel/framework/src/Illuminate/Session/Middleware/StartSession.php(63): Illuminate/Session/Middleware/StartSession->handleStatefulRequest(Object(Illuminate/Http/Request), Object(Illuminate/Session/Store), Object(Closure))
#24 C:/laragon/www/APK_POS2/vendor/laravel/framework/src/Illuminate/Pipeline/Pipeline.php(219): Illuminate/Session/Middleware/StartSession->handle(Object(Illuminate/Http/Request), Object(Closure))
#25 C:/laragon/www/APK_POS2/vendor/laravel/framework/src/Illuminate/Cookie/Middleware/AddQueuedCookiesToResponse.php(36): Illuminate/Pipeline/Pipeline->{closure:{closure:Illuminate/Pipeline/Pipeline::carry():194}:195}(Object(Illuminate/Http/Request))
#26 C:/laragon/www/APK_POS2/vendor/laravel/framework/src/Illuminate/Pipeline/Pipeline.php(219): Illuminate/Cookie/Middleware/AddQueuedCookiesToResponse->handle(Object(Illuminate/Http/Request), Object(Closure))
#27 C:/laragon/www/APK_POS2/vendor/laravel/framework/src/Illuminate/Cookie/Middleware/EncryptCookies.php(74): Illuminate/Pipeline/Pipeline->{closure:{closure:Illuminate/Pipeline/Pipeline::carry():194}:195}(Object(Illuminate/Http/Request))
#28 C:/laragon/www/APK_POS2/vendor/laravel/framework/src/Illuminate/Pipeline/Pipeline.php(219): Illuminate/Cookie/Middleware/EncryptCookies->handle(Object(Illuminate/Http/Request), Object(Closure))
#29 C:/laragon/www/APK_POS2/vendor/laravel/framework/src/Illuminate/Pipeline/Pipeline.php(137): Illuminate/Pipeline/Pipeline->{closure:{closure:Illuminate/Pipeline/Pipeline::carry():194}:195}(Object(Illuminate/Http/Request))
#30 C:/laragon/www/APK_POS2/vendor/laravel/framework/src/Illuminate/Routing/Router.php(821): Illuminate/Pipeline/Pipeline->then(Object(Closure))
#31 C:/laragon/www/APK_POS2/vendor/laravel/framework/src/Illuminate/Routing/Router.php(800): Illuminate/Routing/Router->runRouteWithinStack(Object(Illuminate/Routing/Route), Object(Illuminate/Http/Request))
#32 C:/laragon/www/APK_POS2/vendor/laravel/framework/src/Illuminate/Routing/Router.php(764): Illuminate/Routing/Router->runRoute(Object(Illuminate/Http/Request), Object(Illuminate/Routing/Route))
#33 C:/laragon/www/APK_POS2/vendor/laravel/framework/src/Illuminate/Routing/Router.php(753): Illuminate/Routing/Router->dispatchToRoute(Object(Illuminate/Http/Request))
#34 C:/laragon/www/APK_POS2/vendor/laravel/framework/src/Illuminate/Foundation/Http/Kernel.php(200): Illuminate/Routing/Router->dispatch(Object(Illuminate/Http/Request))
#35 C:/laragon/www/APK_POS2/vendor/laravel/framework/src/Illuminate/Pipeline/Pipeline.php(180): Illuminate/Foundation/Http/Kernel->{closure:Illuminate/Foundation/Http/Kernel::dispatchToRouter():197}(Object(Illuminate/Http/Request))
#36 C:/laragon/www/APK_POS2/vendor/laravel/framework/src/Illuminate/Foundation/Http/Middleware/TransformsRequest.php(21): Illuminate/Pipeline/Pipeline->{closure:Illuminate/Pipeline/Pipeline::prepareDestination():178}(Object(Illuminate/Http/Request))
#37 C:/laragon/www/APK_POS2/vendor/laravel/framework/src/Illuminate/Foundation/Http/Middleware/ConvertEmptyStringsToNull.php(31): Illuminate/Foundation/Http/Middleware/TransformsRequest->handle(Object(Illuminate/Http/Request), Object(Closure))
#38 C:/laragon/www/APK_POS2/vendor/laravel/framework/src/Illuminate/Pipeline/Pipeline.php(219): Illuminate/Foundation/Http/Middleware/ConvertEmptyStringsToNull->handle(Object(Illuminate/Http/Request), Object(Closure))
#39 C:/laragon/www/APK_POS2/vendor/laravel/framework/src/Illuminate/Foundation/Http/Middleware/TransformsRequest.php(21): Illuminate/Pipeline/Pipeline->{closure:{closure:Illuminate/Pipeline/Pipeline::carry():194}:195}(Object(Illuminate/Http/Request))
#40 C:/laragon/www/APK_POS2/vendor/laravel/framework/src/Illuminate/Foundation/Http/Middleware/TrimStrings.php(51): Illuminate/Foundation/Http/Middleware/TransformsRequest->handle(Object(Illuminate/Http/Request), Object(Closure))
#41 C:/laragon/www/APK_POS2/vendor/laravel/framework/src/Illuminate/Pipeline/Pipeline.php(219): Illuminate/Foundation/Http/Middleware/TrimStrings->handle(Object(Illuminate/Http/Request), Object(Closure))
#42 C:/laragon/www/APK_POS2/vendor/laravel/framework/src/Illuminate/Http/Middleware/ValidatePostSize.php(27): Illuminate/Pipeline/Pipeline->{closure:{closure:Illuminate/Pipeline/Pipeline::carry():194}:195}(Object(Illuminate/Http/Request))
#43 C:/laragon/www/APK_POS2/vendor/laravel/framework/src/Illuminate/Pipeline/Pipeline.php(219): Illuminate/Http/Middleware/ValidatePostSize->handle(Object(Illuminate/Http/Request), Object(Closure))
#44 C:/laragon/www/APK_POS2/vendor/laravel/framework/src/Illuminate/Foundation/Http/Middleware/PreventRequestsDuringMaintenance.php(109): Illuminate/Pipeline/Pipeline->{closure:{closure:Illuminate/Pipeline/Pipeline::carry():194}:195}(Object(Illuminate/Http/Request))
#45 C:/laragon/www/APK_POS2/vendor/laravel/framework/src/Illuminate/Pipeline/Pipeline.php(219): Illuminate/Foundation/Http/Middleware/PreventRequestsDuringMaintenance->handle(Object(Illuminate/Http/Request), Object(Closure))
#46 C:/laragon/www/APK_POS2/vendor/laravel/framework/src/Illuminate/Http/Middleware/HandleCors.php(61): Illuminate/Pipeline/Pipeline->{closure:{closure:Illuminate/Pipeline/Pipeline::carry():194}:195}(Object(Illuminate/Http/Request))
#47 C:/laragon/www/APK_POS2/vendor/laravel/framework/src/Illuminate/Pipeline/Pipeline.php(219): Illuminate/Http/Middleware/HandleCors->handle(Object(Illuminate/Http/Request), Object(Closure))
#48 C:/laragon/www/APK_POS2/vendor/laravel/framework/src/Illuminate/Http/Middleware/TrustProxies.php(58): Illuminate/Pipeline/Pipeline->{closure:{closure:Illuminate/Pipeline/Pipeline::carry():194}:195}(Object(Illuminate/Http/Request))
#49 C:/laragon/www/APK_POS2/vendor/laravel/framework/src/Illuminate/Pipeline/Pipeline.php(219): Illuminate/Http/Middleware/TrustProxies->handle(Object(Illuminate/Http/Request), Object(Closure))
#50 C:/laragon/www/APK_POS2/vendor/laravel/framework/src/Illuminate/Foundation/Http/Middleware/InvokeDeferredCallbacks.php(22): Illuminate/Pipeline/Pipeline->{closure:{closure:Illuminate/Pipeline/Pipeline::carry():194}:195}(Object(Illuminate/Http/Request))
#51 C:/laragon/www/APK_POS2/vendor/laravel/framework/src/Illuminate/Pipeline/Pipeline.php(219): Illuminate/Foundation/Http/Middleware/InvokeDeferredCallbacks->handle(Object(Illuminate/Http/Request), Object(Closure))
#52 C:/laragon/www/APK_POS2/vendor/laravel/framework/src/Illuminate/Http/Middleware/ValidatePathEncoding.php(26): Illuminate/Pipeline/Pipeline->{closure:{closure:Illuminate/Pipeline/Pipeline::carry():194}:195}(Object(Illuminate/Http/Request))
#53 C:/laragon/www/APK_POS2/vendor/laravel/framework/src/Illuminate/Pipeline/Pipeline.php(219): Illuminate/Http/Middleware/ValidatePathEncoding->handle(Object(Illuminate/Http/Request), Object(Closure))
#54 C:/laragon/www/APK_POS2/vendor/laravel/framework/src/Illuminate/Pipeline/Pipeline.php(137): Illuminate/Pipeline/Pipeline->{closure:{closure:Illuminate/Pipeline/Pipeline::carry():194}:195}(Object(Illuminate/Http/Request))
#55 C:/laragon/www/APK_POS2/vendor/laravel/framework/src/Illuminate/Foundation/Http/Kernel.php(175): Illuminate/Pipeline/Pipeline->then(Object(Closure))
#56 C:/laragon/www/APK_POS2/vendor/laravel/framework/src/Illuminate/Foundation/Http/Kernel.php(144): Illuminate/Foundation/Http/Kernel->sendRequestThroughRouter(Object(Illuminate/Http/Request))
#57 C:/laragon/www/APK_POS2/vendor/laravel/framework/src/Illuminate/Foundation/Application.php(1220): Illuminate/Foundation/Http/Kernel->handle(Object(Illuminate/Http/Request))
#58 C:/laragon/www/APK_POS2/public/index.php(20): Illuminate/Foundation/Application->handleRequest(Object(Illuminate/Http/Request))
#59 C:/laragon/www/APK_POS2/vendor/laravel/framework/src/Illuminate/Foundation/resources/server.php(23): require_once('C://laragon//www//...')
#60 {main}
"} 
[2026-08-06 06:25:54] local.ERROR: syntax error, unexpected token "=" (View: C:\laragon\www\APK_POS2\resources\views\penjualan\index.blade.php) {"userId":1,"exception":"[object] (Illuminate\\View\\ViewException(code: 0): syntax error, unexpected token \"=\" (View: C:\\laragon\\www\\APK_POS2\\resources\\views\\penjualan\\index.blade.php) at C:/laragon/www/APK_POS2/storage/framework/views/304c161585f63d667a9c2c20e2307300.php:79)
[stacktrace]
#0 C:/laragon/www/APK_POS2/vendor/laravel/framework/src/Illuminate/View/Engines/PhpEngine.php(59): Illuminate/View/Engines/CompilerEngine->handleViewException(Object(ParseError), 1)
#1 C:/laragon/www/APK_POS2/vendor/laravel/framework/src/Illuminate/View/Engines/CompilerEngine.php(76): Illuminate/View/Engines/PhpEngine->evaluatePath('C://laragon//www//...', Array)
#2 C:/laragon/www/APK_POS2/vendor/laravel/framework/src/Illuminate/View/View.php(208): Illuminate/View/Engines/CompilerEngine->get('C://laragon//www//...', Array)
#3 C:/laragon/www/APK_POS2/vendor/laravel/framework/src/Illuminate/View/View.php(191): Illuminate/View/View->getContents()
#4 C:/laragon/www/APK_POS2/vendor/laravel/framework/src/Illuminate/View/View.php(160): Illuminate/View/View->renderContents()
#5 C:/laragon/www/APK_POS2/vendor/laravel/framework/src/Illuminate/Http/Response.php(78): Illuminate/View/View->render()
#6 C:/laragon/www/APK_POS2/vendor/laravel/framework/src/Illuminate/Http/Response.php(34): Illuminate/Http/Response->setContent(Object(Illuminate/View/View))
#7 C:/laragon/www/APK_POS2/vendor/laravel/framework/src/Illuminate/Routing/Router.php(939): Illuminate/Http/Response->__construct(Object(Illuminate/View/View), 200, Array)
#8 C:/laragon/www/APK_POS2/vendor/laravel/framework/src/Illuminate/Routing/Router.php(906): Illuminate/Routing/Router::toResponse(Object(Illuminate/Http/Request), Object(Illuminate/View/View))
#9 C:/laragon/www/APK_POS2/vendor/laravel/framework/src/Illuminate/Routing/Router.php(821): Illuminate/Routing/Router->prepareResponse(Object(Illuminate/Http/Request), Object(Illuminate/View/View))
#10 C:/laragon/www/APK_POS2/vendor/laravel/framework/src/Illuminate/Pipeline/Pipeline.php(180): Illuminate/Routing/Router->{closure:Illuminate/Routing/Router::runRouteWithinStack():821}(Object(Illuminate/Http/Request))
#11 C:/laragon/www/APK_POS2/app/Http/Middleware/RoleMiddleware.php(27): Illuminate/Pipeline/Pipeline->{closure:Illuminate/Pipeline/Pipeline::prepareDestination():178}(Object(Illuminate/Http/Request))
#12 C:/laragon/www/APK_POS2/vendor/laravel/framework/src/Illuminate/Pipeline/Pipeline.php(219): App/Http/Middleware/RoleMiddleware->handle(Object(Illuminate/Http/Request), Object(Closure), 'admin', 'kasir')
#13 C:/laragon/www/APK_POS2/vendor/laravel/framework/src/Illuminate/Routing/Middleware/SubstituteBindings.php(50): Illuminate/Pipeline/Pipeline->{closure:{closure:Illuminate/Pipeline/Pipeline::carry():194}:195}(Object(Illuminate/Http/Request))
#14 C:/laragon/www/APK_POS2/vendor/laravel/framework/src/Illuminate/Pipeline/Pipeline.php(219): Illuminate/Routing/Middleware/SubstituteBindings->handle(Object(Illuminate/Http/Request), Object(Closure))
#15 C:/laragon/www/APK_POS2/vendor/laravel/framework/src/Illuminate/Auth/Middleware/Authenticate.php(63): Illuminate/Pipeline/Pipeline->{closure:{closure:Illuminate/Pipeline/Pipeline::carry():194}:195}(Object(Illuminate/Http/Request))
#16 C:/laragon/www/APK_POS2/vendor/laravel/framework/src/Illuminate/Pipeline/Pipeline.php(219): Illuminate/Auth/Middleware/Authenticate->handle(Object(Illuminate/Http/Request), Object(Closure))
#17 C:/laragon/www/APK_POS2/vendor/laravel/framework/src/Illuminate/Foundation/Http/Middleware/VerifyCsrfToken.php(87): Illuminate/Pipeline/Pipeline->{closure:{closure:Illuminate/Pipeline/Pipeline::carry():194}:195}(Object(Illuminate/Http/Request))
#18 C:/laragon/www/APK_POS2/vendor/laravel/framework/src/Illuminate/Pipeline/Pipeline.php(219): Illuminate/Foundation/Http/Middleware/VerifyCsrfToken->handle(Object(Illuminate/Http/Request), Object(Closure))
#19 C:/laragon/www/APK_POS2/vendor/laravel/framework/src/Illuminate/View/Middleware/ShareErrorsFromSession.php(48): Illuminate/Pipeline/Pipeline->{closure:{closure:Illuminate/Pipeline/Pipeline::carry():194}:195}(Object(Illuminate/Http/Request))
#20 C:/laragon/www/APK_POS2/vendor/laravel/framework/src/Illuminate/Pipeline/Pipeline.php(219): Illuminate/View/Middleware/ShareErrorsFromSession->handle(Object(Illuminate/Http/Request), Object(Closure))
#21 C:/laragon/www/APK_POS2/vendor/laravel/framework/src/Illuminate/Session/Middleware/StartSession.php(120): Illuminate/Pipeline/Pipeline->{closure:{closure:Illuminate/Pipeline/Pipeline::carry():194}:195}(Object(Illuminate/Http/Request))
#22 C:/laragon/www/APK_POS2/vendor/laravel/framework/src/Illuminate/Session/Middleware/StartSession.php(63): Illuminate/Session/Middleware/StartSession->handleStatefulRequest(Object(Illuminate/Http/Request), Object(Illuminate/Session/Store), Object(Closure))
#23 C:/laragon/www/APK_POS2/vendor/laravel/framework/src/Illuminate/Pipeline/Pipeline.php(219): Illuminate/Session/Middleware/StartSession->handle(Object(Illuminate/Http/Request), Object(Closure))
#24 C:/laragon/www/APK_POS2/vendor/laravel/framework/src/Illuminate/Cookie/Middleware/AddQueuedCookiesToResponse.php(36): Illuminate/Pipeline/Pipeline->{closure:{closure:Illuminate/Pipeline/Pipeline::carry():194}:195}(Object(Illuminate/Http/Request))
#25 C:/laragon/www/APK_POS2/vendor/laravel/framework/src/Illuminate/Pipeline/Pipeline.php(219): Illuminate/Cookie/Middleware/AddQueuedCookiesToResponse->handle(Object(Illuminate/Http/Request), Object(Closure))
#26 C:/laragon/www/APK_POS2/vendor/laravel/framework/src/Illuminate/Cookie/Middleware/EncryptCookies.php(74): Illuminate/Pipeline/Pipeline->{closure:{closure:Illuminate/Pipeline/Pipeline::carry():194}:195}(Object(Illuminate/Http/Request))
#27 C:/laragon/www/APK_POS2/vendor/laravel/framework/src/Illuminate/Pipeline/Pipeline.php(219): Illuminate/Cookie/Middleware/EncryptCookies->handle(Object(Illuminate/Http/Request), Object(Closure))
#28 C:/laragon/www/APK_POS2/vendor/laravel/framework/src/Illuminate/Pipeline/Pipeline.php(137): Illuminate/Pipeline/Pipeline->{closure:{closure:Illuminate/Pipeline/Pipeline::carry():194}:195}(Object(Illuminate/Http/Request))
#29 C:/laragon/www/APK_POS2/vendor/laravel/framework/src/Illuminate/Routing/Router.php(821): Illuminate/Pipeline/Pipeline->then(Object(Closure))
#30 C:/laragon/www/APK_POS2/vendor/laravel/framework/src/Illuminate/Routing/Router.php(800): Illuminate/Routing/Router->runRouteWithinStack(Object(Illuminate/Routing/Route), Object(Illuminate/Http/Request))
#31 C:/laragon/www/APK_POS2/vendor/laravel/framework/src/Illuminate/Routing/Router.php(764): Illuminate/Routing/Router->runRoute(Object(Illuminate/Http/Request), Object(Illuminate/Routing/Route))
#32 C:/laragon/www/APK_POS2/vendor/laravel/framework/src/Illuminate/Routing/Router.php(753): Illuminate/Routing/Router->dispatchToRoute(Object(Illuminate/Http/Request))
#33 C:/laragon/www/APK_POS2/vendor/laravel/framework/src/Illuminate/Foundation/Http/Kernel.php(200): Illuminate/Routing/Router->dispatch(Object(Illuminate/Http/Request))
#34 C:/laragon/www/APK_POS2/vendor/laravel/framework/src/Illuminate/Pipeline/Pipeline.php(180): Illuminate/Foundation/Http/Kernel->{closure:Illuminate/Foundation/Http/Kernel::dispatchToRouter():197}(Object(Illuminate/Http/Request))
#35 C:/laragon/www/APK_POS2/vendor/laravel/framework/src/Illuminate/Foundation/Http/Middleware/TransformsRequest.php(21): Illuminate/Pipeline/Pipeline->{closure:Illuminate/Pipeline/Pipeline::prepareDestination():178}(Object(Illuminate/Http/Request))
#36 C:/laragon/www/APK_POS2/vendor/laravel/framework/src/Illuminate/Foundation/Http/Middleware/ConvertEmptyStringsToNull.php(31): Illuminate/Foundation/Http/Middleware/TransformsRequest->handle(Object(Illuminate/Http/Request), Object(Closure))
#37 C:/laragon/www/APK_POS2/vendor/laravel/framework/src/Illuminate/Pipeline/Pipeline.php(219): Illuminate/Foundation/Http/Middleware/ConvertEmptyStringsToNull->handle(Object(Illuminate/Http/Request), Object(Closure))
#38 C:/laragon/www/APK_POS2/vendor/laravel/framework/src/Illuminate/Foundation/Http/Middleware/TransformsRequest.php(21): Illuminate/Pipeline/Pipeline->{closure:{closure:Illuminate/Pipeline/Pipeline::carry():194}:195}(Object(Illuminate/Http/Request))
#39 C:/laragon/www/APK_POS2/vendor/laravel/framework/src/Illuminate/Foundation/Http/Middleware/TrimStrings.php(51): Illuminate/Foundation/Http/Middleware/TransformsRequest->handle(Object(Illuminate/Http/Request), Object(Closure))
#40 C:/laragon/www/APK_POS2/vendor/laravel/framework/src/Illuminate/Pipeline/Pipeline.php(219): Illuminate/Foundation/Http/Middleware/TrimStrings->handle(Object(Illuminate/Http/Request), Object(Closure))
#41 C:/laragon/www/APK_POS2/vendor/laravel/framework/src/Illuminate/Http/Middleware/ValidatePostSize.php(27): Illuminate/Pipeline/Pipeline->{closure:{closure:Illuminate/Pipeline/Pipeline::carry():194}:195}(Object(Illuminate/Http/Request))
#42 C:/laragon/www/APK_POS2/vendor/laravel/framework/src/Illuminate/Pipeline/Pipeline.php(219): Illuminate/Http/Middleware/ValidatePostSize->handle(Object(Illuminate/Http/Request), Object(Closure))
#43 C:/laragon/www/APK_POS2/vendor/laravel/framework/src/Illuminate/Foundation/Http/Middleware/PreventRequestsDuringMaintenance.php(109): Illuminate/Pipeline/Pipeline->{closure:{closure:Illuminate/Pipeline/Pipeline::carry():194}:195}(Object(Illuminate/Http/Request))
#44 C:/laragon/www/APK_POS2/vendor/laravel/framework/src/Illuminate/Pipeline/Pipeline.php(219): Illuminate/Foundation/Http/Middleware/PreventRequestsDuringMaintenance->handle(Object(Illuminate/Http/Request), Object(Closure))
#45 C:/laragon/www/APK_POS2/vendor/laravel/framework/src/Illuminate/Http/Middleware/HandleCors.php(61): Illuminate/Pipeline/Pipeline->{closure:{closure:Illuminate/Pipeline/Pipeline::carry():194}:195}(Object(Illuminate/Http/Request))
#46 C:/laragon/www/APK_POS2/vendor/laravel/framework/src/Illuminate/Pipeline/Pipeline.php(219): Illuminate/Http/Middleware/HandleCors->handle(Object(Illuminate/Http/Request), Object(Closure))
#47 C:/laragon/www/APK_POS2/vendor/laravel/framework/src/Illuminate/Http/Middleware/TrustProxies.php(58): Illuminate/Pipeline/Pipeline->{closure:{closure:Illuminate/Pipeline/Pipeline::carry():194}:195}(Object(Illuminate/Http/Request))
#48 C:/laragon/www/APK_POS2/vendor/laravel/framework/src/Illuminate/Pipeline/Pipeline.php(219): Illuminate/Http/Middleware/TrustProxies->handle(Object(Illuminate/Http/Request), Object(Closure))
#49 C:/laragon/www/APK_POS2/vendor/laravel/framework/src/Illuminate/Foundation/Http/Middleware/InvokeDeferredCallbacks.php(22): Illuminate/Pipeline/Pipeline->{closure:{closure:Illuminate/Pipeline/Pipeline::carry():194}:195}(Object(Illuminate/Http/Request))
#50 C:/laragon/www/APK_POS2/vendor/laravel/framework/src/Illuminate/Pipeline/Pipeline.php(219): Illuminate/Foundation/Http/Middleware/InvokeDeferredCallbacks->handle(Object(Illuminate/Http/Request), Object(Closure))
#51 C:/laragon/www/APK_POS2/vendor/laravel/framework/src/Illuminate/Http/Middleware/ValidatePathEncoding.php(26): Illuminate/Pipeline/Pipeline->{closure:{closure:Illuminate/Pipeline/Pipeline::carry():194}:195}(Object(Illuminate/Http/Request))
#52 C:/laragon/www/APK_POS2/vendor/laravel/framework/src/Illuminate/Pipeline/Pipeline.php(219): Illuminate/Http/Middleware/ValidatePathEncoding->handle(Object(Illuminate/Http/Request), Object(Closure))
#53 C:/laragon/www/APK_POS2/vendor/laravel/framework/src/Illuminate/Pipeline/Pipeline.php(137): Illuminate/Pipeline/Pipeline->{closure:{closure:Illuminate/Pipeline/Pipeline::carry():194}:195}(Object(Illuminate/Http/Request))
#54 C:/laragon/www/APK_POS2/vendor/laravel/framework/src/Illuminate/Foundation/Http/Kernel.php(175): Illuminate/Pipeline/Pipeline->then(Object(Closure))
#55 C:/laragon/www/APK_POS2/vendor/laravel/framework/src/Illuminate/Foundation/Http/Kernel.php(144): Illuminate/Foundation/Http/Kernel->sendRequestThroughRouter(Object(Illuminate/Http/Request))
#56 C:/laragon/www/APK_POS2/vendor/laravel/framework/src/Illuminate/Foundation/Application.php(1220): Illuminate/Foundation/Http/Kernel->handle(Object(Illuminate/Http/Request))
#57 C:/laragon/www/APK_POS2/public/index.php(20): Illuminate/Foundation/Application->handleRequest(Object(Illuminate/Http/Request))
#58 C:/laragon/www/APK_POS2/vendor/laravel/framework/src/Illuminate/Foundation/resources/server.php(23): require_once('C://laragon//www//...')
#59 {main}

[previous exception] [object] (ParseError(code: 0): syntax error, unexpected token \"=\" at C:/laragon/www/APK_POS2/storage/framework/views/304c161585f63d667a9c2c20e2307300.php:79)
[stacktrace]
#0 C:/laragon/www/APK_POS2/vendor/laravel/framework/src/Illuminate/Filesystem/Filesystem.php(124): Illuminate/Filesystem/Filesystem::{closure:Illuminate/Filesystem/Filesystem::getRequire():120}()
#1 C:/laragon/www/APK_POS2/vendor/laravel/framework/src/Illuminate/View/Engines/PhpEngine.php(57): Illuminate/Filesystem/Filesystem->getRequire('C://laragon//www//...', Array)
#2 C:/laragon/www/APK_POS2/vendor/laravel/framework/src/Illuminate/View/Engines/CompilerEngine.php(76): Illuminate/View/Engines/PhpEngine->evaluatePath('C://laragon//www//...', Array)
#3 C:/laragon/www/APK_POS2/vendor/laravel/framework/src/Illuminate/View/View.php(208): Illuminate/View/Engines/CompilerEngine->get('C://laragon//www//...', Array)
#4 C:/laragon/www/APK_POS2/vendor/laravel/framework/src/Illuminate/View/View.php(191): Illuminate/View/View->getContents()
#5 C:/laragon/www/APK_POS2/vendor/laravel/framework/src/Illuminate/View/View.php(160): Illuminate/View/View->renderContents()
#6 C:/laragon/www/APK_POS2/vendor/laravel/framework/src/Illuminate/Http/Response.php(78): Illuminate/View/View->render()
#7 C:/laragon/www/APK_POS2/vendor/laravel/framework/src/Illuminate/Http/Response.php(34): Illuminate/Http/Response->setContent(Object(Illuminate/View/View))
#8 C:/laragon/www/APK_POS2/vendor/laravel/framework/src/Illuminate/Routing/Router.php(939): Illuminate/Http/Response->__construct(Object(Illuminate/View/View), 200, Array)
#9 C:/laragon/www/APK_POS2/vendor/laravel/framework/src/Illuminate/Routing/Router.php(906): Illuminate/Routing/Router::toResponse(Object(Illuminate/Http/Request), Object(Illuminate/View/View))
#10 C:/laragon/www/APK_POS2/vendor/laravel/framework/src/Illuminate/Routing/Router.php(821): Illuminate/Routing/Router->prepareResponse(Object(Illuminate/Http/Request), Object(Illuminate/View/View))
#11 C:/laragon/www/APK_POS2/vendor/laravel/framework/src/Illuminate/Pipeline/Pipeline.php(180): Illuminate/Routing/Router->{closure:Illuminate/Routing/Router::runRouteWithinStack():821}(Object(Illuminate/Http/Request))
#12 C:/laragon/www/APK_POS2/app/Http/Middleware/RoleMiddleware.php(27): Illuminate/Pipeline/Pipeline->{closure:Illuminate/Pipeline/Pipeline::prepareDestination():178}(Object(Illuminate/Http/Request))
#13 C:/laragon/www/APK_POS2/vendor/laravel/framework/src/Illuminate/Pipeline/Pipeline.php(219): App/Http/Middleware/RoleMiddleware->handle(Object(Illuminate/Http/Request), Object(Closure), 'admin', 'kasir')
#14 C:/laragon/www/APK_POS2/vendor/laravel/framework/src/Illuminate/Routing/Middleware/SubstituteBindings.php(50): Illuminate/Pipeline/Pipeline->{closure:{closure:Illuminate/Pipeline/Pipeline::carry():194}:195}(Object(Illuminate/Http/Request))
#15 C:/laragon/www/APK_POS2/vendor/laravel/framework/src/Illuminate/Pipeline/Pipeline.php(219): Illuminate/Routing/Middleware/SubstituteBindings->handle(Object(Illuminate/Http/Request), Object(Closure))
#16 C:/laragon/www/APK_POS2/vendor/laravel/framework/src/Illuminate/Auth/Middleware/Authenticate.php(63): Illuminate/Pipeline/Pipeline->{closure:{closure:Illuminate/Pipeline/Pipeline::carry():194}:195}(Object(Illuminate/Http/Request))
#17 C:/laragon/www/APK_POS2/vendor/laravel/framework/src/Illuminate/Pipeline/Pipeline.php(219): Illuminate/Auth/Middleware/Authenticate->handle(Object(Illuminate/Http/Request), Object(Closure))
#18 C:/laragon/www/APK_POS2/vendor/laravel/framework/src/Illuminate/Foundation/Http/Middleware/VerifyCsrfToken.php(87): Illuminate/Pipeline/Pipeline->{closure:{closure:Illuminate/Pipeline/Pipeline::carry():194}:195}(Object(Illuminate/Http/Request))
#19 C:/laragon/www/APK_POS2/vendor/laravel/framework/src/Illuminate/Pipeline/Pipeline.php(219): Illuminate/Foundation/Http/Middleware/VerifyCsrfToken->handle(Object(Illuminate/Http/Request), Object(Closure))
#20 C:/laragon/www/APK_POS2/vendor/laravel/framework/src/Illuminate/View/Middleware/ShareErrorsFromSession.php(48): Illuminate/Pipeline/Pipeline->{closure:{closure:Illuminate/Pipeline/Pipeline::carry():194}:195}(Object(Illuminate/Http/Request))
#21 C:/laragon/www/APK_POS2/vendor/laravel/framework/src/Illuminate/Pipeline/Pipeline.php(219): Illuminate/View/Middleware/ShareErrorsFromSession->handle(Object(Illuminate/Http/Request), Object(Closure))
#22 C:/laragon/www/APK_POS2/vendor/laravel/framework/src/Illuminate/Session/Middleware/StartSession.php(120): Illuminate/Pipeline/Pipeline->{closure:{closure:Illuminate/Pipeline/Pipeline::carry():194}:195}(Object(Illuminate/Http/Request))
#23 C:/laragon/www/APK_POS2/vendor/laravel/framework/src/Illuminate/Session/Middleware/StartSession.php(63): Illuminate/Session/Middleware/StartSession->handleStatefulRequest(Object(Illuminate/Http/Request), Object(Illuminate/Session/Store), Object(Closure))
#24 C:/laragon/www/APK_POS2/vendor/laravel/framework/src/Illuminate/Pipeline/Pipeline.php(219): Illuminate/Session/Middleware/StartSession->handle(Object(Illuminate/Http/Request), Object(Closure))
#25 C:/laragon/www/APK_POS2/vendor/laravel/framework/src/Illuminate/Cookie/Middleware/AddQueuedCookiesToResponse.php(36): Illuminate/Pipeline/Pipeline->{closure:{closure:Illuminate/Pipeline/Pipeline::carry():194}:195}(Object(Illuminate/Http/Request))
#26 C:/laragon/www/APK_POS2/vendor/laravel/framework/src/Illuminate/Pipeline/Pipeline.php(219): Illuminate/Cookie/Middleware/AddQueuedCookiesToResponse->handle(Object(Illuminate/Http/Request), Object(Closure))
#27 C:/laragon/www/APK_POS2/vendor/laravel/framework/src/Illuminate/Cookie/Middleware/EncryptCookies.php(74): Illuminate/Pipeline/Pipeline->{closure:{closure:Illuminate/Pipeline/Pipeline::carry():194}:195}(Object(Illuminate/Http/Request))
#28 C:/laragon/www/APK_POS2/vendor/laravel/framework/src/Illuminate/Pipeline/Pipeline.php(219): Illuminate/Cookie/Middleware/EncryptCookies->handle(Object(Illuminate/Http/Request), Object(Closure))
#29 C:/laragon/www/APK_POS2/vendor/laravel/framework/src/Illuminate/Pipeline/Pipeline.php(137): Illuminate/Pipeline/Pipeline->{closure:{closure:Illuminate/Pipeline/Pipeline::carry():194}:195}(Object(Illuminate/Http/Request))
#30 C:/laragon/www/APK_POS2/vendor/laravel/framework/src/Illuminate/Routing/Router.php(821): Illuminate/Pipeline/Pipeline->then(Object(Closure))
#31 C:/laragon/www/APK_POS2/vendor/laravel/framework/src/Illuminate/Routing/Router.php(800): Illuminate/Routing/Router->runRouteWithinStack(Object(Illuminate/Routing/Route), Object(Illuminate/Http/Request))
#32 C:/laragon/www/APK_POS2/vendor/laravel/framework/src/Illuminate/Routing/Router.php(764): Illuminate/Routing/Router->runRoute(Object(Illuminate/Http/Request), Object(Illuminate/Routing/Route))
#33 C:/laragon/www/APK_POS2/vendor/laravel/framework/src/Illuminate/Routing/Router.php(753): Illuminate/Routing/Router->dispatchToRoute(Object(Illuminate/Http/Request))
#34 C:/laragon/www/APK_POS2/vendor/laravel/framework/src/Illuminate/Foundation/Http/Kernel.php(200): Illuminate/Routing/Router->dispatch(Object(Illuminate/Http/Request))
#35 C:/laragon/www/APK_POS2/vendor/laravel/framework/src/Illuminate/Pipeline/Pipeline.php(180): Illuminate/Foundation/Http/Kernel->{closure:Illuminate/Foundation/Http/Kernel::dispatchToRouter():197}(Object(Illuminate/Http/Request))
#36 C:/laragon/www/APK_POS2/vendor/laravel/framework/src/Illuminate/Foundation/Http/Middleware/TransformsRequest.php(21): Illuminate/Pipeline/Pipeline->{closure:Illuminate/Pipeline/Pipeline::prepareDestination():178}(Object(Illuminate/Http/Request))
#37 C:/laragon/www/APK_POS2/vendor/laravel/framework/src/Illuminate/Foundation/Http/Middleware/ConvertEmptyStringsToNull.php(31): Illuminate/Foundation/Http/Middleware/TransformsRequest->handle(Object(Illuminate/Http/Request), Object(Closure))
#38 C:/laragon/www/APK_POS2/vendor/laravel/framework/src/Illuminate/Pipeline/Pipeline.php(219): Illuminate/Foundation/Http/Middleware/ConvertEmptyStringsToNull->handle(Object(Illuminate/Http/Request), Object(Closure))
#39 C:/laragon/www/APK_POS2/vendor/laravel/framework/src/Illuminate/Foundation/Http/Middleware/TransformsRequest.php(21): Illuminate/Pipeline/Pipeline->{closure:{closure:Illuminate/Pipeline/Pipeline::carry():194}:195}(Object(Illuminate/Http/Request))
#40 C:/laragon/www/APK_POS2/vendor/laravel/framework/src/Illuminate/Foundation/Http/Middleware/TrimStrings.php(51): Illuminate/Foundation/Http/Middleware/TransformsRequest->handle(Object(Illuminate/Http/Request), Object(Closure))
#41 C:/laragon/www/APK_POS2/vendor/laravel/framework/src/Illuminate/Pipeline/Pipeline.php(219): Illuminate/Foundation/Http/Middleware/TrimStrings->handle(Object(Illuminate/Http/Request), Object(Closure))
#42 C:/laragon/www/APK_POS2/vendor/laravel/framework/src/Illuminate/Http/Middleware/ValidatePostSize.php(27): Illuminate/Pipeline/Pipeline->{closure:{closure:Illuminate/Pipeline/Pipeline::carry():194}:195}(Object(Illuminate/Http/Request))
#43 C:/laragon/www/APK_POS2/vendor/laravel/framework/src/Illuminate/Pipeline/Pipeline.php(219): Illuminate/Http/Middleware/ValidatePostSize->handle(Object(Illuminate/Http/Request), Object(Closure))
#44 C:/laragon/www/APK_POS2/vendor/laravel/framework/src/Illuminate/Foundation/Http/Middleware/PreventRequestsDuringMaintenance.php(109): Illuminate/Pipeline/Pipeline->{closure:{closure:Illuminate/Pipeline/Pipeline::carry():194}:195}(Object(Illuminate/Http/Request))
#45 C:/laragon/www/APK_POS2/vendor/laravel/framework/src/Illuminate/Pipeline/Pipeline.php(219): Illuminate/Foundation/Http/Middleware/PreventRequestsDuringMaintenance->handle(Object(Illuminate/Http/Request), Object(Closure))
#46 C:/laragon/www/APK_POS2/vendor/laravel/framework/src/Illuminate/Http/Middleware/HandleCors.php(61): Illuminate/Pipeline/Pipeline->{closure:{closure:Illuminate/Pipeline/Pipeline::carry():194}:195}(Object(Illuminate/Http/Request))
#47 C:/laragon/www/APK_POS2/vendor/laravel/framework/src/Illuminate/Pipeline/Pipeline.php(219): Illuminate/Http/Middleware/HandleCors->handle(Object(Illuminate/Http/Request), Object(Closure))
#48 C:/laragon/www/APK_POS2/vendor/laravel/framework/src/Illuminate/Http/Middleware/TrustProxies.php(58): Illuminate/Pipeline/Pipeline->{closure:{closure:Illuminate/Pipeline/Pipeline::carry():194}:195}(Object(Illuminate/Http/Request))
#49 C:/laragon/www/APK_POS2/vendor/laravel/framework/src/Illuminate/Pipeline/Pipeline.php(219): Illuminate/Http/Middleware/TrustProxies->handle(Object(Illuminate/Http/Request), Object(Closure))
#50 C:/laragon/www/APK_POS2/vendor/laravel/framework/src/Illuminate/Foundation/Http/Middleware/InvokeDeferredCallbacks.php(22): Illuminate/Pipeline/Pipeline->{closure:{closure:Illuminate/Pipeline/Pipeline::carry():194}:195}(Object(Illuminate/Http/Request))
#51 C:/laragon/www/APK_POS2/vendor/laravel/framework/src/Illuminate/Pipeline/Pipeline.php(219): Illuminate/Foundation/Http/Middleware/InvokeDeferredCallbacks->handle(Object(Illuminate/Http/Request), Object(Closure))
#52 C:/laragon/www/APK_POS2/vendor/laravel/framework/src/Illuminate/Http/Middleware/ValidatePathEncoding.php(26): Illuminate/Pipeline/Pipeline->{closure:{closure:Illuminate/Pipeline/Pipeline::carry():194}:195}(Object(Illuminate/Http/Request))
#53 C:/laragon/www/APK_POS2/vendor/laravel/framework/src/Illuminate/Pipeline/Pipeline.php(219): Illuminate/Http/Middleware/ValidatePathEncoding->handle(Object(Illuminate/Http/Request), Object(Closure))
#54 C:/laragon/www/APK_POS2/vendor/laravel/framework/src/Illuminate/Pipeline/Pipeline.php(137): Illuminate/Pipeline/Pipeline->{closure:{closure:Illuminate/Pipeline/Pipeline::carry():194}:195}(Object(Illuminate/Http/Request))
#55 C:/laragon/www/APK_POS2/vendor/laravel/framework/src/Illuminate/Foundation/Http/Kernel.php(175): Illuminate/Pipeline/Pipeline->then(Object(Closure))
#56 C:/laragon/www/APK_POS2/vendor/laravel/framework/src/Illuminate/Foundation/Http/Kernel.php(144): Illuminate/Foundation/Http/Kernel->sendRequestThroughRouter(Object(Illuminate/Http/Request))
#57 C:/laragon/www/APK_POS2/vendor/laravel/framework/src/Illuminate/Foundation/Application.php(1220): Illuminate/Foundation/Http/Kernel->handle(Object(Illuminate/Http/Request))
#58 C:/laragon/www/APK_POS2/public/index.php(20): Illuminate/Foundation/Application->handleRequest(Object(Illuminate/Http/Request))
#59 C:/laragon/www/APK_POS2/vendor/laravel/framework/src/Illuminate/Foundation/resources/server.php(23): require_once('C://laragon//www//...')
#60 {main}
"} 
[2026-08-06 06:25:59] local.ERROR: syntax error, unexpected token "=" (View: C:\laragon\www\APK_POS2\resources\views\penjualan\index.blade.php) {"userId":1,"exception":"[object] (Illuminate\\View\\ViewException(code: 0): syntax error, unexpected token \"=\" (View: C:\\laragon\\www\\APK_POS2\\resources\\views\\penjualan\\index.blade.php) at C:/laragon/www/APK_POS2/storage/framework/views/304c161585f63d667a9c2c20e2307300.php:79)
[stacktrace]
#0 C:/laragon/www/APK_POS2/vendor/laravel/framework/src/Illuminate/View/Engines/PhpEngine.php(59): Illuminate/View/Engines/CompilerEngine->handleViewException(Object(ParseError), 1)
#1 C:/laragon/www/APK_POS2/vendor/laravel/framework/src/Illuminate/View/Engines/CompilerEngine.php(76): Illuminate/View/Engines/PhpEngine->evaluatePath('C://laragon//www//...', Array)
#2 C:/laragon/www/APK_POS2/vendor/laravel/framework/src/Illuminate/View/View.php(208): Illuminate/View/Engines/CompilerEngine->get('C://laragon//www//...', Array)
#3 C:/laragon/www/APK_POS2/vendor/laravel/framework/src/Illuminate/View/View.php(191): Illuminate/View/View->getContents()
#4 C:/laragon/www/APK_POS2/vendor/laravel/framework/src/Illuminate/View/View.php(160): Illuminate/View/View->renderContents()
#5 C:/laragon/www/APK_POS2/vendor/laravel/framework/src/Illuminate/Http/Response.php(78): Illuminate/View/View->render()
#6 C:/laragon/www/APK_POS2/vendor/laravel/framework/src/Illuminate/Http/Response.php(34): Illuminate/Http/Response->setContent(Object(Illuminate/View/View))
#7 C:/laragon/www/APK_POS2/vendor/laravel/framework/src/Illuminate/Routing/Router.php(939): Illuminate/Http/Response->__construct(Object(Illuminate/View/View), 200, Array)
#8 C:/laragon/www/APK_POS2/vendor/laravel/framework/src/Illuminate/Routing/Router.php(906): Illuminate/Routing/Router::toResponse(Object(Illuminate/Http/Request), Object(Illuminate/View/View))
#9 C:/laragon/www/APK_POS2/vendor/laravel/framework/src/Illuminate/Routing/Router.php(821): Illuminate/Routing/Router->prepareResponse(Object(Illuminate/Http/Request), Object(Illuminate/View/View))
#10 C:/laragon/www/APK_POS2/vendor/laravel/framework/src/Illuminate/Pipeline/Pipeline.php(180): Illuminate/Routing/Router->{closure:Illuminate/Routing/Router::runRouteWithinStack():821}(Object(Illuminate/Http/Request))
#11 C:/laragon/www/APK_POS2/app/Http/Middleware/RoleMiddleware.php(27): Illuminate/Pipeline/Pipeline->{closure:Illuminate/Pipeline/Pipeline::prepareDestination():178}(Object(Illuminate/Http/Request))
#12 C:/laragon/www/APK_POS2/vendor/laravel/framework/src/Illuminate/Pipeline/Pipeline.php(219): App/Http/Middleware/RoleMiddleware->handle(Object(Illuminate/Http/Request), Object(Closure), 'admin', 'kasir')
#13 C:/laragon/www/APK_POS2/vendor/laravel/framework/src/Illuminate/Routing/Middleware/SubstituteBindings.php(50): Illuminate/Pipeline/Pipeline->{closure:{closure:Illuminate/Pipeline/Pipeline::carry():194}:195}(Object(Illuminate/Http/Request))
#14 C:/laragon/www/APK_POS2/vendor/laravel/framework/src/Illuminate/Pipeline/Pipeline.php(219): Illuminate/Routing/Middleware/SubstituteBindings->handle(Object(Illuminate/Http/Request), Object(Closure))
#15 C:/laragon/www/APK_POS2/vendor/laravel/framework/src/Illuminate/Auth/Middleware/Authenticate.php(63): Illuminate/Pipeline/Pipeline->{closure:{closure:Illuminate/Pipeline/Pipeline::carry():194}:195}(Object(Illuminate/Http/Request))
#16 C:/laragon/www/APK_POS2/vendor/laravel/framework/src/Illuminate/Pipeline/Pipeline.php(219): Illuminate/Auth/Middleware/Authenticate->handle(Object(Illuminate/Http/Request), Object(Closure))
#17 C:/laragon/www/APK_POS2/vendor/laravel/framework/src/Illuminate/Foundation/Http/Middleware/VerifyCsrfToken.php(87): Illuminate/Pipeline/Pipeline->{closure:{closure:Illuminate/Pipeline/Pipeline::carry():194}:195}(Object(Illuminate/Http/Request))
#18 C:/laragon/www/APK_POS2/vendor/laravel/framework/src/Illuminate/Pipeline/Pipeline.php(219): Illuminate/Foundation/Http/Middleware/VerifyCsrfToken->handle(Object(Illuminate/Http/Request), Object(Closure))
#19 C:/laragon/www/APK_POS2/vendor/laravel/framework/src/Illuminate/View/Middleware/ShareErrorsFromSession.php(48): Illuminate/Pipeline/Pipeline->{closure:{closure:Illuminate/Pipeline/Pipeline::carry():194}:195}(Object(Illuminate/Http/Request))
#20 C:/laragon/www/APK_POS2/vendor/laravel/framework/src/Illuminate/Pipeline/Pipeline.php(219): Illuminate/View/Middleware/ShareErrorsFromSession->handle(Object(Illuminate/Http/Request), Object(Closure))
#21 C:/laragon/www/APK_POS2/vendor/laravel/framework/src/Illuminate/Session/Middleware/StartSession.php(120): Illuminate/Pipeline/Pipeline->{closure:{closure:Illuminate/Pipeline/Pipeline::carry():194}:195}(Object(Illuminate/Http/Request))
#22 C:/laragon/www/APK_POS2/vendor/laravel/framework/src/Illuminate/Session/Middleware/StartSession.php(63): Illuminate/Session/Middleware/StartSession->handleStatefulRequest(Object(Illuminate/Http/Request), Object(Illuminate/Session/Store), Object(Closure))
#23 C:/laragon/www/APK_POS2/vendor/laravel/framework/src/Illuminate/Pipeline/Pipeline.php(219): Illuminate/Session/Middleware/StartSession->handle(Object(Illuminate/Http/Request), Object(Closure))
#24 C:/laragon/www/APK_POS2/vendor/laravel/framework/src/Illuminate/Cookie/Middleware/AddQueuedCookiesToResponse.php(36): Illuminate/Pipeline/Pipeline->{closure:{closure:Illuminate/Pipeline/Pipeline::carry():194}:195}(Object(Illuminate/Http/Request))
#25 C:/laragon/www/APK_POS2/vendor/laravel/framework/src/Illuminate/Pipeline/Pipeline.php(219): Illuminate/Cookie/Middleware/AddQueuedCookiesToResponse->handle(Object(Illuminate/Http/Request), Object(Closure))
#26 C:/laragon/www/APK_POS2/vendor/laravel/framework/src/Illuminate/Cookie/Middleware/EncryptCookies.php(74): Illuminate/Pipeline/Pipeline->{closure:{closure:Illuminate/Pipeline/Pipeline::carry():194}:195}(Object(Illuminate/Http/Request))
#27 C:/laragon/www/APK_POS2/vendor/laravel/framework/src/Illuminate/Pipeline/Pipeline.php(219): Illuminate/Cookie/Middleware/EncryptCookies->handle(Object(Illuminate/Http/Request), Object(Closure))
#28 C:/laragon/www/APK_POS2/vendor/laravel/framework/src/Illuminate/Pipeline/Pipeline.php(137): Illuminate/Pipeline/Pipeline->{closure:{closure:Illuminate/Pipeline/Pipeline::carry():194}:195}(Object(Illuminate/Http/Request))
#29 C:/laragon/www/APK_POS2/vendor/laravel/framework/src/Illuminate/Routing/Router.php(821): Illuminate/Pipeline/Pipeline->then(Object(Closure))
#30 C:/laragon/www/APK_POS2/vendor/laravel/framework/src/Illuminate/Routing/Router.php(800): Illuminate/Routing/Router->runRouteWithinStack(Object(Illuminate/Routing/Route), Object(Illuminate/Http/Request))
#31 C:/laragon/www/APK_POS2/vendor/laravel/framework/src/Illuminate/Routing/Router.php(764): Illuminate/Routing/Router->runRoute(Object(Illuminate/Http/Request), Object(Illuminate/Routing/Route))
#32 C:/laragon/www/APK_POS2/vendor/laravel/framework/src/Illuminate/Routing/Router.php(753): Illuminate/Routing/Router->dispatchToRoute(Object(Illuminate/Http/Request))
#33 C:/laragon/www/APK_POS2/vendor/laravel/framework/src/Illuminate/Foundation/Http/Kernel.php(200): Illuminate/Routing/Router->dispatch(Object(Illuminate/Http/Request))
#34 C:/laragon/www/APK_POS2/vendor/laravel/framework/src/Illuminate/Pipeline/Pipeline.php(180): Illuminate/Foundation/Http/Kernel->{closure:Illuminate/Foundation/Http/Kernel::dispatchToRouter():197}(Object(Illuminate/Http/Request))
#35 C:/laragon/www/APK_POS2/vendor/laravel/framework/src/Illuminate/Foundation/Http/Middleware/TransformsRequest.php(21): Illuminate/Pipeline/Pipeline->{closure:Illuminate/Pipeline/Pipeline::prepareDestination():178}(Object(Illuminate/Http/Request))
#36 C:/laragon/www/APK_POS2/vendor/laravel/framework/src/Illuminate/Foundation/Http/Middleware/ConvertEmptyStringsToNull.php(31): Illuminate/Foundation/Http/Middleware/TransformsRequest->handle(Object(Illuminate/Http/Request), Object(Closure))
#37 C:/laragon/www/APK_POS2/vendor/laravel/framework/src/Illuminate/Pipeline/Pipeline.php(219): Illuminate/Foundation/Http/Middleware/ConvertEmptyStringsToNull->handle(Object(Illuminate/Http/Request), Object(Closure))
#38 C:/laragon/www/APK_POS2/vendor/laravel/framework/src/Illuminate/Foundation/Http/Middleware/TransformsRequest.php(21): Illuminate/Pipeline/Pipeline->{closure:{closure:Illuminate/Pipeline/Pipeline::carry():194}:195}(Object(Illuminate/Http/Request))
#39 C:/laragon/www/APK_POS2/vendor/laravel/framework/src/Illuminate/Foundation/Http/Middleware/TrimStrings.php(51): Illuminate/Foundation/Http/Middleware/TransformsRequest->handle(Object(Illuminate/Http/Request), Object(Closure))
#40 C:/laragon/www/APK_POS2/vendor/laravel/framework/src/Illuminate/Pipeline/Pipeline.php(219): Illuminate/Foundation/Http/Middleware/TrimStrings->handle(Object(Illuminate/Http/Request), Object(Closure))
#41 C:/laragon/www/APK_POS2/vendor/laravel/framework/src/Illuminate/Http/Middleware/ValidatePostSize.php(27): Illuminate/Pipeline/Pipeline->{closure:{closure:Illuminate/Pipeline/Pipeline::carry():194}:195}(Object(Illuminate/Http/Request))
#42 C:/laragon/www/APK_POS2/vendor/laravel/framework/src/Illuminate/Pipeline/Pipeline.php(219): Illuminate/Http/Middleware/ValidatePostSize->handle(Object(Illuminate/Http/Request), Object(Closure))
#43 C:/laragon/www/APK_POS2/vendor/laravel/framework/src/Illuminate/Foundation/Http/Middleware/PreventRequestsDuringMaintenance.php(109): Illuminate/Pipeline/Pipeline->{closure:{closure:Illuminate/Pipeline/Pipeline::carry():194}:195}(Object(Illuminate/Http/Request))
#44 C:/laragon/www/APK_POS2/vendor/laravel/framework/src/Illuminate/Pipeline/Pipeline.php(219): Illuminate/Foundation/Http/Middleware/PreventRequestsDuringMaintenance->handle(Object(Illuminate/Http/Request), Object(Closure))
#45 C:/laragon/www/APK_POS2/vendor/laravel/framework/src/Illuminate/Http/Middleware/HandleCors.php(61): Illuminate/Pipeline/Pipeline->{closure:{closure:Illuminate/Pipeline/Pipeline::carry():194}:195}(Object(Illuminate/Http/Request))
#46 C:/laragon/www/APK_POS2/vendor/laravel/framework/src/Illuminate/Pipeline/Pipeline.php(219): Illuminate/Http/Middleware/HandleCors->handle(Object(Illuminate/Http/Request), Object(Closure))
#47 C:/laragon/www/APK_POS2/vendor/laravel/framework/src/Illuminate/Http/Middleware/TrustProxies.php(58): Illuminate/Pipeline/Pipeline->{closure:{closure:Illuminate/Pipeline/Pipeline::carry():194}:195}(Object(Illuminate/Http/Request))
#48 C:/laragon/www/APK_POS2/vendor/laravel/framework/src/Illuminate/Pipeline/Pipeline.php(219): Illuminate/Http/Middleware/TrustProxies->handle(Object(Illuminate/Http/Request), Object(Closure))
#49 C:/laragon/www/APK_POS2/vendor/laravel/framework/src/Illuminate/Foundation/Http/Middleware/InvokeDeferredCallbacks.php(22): Illuminate/Pipeline/Pipeline->{closure:{closure:Illuminate/Pipeline/Pipeline::carry():194}:195}(Object(Illuminate/Http/Request))
#50 C:/laragon/www/APK_POS2/vendor/laravel/framework/src/Illuminate/Pipeline/Pipeline.php(219): Illuminate/Foundation/Http/Middleware/InvokeDeferredCallbacks->handle(Object(Illuminate/Http/Request), Object(Closure))
#51 C:/laragon/www/APK_POS2/vendor/laravel/framework/src/Illuminate/Http/Middleware/ValidatePathEncoding.php(26): Illuminate/Pipeline/Pipeline->{closure:{closure:Illuminate/Pipeline/Pipeline::carry():194}:195}(Object(Illuminate/Http/Request))
#52 C:/laragon/www/APK_POS2/vendor/laravel/framework/src/Illuminate/Pipeline/Pipeline.php(219): Illuminate/Http/Middleware/ValidatePathEncoding->handle(Object(Illuminate/Http/Request), Object(Closure))
#53 C:/laragon/www/APK_POS2/vendor/laravel/framework/src/Illuminate/Pipeline/Pipeline.php(137): Illuminate/Pipeline/Pipeline->{closure:{closure:Illuminate/Pipeline/Pipeline::carry():194}:195}(Object(Illuminate/Http/Request))
#54 C:/laragon/www/APK_POS2/vendor/laravel/framework/src/Illuminate/Foundation/Http/Kernel.php(175): Illuminate/Pipeline/Pipeline->then(Object(Closure))
#55 C:/laragon/www/APK_POS2/vendor/laravel/framework/src/Illuminate/Foundation/Http/Kernel.php(144): Illuminate/Foundation/Http/Kernel->sendRequestThroughRouter(Object(Illuminate/Http/Request))
#56 C:/laragon/www/APK_POS2/vendor/laravel/framework/src/Illuminate/Foundation/Application.php(1220): Illuminate/Foundation/Http/Kernel->handle(Object(Illuminate/Http/Request))
#57 C:/laragon/www/APK_POS2/public/index.php(20): Illuminate/Foundation/Application->handleRequest(Object(Illuminate/Http/Request))
#58 C:/laragon/www/APK_POS2/vendor/laravel/framework/src/Illuminate/Foundation/resources/server.php(23): require_once('C://laragon//www//...')
#59 {main}

[previous exception] [object] (ParseError(code: 0): syntax error, unexpected token \"=\" at C:/laragon/www/APK_POS2/storage/framework/views/304c161585f63d667a9c2c20e2307300.php:79)
[stacktrace]
#0 C:/laragon/www/APK_POS2/vendor/laravel/framework/src/Illuminate/Filesystem/Filesystem.php(124): Illuminate/Filesystem/Filesystem::{closure:Illuminate/Filesystem/Filesystem::getRequire():120}()
#1 C:/laragon/www/APK_POS2/vendor/laravel/framework/src/Illuminate/View/Engines/PhpEngine.php(57): Illuminate/Filesystem/Filesystem->getRequire('C://laragon//www//...', Array)
#2 C:/laragon/www/APK_POS2/vendor/laravel/framework/src/Illuminate/View/Engines/CompilerEngine.php(76): Illuminate/View/Engines/PhpEngine->evaluatePath('C://laragon//www//...', Array)
#3 C:/laragon/www/APK_POS2/vendor/laravel/framework/src/Illuminate/View/View.php(208): Illuminate/View/Engines/CompilerEngine->get('C://laragon//www//...', Array)
#4 C:/laragon/www/APK_POS2/vendor/laravel/framework/src/Illuminate/View/View.php(191): Illuminate/View/View->getContents()
#5 C:/laragon/www/APK_POS2/vendor/laravel/framework/src/Illuminate/View/View.php(160): Illuminate/View/View->renderContents()
#6 C:/laragon/www/APK_POS2/vendor/laravel/framework/src/Illuminate/Http/Response.php(78): Illuminate/View/View->render()
#7 C:/laragon/www/APK_POS2/vendor/laravel/framework/src/Illuminate/Http/Response.php(34): Illuminate/Http/Response->setContent(Object(Illuminate/View/View))
#8 C:/laragon/www/APK_POS2/vendor/laravel/framework/src/Illuminate/Routing/Router.php(939): Illuminate/Http/Response->__construct(Object(Illuminate/View/View), 200, Array)
#9 C:/laragon/www/APK_POS2/vendor/laravel/framework/src/Illuminate/Routing/Router.php(906): Illuminate/Routing/Router::toResponse(Object(Illuminate/Http/Request), Object(Illuminate/View/View))
#10 C:/laragon/www/APK_POS2/vendor/laravel/framework/src/Illuminate/Routing/Router.php(821): Illuminate/Routing/Router->prepareResponse(Object(Illuminate/Http/Request), Object(Illuminate/View/View))
#11 C:/laragon/www/APK_POS2/vendor/laravel/framework/src/Illuminate/Pipeline/Pipeline.php(180): Illuminate/Routing/Router->{closure:Illuminate/Routing/Router::runRouteWithinStack():821}(Object(Illuminate/Http/Request))
#12 C:/laragon/www/APK_POS2/app/Http/Middleware/RoleMiddleware.php(27): Illuminate/Pipeline/Pipeline->{closure:Illuminate/Pipeline/Pipeline::prepareDestination():178}(Object(Illuminate/Http/Request))
#13 C:/laragon/www/APK_POS2/vendor/laravel/framework/src/Illuminate/Pipeline/Pipeline.php(219): App/Http/Middleware/RoleMiddleware->handle(Object(Illuminate/Http/Request), Object(Closure), 'admin', 'kasir')
#14 C:/laragon/www/APK_POS2/vendor/laravel/framework/src/Illuminate/Routing/Middleware/SubstituteBindings.php(50): Illuminate/Pipeline/Pipeline->{closure:{closure:Illuminate/Pipeline/Pipeline::carry():194}:195}(Object(Illuminate/Http/Request))
#15 C:/laragon/www/APK_POS2/vendor/laravel/framework/src/Illuminate/Pipeline/Pipeline.php(219): Illuminate/Routing/Middleware/SubstituteBindings->handle(Object(Illuminate/Http/Request), Object(Closure))
#16 C:/laragon/www/APK_POS2/vendor/laravel/framework/src/Illuminate/Auth/Middleware/Authenticate.php(63): Illuminate/Pipeline/Pipeline->{closure:{closure:Illuminate/Pipeline/Pipeline::carry():194}:195}(Object(Illuminate/Http/Request))
#17 C:/laragon/www/APK_POS2/vendor/laravel/framework/src/Illuminate/Pipeline/Pipeline.php(219): Illuminate/Auth/Middleware/Authenticate->handle(Object(Illuminate/Http/Request), Object(Closure))
#18 C:/laragon/www/APK_POS2/vendor/laravel/framework/src/Illuminate/Foundation/Http/Middleware/VerifyCsrfToken.php(87): Illuminate/Pipeline/Pipeline->{closure:{closure:Illuminate/Pipeline/Pipeline::carry():194}:195}(Object(Illuminate/Http/Request))
#19 C:/laragon/www/APK_POS2/vendor/laravel/framework/src/Illuminate/Pipeline/Pipeline.php(219): Illuminate/Foundation/Http/Middleware/VerifyCsrfToken->handle(Object(Illuminate/Http/Request), Object(Closure))
#20 C:/laragon/www/APK_POS2/vendor/laravel/framework/src/Illuminate/View/Middleware/ShareErrorsFromSession.php(48): Illuminate/Pipeline/Pipeline->{closure:{closure:Illuminate/Pipeline/Pipeline::carry():194}:195}(Object(Illuminate/Http/Request))
#21 C:/laragon/www/APK_POS2/vendor/laravel/framework/src/Illuminate/Pipeline/Pipeline.php(219): Illuminate/View/Middleware/ShareErrorsFromSession->handle(Object(Illuminate/Http/Request), Object(Closure))
#22 C:/laragon/www/APK_POS2/vendor/laravel/framework/src/Illuminate/Session/Middleware/StartSession.php(120): Illuminate/Pipeline/Pipeline->{closure:{closure:Illuminate/Pipeline/Pipeline::carry():194}:195}(Object(Illuminate/Http/Request))
#23 C:/laragon/www/APK_POS2/vendor/laravel/framework/src/Illuminate/Session/Middleware/StartSession.php(63): Illuminate/Session/Middleware/StartSession->handleStatefulRequest(Object(Illuminate/Http/Request), Object(Illuminate/Session/Store), Object(Closure))
#24 C:/laragon/www/APK_POS2/vendor/laravel/framework/src/Illuminate/Pipeline/Pipeline.php(219): Illuminate/Session/Middleware/StartSession->handle(Object(Illuminate/Http/Request), Object(Closure))
#25 C:/laragon/www/APK_POS2/vendor/laravel/framework/src/Illuminate/Cookie/Middleware/AddQueuedCookiesToResponse.php(36): Illuminate/Pipeline/Pipeline->{closure:{closure:Illuminate/Pipeline/Pipeline::carry():194}:195}(Object(Illuminate/Http/Request))
#26 C:/laragon/www/APK_POS2/vendor/laravel/framework/src/Illuminate/Pipeline/Pipeline.php(219): Illuminate/Cookie/Middleware/AddQueuedCookiesToResponse->handle(Object(Illuminate/Http/Request), Object(Closure))
#27 C:/laragon/www/APK_POS2/vendor/laravel/framework/src/Illuminate/Cookie/Middleware/EncryptCookies.php(74): Illuminate/Pipeline/Pipeline->{closure:{closure:Illuminate/Pipeline/Pipeline::carry():194}:195}(Object(Illuminate/Http/Request))
#28 C:/laragon/www/APK_POS2/vendor/laravel/framework/src/Illuminate/Pipeline/Pipeline.php(219): Illuminate/Cookie/Middleware/EncryptCookies->handle(Object(Illuminate/Http/Request), Object(Closure))
#29 C:/laragon/www/APK_POS2/vendor/laravel/framework/src/Illuminate/Pipeline/Pipeline.php(137): Illuminate/Pipeline/Pipeline->{closure:{closure:Illuminate/Pipeline/Pipeline::carry():194}:195}(Object(Illuminate/Http/Request))
#30 C:/laragon/www/APK_POS2/vendor/laravel/framework/src/Illuminate/Routing/Router.php(821): Illuminate/Pipeline/Pipeline->then(Object(Closure))
#31 C:/laragon/www/APK_POS2/vendor/laravel/framework/src/Illuminate/Routing/Router.php(800): Illuminate/Routing/Router->runRouteWithinStack(Object(Illuminate/Routing/Route), Object(Illuminate/Http/Request))
#32 C:/laragon/www/APK_POS2/vendor/laravel/framework/src/Illuminate/Routing/Router.php(764): Illuminate/Routing/Router->runRoute(Object(Illuminate/Http/Request), Object(Illuminate/Routing/Route))
#33 C:/laragon/www/APK_POS2/vendor/laravel/framework/src/Illuminate/Routing/Router.php(753): Illuminate/Routing/Router->dispatchToRoute(Object(Illuminate/Http/Request))
#34 C:/laragon/www/APK_POS2/vendor/laravel/framework/src/Illuminate/Foundation/Http/Kernel.php(200): Illuminate/Routing/Router->dispatch(Object(Illuminate/Http/Request))
#35 C:/laragon/www/APK_POS2/vendor/laravel/framework/src/Illuminate/Pipeline/Pipeline.php(180): Illuminate/Foundation/Http/Kernel->{closure:Illuminate/Foundation/Http/Kernel::dispatchToRouter():197}(Object(Illuminate/Http/Request))
#36 C:/laragon/www/APK_POS2/vendor/laravel/framework/src/Illuminate/Foundation/Http/Middleware/TransformsRequest.php(21): Illuminate/Pipeline/Pipeline->{closure:Illuminate/Pipeline/Pipeline::prepareDestination():178}(Object(Illuminate/Http/Request))
#37 C:/laragon/www/APK_POS2/vendor/laravel/framework/src/Illuminate/Foundation/Http/Middleware/ConvertEmptyStringsToNull.php(31): Illuminate/Foundation/Http/Middleware/TransformsRequest->handle(Object(Illuminate/Http/Request), Object(Closure))
#38 C:/laragon/www/APK_POS2/vendor/laravel/framework/src/Illuminate/Pipeline/Pipeline.php(219): Illuminate/Foundation/Http/Middleware/ConvertEmptyStringsToNull->handle(Object(Illuminate/Http/Request), Object(Closure))
#39 C:/laragon/www/APK_POS2/vendor/laravel/framework/src/Illuminate/Foundation/Http/Middleware/TransformsRequest.php(21): Illuminate/Pipeline/Pipeline->{closure:{closure:Illuminate/Pipeline/Pipeline::carry():194}:195}(Object(Illuminate/Http/Request))
#40 C:/laragon/www/APK_POS2/vendor/laravel/framework/src/Illuminate/Foundation/Http/Middleware/TrimStrings.php(51): Illuminate/Foundation/Http/Middleware/TransformsRequest->handle(Object(Illuminate/Http/Request), Object(Closure))
#41 C:/laragon/www/APK_POS2/vendor/laravel/framework/src/Illuminate/Pipeline/Pipeline.php(219): Illuminate/Foundation/Http/Middleware/TrimStrings->handle(Object(Illuminate/Http/Request), Object(Closure))
#42 C:/laragon/www/APK_POS2/vendor/laravel/framework/src/Illuminate/Http/Middleware/ValidatePostSize.php(27): Illuminate/Pipeline/Pipeline->{closure:{closure:Illuminate/Pipeline/Pipeline::carry():194}:195}(Object(Illuminate/Http/Request))
#43 C:/laragon/www/APK_POS2/vendor/laravel/framework/src/Illuminate/Pipeline/Pipeline.php(219): Illuminate/Http/Middleware/ValidatePostSize->handle(Object(Illuminate/Http/Request), Object(Closure))
#44 C:/laragon/www/APK_POS2/vendor/laravel/framework/src/Illuminate/Foundation/Http/Middleware/PreventRequestsDuringMaintenance.php(109): Illuminate/Pipeline/Pipeline->{closure:{closure:Illuminate/Pipeline/Pipeline::carry():194}:195}(Object(Illuminate/Http/Request))
#45 C:/laragon/www/APK_POS2/vendor/laravel/framework/src/Illuminate/Pipeline/Pipeline.php(219): Illuminate/Foundation/Http/Middleware/PreventRequestsDuringMaintenance->handle(Object(Illuminate/Http/Request), Object(Closure))
#46 C:/laragon/www/APK_POS2/vendor/laravel/framework/src/Illuminate/Http/Middleware/HandleCors.php(61): Illuminate/Pipeline/Pipeline->{closure:{closure:Illuminate/Pipeline/Pipeline::carry():194}:195}(Object(Illuminate/Http/Request))
#47 C:/laragon/www/APK_POS2/vendor/laravel/framework/src/Illuminate/Pipeline/Pipeline.php(219): Illuminate/Http/Middleware/HandleCors->handle(Object(Illuminate/Http/Request), Object(Closure))
#48 C:/laragon/www/APK_POS2/vendor/laravel/framework/src/Illuminate/Http/Middleware/TrustProxies.php(58): Illuminate/Pipeline/Pipeline->{closure:{closure:Illuminate/Pipeline/Pipeline::carry():194}:195}(Object(Illuminate/Http/Request))
#49 C:/laragon/www/APK_POS2/vendor/laravel/framework/src/Illuminate/Pipeline/Pipeline.php(219): Illuminate/Http/Middleware/TrustProxies->handle(Object(Illuminate/Http/Request), Object(Closure))
#50 C:/laragon/www/APK_POS2/vendor/laravel/framework/src/Illuminate/Foundation/Http/Middleware/InvokeDeferredCallbacks.php(22): Illuminate/Pipeline/Pipeline->{closure:{closure:Illuminate/Pipeline/Pipeline::carry():194}:195}(Object(Illuminate/Http/Request))
#51 C:/laragon/www/APK_POS2/vendor/laravel/framework/src/Illuminate/Pipeline/Pipeline.php(219): Illuminate/Foundation/Http/Middleware/InvokeDeferredCallbacks->handle(Object(Illuminate/Http/Request), Object(Closure))
#52 C:/laragon/www/APK_POS2/vendor/laravel/framework/src/Illuminate/Http/Middleware/ValidatePathEncoding.php(26): Illuminate/Pipeline/Pipeline->{closure:{closure:Illuminate/Pipeline/Pipeline::carry():194}:195}(Object(Illuminate/Http/Request))
#53 C:/laragon/www/APK_POS2/vendor/laravel/framework/src/Illuminate/Pipeline/Pipeline.php(219): Illuminate/Http/Middleware/ValidatePathEncoding->handle(Object(Illuminate/Http/Request), Object(Closure))
#54 C:/laragon/www/APK_POS2/vendor/laravel/framework/src/Illuminate/Pipeline/Pipeline.php(137): Illuminate/Pipeline/Pipeline->{closure:{closure:Illuminate/Pipeline/Pipeline::carry():194}:195}(Object(Illuminate/Http/Request))
#55 C:/laragon/www/APK_POS2/vendor/laravel/framework/src/Illuminate/Foundation/Http/Kernel.php(175): Illuminate/Pipeline/Pipeline->then(Object(Closure))
#56 C:/laragon/www/APK_POS2/vendor/laravel/framework/src/Illuminate/Foundation/Http/Kernel.php(144): Illuminate/Foundation/Http/Kernel->sendRequestThroughRouter(Object(Illuminate/Http/Request))
#57 C:/laragon/www/APK_POS2/vendor/laravel/framework/src/Illuminate/Foundation/Application.php(1220): Illuminate/Foundation/Http/Kernel->handle(Object(Illuminate/Http/Request))
#58 C:/laragon/www/APK_POS2/public/index.php(20): Illuminate/Foundation/Application->handleRequest(Object(Illuminate/Http/Request))
#59 C:/laragon/www/APK_POS2/vendor/laravel/framework/src/Illuminate/Foundation/resources/server.php(23): require_once('C://laragon//www//...')
#60 {main}
"} 
[2026-08-06 06:28:23] local.ERROR: syntax error, unexpected token "endforeach", expecting "elseif" or "else" or "endif" (View: C:\laragon\www\APK_POS2\resources\views\penjualan\index.blade.php) {"userId":1,"exception":"[object] (Illuminate\\View\\ViewException(code: 0): syntax error, unexpected token \"endforeach\", expecting \"elseif\" or \"else\" or \"endif\" (View: C:\\laragon\\www\\APK_POS2\\resources\\views\\penjualan\\index.blade.php) at C:/laragon/www/APK_POS2/storage/framework/views/304c161585f63d667a9c2c20e2307300.php:96)
[stacktrace]
#0 C:/laragon/www/APK_POS2/vendor/laravel/framework/src/Illuminate/View/Engines/PhpEngine.php(59): Illuminate/View/Engines/CompilerEngine->handleViewException(Object(ParseError), 1)
#1 C:/laragon/www/APK_POS2/vendor/laravel/framework/src/Illuminate/View/Engines/CompilerEngine.php(76): Illuminate/View/Engines/PhpEngine->evaluatePath('C://laragon//www//...', Array)
#2 C:/laragon/www/APK_POS2/vendor/laravel/framework/src/Illuminate/View/View.php(208): Illuminate/View/Engines/CompilerEngine->get('C://laragon//www//...', Array)
#3 C:/laragon/www/APK_POS2/vendor/laravel/framework/src/Illuminate/View/View.php(191): Illuminate/View/View->getContents()
#4 C:/laragon/www/APK_POS2/vendor/laravel/framework/src/Illuminate/View/View.php(160): Illuminate/View/View->renderContents()
#5 C:/laragon/www/APK_POS2/vendor/laravel/framework/src/Illuminate/Http/Response.php(78): Illuminate/View/View->render()
#6 C:/laragon/www/APK_POS2/vendor/laravel/framework/src/Illuminate/Http/Response.php(34): Illuminate/Http/Response->setContent(Object(Illuminate/View/View))
#7 C:/laragon/www/APK_POS2/vendor/laravel/framework/src/Illuminate/Routing/Router.php(939): Illuminate/Http/Response->__construct(Object(Illuminate/View/View), 200, Array)
#8 C:/laragon/www/APK_POS2/vendor/laravel/framework/src/Illuminate/Routing/Router.php(906): Illuminate/Routing/Router::toResponse(Object(Illuminate/Http/Request), Object(Illuminate/View/View))
#9 C:/laragon/www/APK_POS2/vendor/laravel/framework/src/Illuminate/Routing/Router.php(821): Illuminate/Routing/Router->prepareResponse(Object(Illuminate/Http/Request), Object(Illuminate/View/View))
#10 C:/laragon/www/APK_POS2/vendor/laravel/framework/src/Illuminate/Pipeline/Pipeline.php(180): Illuminate/Routing/Router->{closure:Illuminate/Routing/Router::runRouteWithinStack():821}(Object(Illuminate/Http/Request))
#11 C:/laragon/www/APK_POS2/app/Http/Middleware/RoleMiddleware.php(27): Illuminate/Pipeline/Pipeline->{closure:Illuminate/Pipeline/Pipeline::prepareDestination():178}(Object(Illuminate/Http/Request))
#12 C:/laragon/www/APK_POS2/vendor/laravel/framework/src/Illuminate/Pipeline/Pipeline.php(219): App/Http/Middleware/RoleMiddleware->handle(Object(Illuminate/Http/Request), Object(Closure), 'admin', 'kasir')
#13 C:/laragon/www/APK_POS2/vendor/laravel/framework/src/Illuminate/Routing/Middleware/SubstituteBindings.php(50): Illuminate/Pipeline/Pipeline->{closure:{closure:Illuminate/Pipeline/Pipeline::carry():194}:195}(Object(Illuminate/Http/Request))
#14 C:/laragon/www/APK_POS2/vendor/laravel/framework/src/Illuminate/Pipeline/Pipeline.php(219): Illuminate/Routing/Middleware/SubstituteBindings->handle(Object(Illuminate/Http/Request), Object(Closure))
#15 C:/laragon/www/APK_POS2/vendor/laravel/framework/src/Illuminate/Auth/Middleware/Authenticate.php(63): Illuminate/Pipeline/Pipeline->{closure:{closure:Illuminate/Pipeline/Pipeline::carry():194}:195}(Object(Illuminate/Http/Request))
#16 C:/laragon/www/APK_POS2/vendor/laravel/framework/src/Illuminate/Pipeline/Pipeline.php(219): Illuminate/Auth/Middleware/Authenticate->handle(Object(Illuminate/Http/Request), Object(Closure))
#17 C:/laragon/www/APK_POS2/vendor/laravel/framework/src/Illuminate/Foundation/Http/Middleware/VerifyCsrfToken.php(87): Illuminate/Pipeline/Pipeline->{closure:{closure:Illuminate/Pipeline/Pipeline::carry():194}:195}(Object(Illuminate/Http/Request))
#18 C:/laragon/www/APK_POS2/vendor/laravel/framework/src/Illuminate/Pipeline/Pipeline.php(219): Illuminate/Foundation/Http/Middleware/VerifyCsrfToken->handle(Object(Illuminate/Http/Request), Object(Closure))
#19 C:/laragon/www/APK_POS2/vendor/laravel/framework/src/Illuminate/View/Middleware/ShareErrorsFromSession.php(48): Illuminate/Pipeline/Pipeline->{closure:{closure:Illuminate/Pipeline/Pipeline::carry():194}:195}(Object(Illuminate/Http/Request))
#20 C:/laragon/www/APK_POS2/vendor/laravel/framework/src/Illuminate/Pipeline/Pipeline.php(219): Illuminate/View/Middleware/ShareErrorsFromSession->handle(Object(Illuminate/Http/Request), Object(Closure))
#21 C:/laragon/www/APK_POS2/vendor/laravel/framework/src/Illuminate/Session/Middleware/StartSession.php(120): Illuminate/Pipeline/Pipeline->{closure:{closure:Illuminate/Pipeline/Pipeline::carry():194}:195}(Object(Illuminate/Http/Request))
#22 C:/laragon/www/APK_POS2/vendor/laravel/framework/src/Illuminate/Session/Middleware/StartSession.php(63): Illuminate/Session/Middleware/StartSession->handleStatefulRequest(Object(Illuminate/Http/Request), Object(Illuminate/Session/Store), Object(Closure))
#23 C:/laragon/www/APK_POS2/vendor/laravel/framework/src/Illuminate/Pipeline/Pipeline.php(219): Illuminate/Session/Middleware/StartSession->handle(Object(Illuminate/Http/Request), Object(Closure))
#24 C:/laragon/www/APK_POS2/vendor/laravel/framework/src/Illuminate/Cookie/Middleware/AddQueuedCookiesToResponse.php(36): Illuminate/Pipeline/Pipeline->{closure:{closure:Illuminate/Pipeline/Pipeline::carry():194}:195}(Object(Illuminate/Http/Request))
#25 C:/laragon/www/APK_POS2/vendor/laravel/framework/src/Illuminate/Pipeline/Pipeline.php(219): Illuminate/Cookie/Middleware/AddQueuedCookiesToResponse->handle(Object(Illuminate/Http/Request), Object(Closure))
#26 C:/laragon/www/APK_POS2/vendor/laravel/framework/src/Illuminate/Cookie/Middleware/EncryptCookies.php(74): Illuminate/Pipeline/Pipeline->{closure:{closure:Illuminate/Pipeline/Pipeline::carry():194}:195}(Object(Illuminate/Http/Request))
#27 C:/laragon/www/APK_POS2/vendor/laravel/framework/src/Illuminate/Pipeline/Pipeline.php(219): Illuminate/Cookie/Middleware/EncryptCookies->handle(Object(Illuminate/Http/Request), Object(Closure))
#28 C:/laragon/www/APK_POS2/vendor/laravel/framework/src/Illuminate/Pipeline/Pipeline.php(137): Illuminate/Pipeline/Pipeline->{closure:{closure:Illuminate/Pipeline/Pipeline::carry():194}:195}(Object(Illuminate/Http/Request))
#29 C:/laragon/www/APK_POS2/vendor/laravel/framework/src/Illuminate/Routing/Router.php(821): Illuminate/Pipeline/Pipeline->then(Object(Closure))
#30 C:/laragon/www/APK_POS2/vendor/laravel/framework/src/Illuminate/Routing/Router.php(800): Illuminate/Routing/Router->runRouteWithinStack(Object(Illuminate/Routing/Route), Object(Illuminate/Http/Request))
#31 C:/laragon/www/APK_POS2/vendor/laravel/framework/src/Illuminate/Routing/Router.php(764): Illuminate/Routing/Router->runRoute(Object(Illuminate/Http/Request), Object(Illuminate/Routing/Route))
#32 C:/laragon/www/APK_POS2/vendor/laravel/framework/src/Illuminate/Routing/Router.php(753): Illuminate/Routing/Router->dispatchToRoute(Object(Illuminate/Http/Request))
#33 C:/laragon/www/APK_POS2/vendor/laravel/framework/src/Illuminate/Foundation/Http/Kernel.php(200): Illuminate/Routing/Router->dispatch(Object(Illuminate/Http/Request))
#34 C:/laragon/www/APK_POS2/vendor/laravel/framework/src/Illuminate/Pipeline/Pipeline.php(180): Illuminate/Foundation/Http/Kernel->{closure:Illuminate/Foundation/Http/Kernel::dispatchToRouter():197}(Object(Illuminate/Http/Request))
#35 C:/laragon/www/APK_POS2/vendor/laravel/framework/src/Illuminate/Foundation/Http/Middleware/TransformsRequest.php(21): Illuminate/Pipeline/Pipeline->{closure:Illuminate/Pipeline/Pipeline::prepareDestination():178}(Object(Illuminate/Http/Request))
#36 C:/laragon/www/APK_POS2/vendor/laravel/framework/src/Illuminate/Foundation/Http/Middleware/ConvertEmptyStringsToNull.php(31): Illuminate/Foundation/Http/Middleware/TransformsRequest->handle(Object(Illuminate/Http/Request), Object(Closure))
#37 C:/laragon/www/APK_POS2/vendor/laravel/framework/src/Illuminate/Pipeline/Pipeline.php(219): Illuminate/Foundation/Http/Middleware/ConvertEmptyStringsToNull->handle(Object(Illuminate/Http/Request), Object(Closure))
#38 C:/laragon/www/APK_POS2/vendor/laravel/framework/src/Illuminate/Foundation/Http/Middleware/TransformsRequest.php(21): Illuminate/Pipeline/Pipeline->{closure:{closure:Illuminate/Pipeline/Pipeline::carry():194}:195}(Object(Illuminate/Http/Request))
#39 C:/laragon/www/APK_POS2/vendor/laravel/framework/src/Illuminate/Foundation/Http/Middleware/TrimStrings.php(51): Illuminate/Foundation/Http/Middleware/TransformsRequest->handle(Object(Illuminate/Http/Request), Object(Closure))
#40 C:/laragon/www/APK_POS2/vendor/laravel/framework/src/Illuminate/Pipeline/Pipeline.php(219): Illuminate/Foundation/Http/Middleware/TrimStrings->handle(Object(Illuminate/Http/Request), Object(Closure))
#41 C:/laragon/www/APK_POS2/vendor/laravel/framework/src/Illuminate/Http/Middleware/ValidatePostSize.php(27): Illuminate/Pipeline/Pipeline->{closure:{closure:Illuminate/Pipeline/Pipeline::carry():194}:195}(Object(Illuminate/Http/Request))
#42 C:/laragon/www/APK_POS2/vendor/laravel/framework/src/Illuminate/Pipeline/Pipeline.php(219): Illuminate/Http/Middleware/ValidatePostSize->handle(Object(Illuminate/Http/Request), Object(Closure))
#43 C:/laragon/www/APK_POS2/vendor/laravel/framework/src/Illuminate/Foundation/Http/Middleware/PreventRequestsDuringMaintenance.php(109): Illuminate/Pipeline/Pipeline->{closure:{closure:Illuminate/Pipeline/Pipeline::carry():194}:195}(Object(Illuminate/Http/Request))
#44 C:/laragon/www/APK_POS2/vendor/laravel/framework/src/Illuminate/Pipeline/Pipeline.php(219): Illuminate/Foundation/Http/Middleware/PreventRequestsDuringMaintenance->handle(Object(Illuminate/Http/Request), Object(Closure))
#45 C:/laragon/www/APK_POS2/vendor/laravel/framework/src/Illuminate/Http/Middleware/HandleCors.php(61): Illuminate/Pipeline/Pipeline->{closure:{closure:Illuminate/Pipeline/Pipeline::carry():194}:195}(Object(Illuminate/Http/Request))
#46 C:/laragon/www/APK_POS2/vendor/laravel/framework/src/Illuminate/Pipeline/Pipeline.php(219): Illuminate/Http/Middleware/HandleCors->handle(Object(Illuminate/Http/Request), Object(Closure))
#47 C:/laragon/www/APK_POS2/vendor/laravel/framework/src/Illuminate/Http/Middleware/TrustProxies.php(58): Illuminate/Pipeline/Pipeline->{closure:{closure:Illuminate/Pipeline/Pipeline::carry():194}:195}(Object(Illuminate/Http/Request))
#48 C:/laragon/www/APK_POS2/vendor/laravel/framework/src/Illuminate/Pipeline/Pipeline.php(219): Illuminate/Http/Middleware/TrustProxies->handle(Object(Illuminate/Http/Request), Object(Closure))
#49 C:/laragon/www/APK_POS2/vendor/laravel/framework/src/Illuminate/Foundation/Http/Middleware/InvokeDeferredCallbacks.php(22): Illuminate/Pipeline/Pipeline->{closure:{closure:Illuminate/Pipeline/Pipeline::carry():194}:195}(Object(Illuminate/Http/Request))
#50 C:/laragon/www/APK_POS2/vendor/laravel/framework/src/Illuminate/Pipeline/Pipeline.php(219): Illuminate/Foundation/Http/Middleware/InvokeDeferredCallbacks->handle(Object(Illuminate/Http/Request), Object(Closure))
#51 C:/laragon/www/APK_POS2/vendor/laravel/framework/src/Illuminate/Http/Middleware/ValidatePathEncoding.php(26): Illuminate/Pipeline/Pipeline->{closure:{closure:Illuminate/Pipeline/Pipeline::carry():194}:195}(Object(Illuminate/Http/Request))
#52 C:/laragon/www/APK_POS2/vendor/laravel/framework/src/Illuminate/Pipeline/Pipeline.php(219): Illuminate/Http/Middleware/ValidatePathEncoding->handle(Object(Illuminate/Http/Request), Object(Closure))
#53 C:/laragon/www/APK_POS2/vendor/laravel/framework/src/Illuminate/Pipeline/Pipeline.php(137): Illuminate/Pipeline/Pipeline->{closure:{closure:Illuminate/Pipeline/Pipeline::carry():194}:195}(Object(Illuminate/Http/Request))
#54 C:/laragon/www/APK_POS2/vendor/laravel/framework/src/Illuminate/Foundation/Http/Kernel.php(175): Illuminate/Pipeline/Pipeline->then(Object(Closure))
#55 C:/laragon/www/APK_POS2/vendor/laravel/framework/src/Illuminate/Foundation/Http/Kernel.php(144): Illuminate/Foundation/Http/Kernel->sendRequestThroughRouter(Object(Illuminate/Http/Request))
#56 C:/laragon/www/APK_POS2/vendor/laravel/framework/src/Illuminate/Foundation/Application.php(1220): Illuminate/Foundation/Http/Kernel->handle(Object(Illuminate/Http/Request))
#57 C:/laragon/www/APK_POS2/public/index.php(20): Illuminate/Foundation/Application->handleRequest(Object(Illuminate/Http/Request))
#58 C:/laragon/www/APK_POS2/vendor/laravel/framework/src/Illuminate/Foundation/resources/server.php(23): require_once('C://laragon//www//...')
#59 {main}

[previous exception] [object] (ParseError(code: 0): syntax error, unexpected token \"endforeach\", expecting \"elseif\" or \"else\" or \"endif\" at C:/laragon/www/APK_POS2/storage/framework/views/304c161585f63d667a9c2c20e2307300.php:96)
[stacktrace]
#0 C:/laragon/www/APK_POS2/vendor/laravel/framework/src/Illuminate/Filesystem/Filesystem.php(124): Illuminate/Filesystem/Filesystem::{closure:Illuminate/Filesystem/Filesystem::getRequire():120}()
#1 C:/laragon/www/APK_POS2/vendor/laravel/framework/src/Illuminate/View/Engines/PhpEngine.php(57): Illuminate/Filesystem/Filesystem->getRequire('C://laragon//www//...', Array)
#2 C:/laragon/www/APK_POS2/vendor/laravel/framework/src/Illuminate/View/Engines/CompilerEngine.php(76): Illuminate/View/Engines/PhpEngine->evaluatePath('C://laragon//www//...', Array)
#3 C:/laragon/www/APK_POS2/vendor/laravel/framework/src/Illuminate/View/View.php(208): Illuminate/View/Engines/CompilerEngine->get('C://laragon//www//...', Array)
#4 C:/laragon/www/APK_POS2/vendor/laravel/framework/src/Illuminate/View/View.php(191): Illuminate/View/View->getContents()
#5 C:/laragon/www/APK_POS2/vendor/laravel/framework/src/Illuminate/View/View.php(160): Illuminate/View/View->renderContents()
#6 C:/laragon/www/APK_POS2/vendor/laravel/framework/src/Illuminate/Http/Response.php(78): Illuminate/View/View->render()
#7 C:/laragon/www/APK_POS2/vendor/laravel/framework/src/Illuminate/Http/Response.php(34): Illuminate/Http/Response->setContent(Object(Illuminate/View/View))
#8 C:/laragon/www/APK_POS2/vendor/laravel/framework/src/Illuminate/Routing/Router.php(939): Illuminate/Http/Response->__construct(Object(Illuminate/View/View), 200, Array)
#9 C:/laragon/www/APK_POS2/vendor/laravel/framework/src/Illuminate/Routing/Router.php(906): Illuminate/Routing/Router::toResponse(Object(Illuminate/Http/Request), Object(Illuminate/View/View))
#10 C:/laragon/www/APK_POS2/vendor/laravel/framework/src/Illuminate/Routing/Router.php(821): Illuminate/Routing/Router->prepareResponse(Object(Illuminate/Http/Request), Object(Illuminate/View/View))
#11 C:/laragon/www/APK_POS2/vendor/laravel/framework/src/Illuminate/Pipeline/Pipeline.php(180): Illuminate/Routing/Router->{closure:Illuminate/Routing/Router::runRouteWithinStack():821}(Object(Illuminate/Http/Request))
#12 C:/laragon/www/APK_POS2/app/Http/Middleware/RoleMiddleware.php(27): Illuminate/Pipeline/Pipeline->{closure:Illuminate/Pipeline/Pipeline::prepareDestination():178}(Object(Illuminate/Http/Request))
#13 C:/laragon/www/APK_POS2/vendor/laravel/framework/src/Illuminate/Pipeline/Pipeline.php(219): App/Http/Middleware/RoleMiddleware->handle(Object(Illuminate/Http/Request), Object(Closure), 'admin', 'kasir')
#14 C:/laragon/www/APK_POS2/vendor/laravel/framework/src/Illuminate/Routing/Middleware/SubstituteBindings.php(50): Illuminate/Pipeline/Pipeline->{closure:{closure:Illuminate/Pipeline/Pipeline::carry():194}:195}(Object(Illuminate/Http/Request))
#15 C:/laragon/www/APK_POS2/vendor/laravel/framework/src/Illuminate/Pipeline/Pipeline.php(219): Illuminate/Routing/Middleware/SubstituteBindings->handle(Object(Illuminate/Http/Request), Object(Closure))
#16 C:/laragon/www/APK_POS2/vendor/laravel/framework/src/Illuminate/Auth/Middleware/Authenticate.php(63): Illuminate/Pipeline/Pipeline->{closure:{closure:Illuminate/Pipeline/Pipeline::carry():194}:195}(Object(Illuminate/Http/Request))
#17 C:/laragon/www/APK_POS2/vendor/laravel/framework/src/Illuminate/Pipeline/Pipeline.php(219): Illuminate/Auth/Middleware/Authenticate->handle(Object(Illuminate/Http/Request), Object(Closure))
#18 C:/laragon/www/APK_POS2/vendor/laravel/framework/src/Illuminate/Foundation/Http/Middleware/VerifyCsrfToken.php(87): Illuminate/Pipeline/Pipeline->{closure:{closure:Illuminate/Pipeline/Pipeline::carry():194}:195}(Object(Illuminate/Http/Request))
#19 C:/laragon/www/APK_POS2/vendor/laravel/framework/src/Illuminate/Pipeline/Pipeline.php(219): Illuminate/Foundation/Http/Middleware/VerifyCsrfToken->handle(Object(Illuminate/Http/Request), Object(Closure))
#20 C:/laragon/www/APK_POS2/vendor/laravel/framework/src/Illuminate/View/Middleware/ShareErrorsFromSession.php(48): Illuminate/Pipeline/Pipeline->{closure:{closure:Illuminate/Pipeline/Pipeline::carry():194}:195}(Object(Illuminate/Http/Request))
#21 C:/laragon/www/APK_POS2/vendor/laravel/framework/src/Illuminate/Pipeline/Pipeline.php(219): Illuminate/View/Middleware/ShareErrorsFromSession->handle(Object(Illuminate/Http/Request), Object(Closure))
#22 C:/laragon/www/APK_POS2/vendor/laravel/framework/src/Illuminate/Session/Middleware/StartSession.php(120): Illuminate/Pipeline/Pipeline->{closure:{closure:Illuminate/Pipeline/Pipeline::carry():194}:195}(Object(Illuminate/Http/Request))
#23 C:/laragon/www/APK_POS2/vendor/laravel/framework/src/Illuminate/Session/Middleware/StartSession.php(63): Illuminate/Session/Middleware/StartSession->handleStatefulRequest(Object(Illuminate/Http/Request), Object(Illuminate/Session/Store), Object(Closure))
#24 C:/laragon/www/APK_POS2/vendor/laravel/framework/src/Illuminate/Pipeline/Pipeline.php(219): Illuminate/Session/Middleware/StartSession->handle(Object(Illuminate/Http/Request), Object(Closure))
#25 C:/laragon/www/APK_POS2/vendor/laravel/framework/src/Illuminate/Cookie/Middleware/AddQueuedCookiesToResponse.php(36): Illuminate/Pipeline/Pipeline->{closure:{closure:Illuminate/Pipeline/Pipeline::carry():194}:195}(Object(Illuminate/Http/Request))
#26 C:/laragon/www/APK_POS2/vendor/laravel/framework/src/Illuminate/Pipeline/Pipeline.php(219): Illuminate/Cookie/Middleware/AddQueuedCookiesToResponse->handle(Object(Illuminate/Http/Request), Object(Closure))
#27 C:/laragon/www/APK_POS2/vendor/laravel/framework/src/Illuminate/Cookie/Middleware/EncryptCookies.php(74): Illuminate/Pipeline/Pipeline->{closure:{closure:Illuminate/Pipeline/Pipeline::carry():194}:195}(Object(Illuminate/Http/Request))
#28 C:/laragon/www/APK_POS2/vendor/laravel/framework/src/Illuminate/Pipeline/Pipeline.php(219): Illuminate/Cookie/Middleware/EncryptCookies->handle(Object(Illuminate/Http/Request), Object(Closure))
#29 C:/laragon/www/APK_POS2/vendor/laravel/framework/src/Illuminate/Pipeline/Pipeline.php(137): Illuminate/Pipeline/Pipeline->{closure:{closure:Illuminate/Pipeline/Pipeline::carry():194}:195}(Object(Illuminate/Http/Request))
#30 C:/laragon/www/APK_POS2/vendor/laravel/framework/src/Illuminate/Routing/Router.php(821): Illuminate/Pipeline/Pipeline->then(Object(Closure))
#31 C:/laragon/www/APK_POS2/vendor/laravel/framework/src/Illuminate/Routing/Router.php(800): Illuminate/Routing/Router->runRouteWithinStack(Object(Illuminate/Routing/Route), Object(Illuminate/Http/Request))
#32 C:/laragon/www/APK_POS2/vendor/laravel/framework/src/Illuminate/Routing/Router.php(764): Illuminate/Routing/Router->runRoute(Object(Illuminate/Http/Request), Object(Illuminate/Routing/Route))
#33 C:/laragon/www/APK_POS2/vendor/laravel/framework/src/Illuminate/Routing/Router.php(753): Illuminate/Routing/Router->dispatchToRoute(Object(Illuminate/Http/Request))
#34 C:/laragon/www/APK_POS2/vendor/laravel/framework/src/Illuminate/Foundation/Http/Kernel.php(200): Illuminate/Routing/Router->dispatch(Object(Illuminate/Http/Request))
#35 C:/laragon/www/APK_POS2/vendor/laravel/framework/src/Illuminate/Pipeline/Pipeline.php(180): Illuminate/Foundation/Http/Kernel->{closure:Illuminate/Foundation/Http/Kernel::dispatchToRouter():197}(Object(Illuminate/Http/Request))
#36 C:/laragon/www/APK_POS2/vendor/laravel/framework/src/Illuminate/Foundation/Http/Middleware/TransformsRequest.php(21): Illuminate/Pipeline/Pipeline->{closure:Illuminate/Pipeline/Pipeline::prepareDestination():178}(Object(Illuminate/Http/Request))
#37 C:/laragon/www/APK_POS2/vendor/laravel/framework/src/Illuminate/Foundation/Http/Middleware/ConvertEmptyStringsToNull.php(31): Illuminate/Foundation/Http/Middleware/TransformsRequest->handle(Object(Illuminate/Http/Request), Object(Closure))
#38 C:/laragon/www/APK_POS2/vendor/laravel/framework/src/Illuminate/Pipeline/Pipeline.php(219): Illuminate/Foundation/Http/Middleware/ConvertEmptyStringsToNull->handle(Object(Illuminate/Http/Request), Object(Closure))
#39 C:/laragon/www/APK_POS2/vendor/laravel/framework/src/Illuminate/Foundation/Http/Middleware/TransformsRequest.php(21): Illuminate/Pipeline/Pipeline->{closure:{closure:Illuminate/Pipeline/Pipeline::carry():194}:195}(Object(Illuminate/Http/Request))
#40 C:/laragon/www/APK_POS2/vendor/laravel/framework/src/Illuminate/Foundation/Http/Middleware/TrimStrings.php(51): Illuminate/Foundation/Http/Middleware/TransformsRequest->handle(Object(Illuminate/Http/Request), Object(Closure))
#41 C:/laragon/www/APK_POS2/vendor/laravel/framework/src/Illuminate/Pipeline/Pipeline.php(219): Illuminate/Foundation/Http/Middleware/TrimStrings->handle(Object(Illuminate/Http/Request), Object(Closure))
#42 C:/laragon/www/APK_POS2/vendor/laravel/framework/src/Illuminate/Http/Middleware/ValidatePostSize.php(27): Illuminate/Pipeline/Pipeline->{closure:{closure:Illuminate/Pipeline/Pipeline::carry():194}:195}(Object(Illuminate/Http/Request))
#43 C:/laragon/www/APK_POS2/vendor/laravel/framework/src/Illuminate/Pipeline/Pipeline.php(219): Illuminate/Http/Middleware/ValidatePostSize->handle(Object(Illuminate/Http/Request), Object(Closure))
#44 C:/laragon/www/APK_POS2/vendor/laravel/framework/src/Illuminate/Foundation/Http/Middleware/PreventRequestsDuringMaintenance.php(109): Illuminate/Pipeline/Pipeline->{closure:{closure:Illuminate/Pipeline/Pipeline::carry():194}:195}(Object(Illuminate/Http/Request))
#45 C:/laragon/www/APK_POS2/vendor/laravel/framework/src/Illuminate/Pipeline/Pipeline.php(219): Illuminate/Foundation/Http/Middleware/PreventRequestsDuringMaintenance->handle(Object(Illuminate/Http/Request), Object(Closure))
#46 C:/laragon/www/APK_POS2/vendor/laravel/framework/src/Illuminate/Http/Middleware/HandleCors.php(61): Illuminate/Pipeline/Pipeline->{closure:{closure:Illuminate/Pipeline/Pipeline::carry():194}:195}(Object(Illuminate/Http/Request))
#47 C:/laragon/www/APK_POS2/vendor/laravel/framework/src/Illuminate/Pipeline/Pipeline.php(219): Illuminate/Http/Middleware/HandleCors->handle(Object(Illuminate/Http/Request), Object(Closure))
#48 C:/laragon/www/APK_POS2/vendor/laravel/framework/src/Illuminate/Http/Middleware/TrustProxies.php(58): Illuminate/Pipeline/Pipeline->{closure:{closure:Illuminate/Pipeline/Pipeline::carry():194}:195}(Object(Illuminate/Http/Request))
#49 C:/laragon/www/APK_POS2/vendor/laravel/framework/src/Illuminate/Pipeline/Pipeline.php(219): Illuminate/Http/Middleware/TrustProxies->handle(Object(Illuminate/Http/Request), Object(Closure))
#50 C:/laragon/www/APK_POS2/vendor/laravel/framework/src/Illuminate/Foundation/Http/Middleware/InvokeDeferredCallbacks.php(22): Illuminate/Pipeline/Pipeline->{closure:{closure:Illuminate/Pipeline/Pipeline::carry():194}:195}(Object(Illuminate/Http/Request))
#51 C:/laragon/www/APK_POS2/vendor/laravel/framework/src/Illuminate/Pipeline/Pipeline.php(219): Illuminate/Foundation/Http/Middleware/InvokeDeferredCallbacks->handle(Object(Illuminate/Http/Request), Object(Closure))
#52 C:/laragon/www/APK_POS2/vendor/laravel/framework/src/Illuminate/Http/Middleware/ValidatePathEncoding.php(26): Illuminate/Pipeline/Pipeline->{closure:{closure:Illuminate/Pipeline/Pipeline::carry():194}:195}(Object(Illuminate/Http/Request))
#53 C:/laragon/www/APK_POS2/vendor/laravel/framework/src/Illuminate/Pipeline/Pipeline.php(219): Illuminate/Http/Middleware/ValidatePathEncoding->handle(Object(Illuminate/Http/Request), Object(Closure))
#54 C:/laragon/www/APK_POS2/vendor/laravel/framework/src/Illuminate/Pipeline/Pipeline.php(137): Illuminate/Pipeline/Pipeline->{closure:{closure:Illuminate/Pipeline/Pipeline::carry():194}:195}(Object(Illuminate/Http/Request))
#55 C:/laragon/www/APK_POS2/vendor/laravel/framework/src/Illuminate/Foundation/Http/Kernel.php(175): Illuminate/Pipeline/Pipeline->then(Object(Closure))
#56 C:/laragon/www/APK_POS2/vendor/laravel/framework/src/Illuminate/Foundation/Http/Kernel.php(144): Illuminate/Foundation/Http/Kernel->sendRequestThroughRouter(Object(Illuminate/Http/Request))
#57 C:/laragon/www/APK_POS2/vendor/laravel/framework/src/Illuminate/Foundation/Application.php(1220): Illuminate/Foundation/Http/Kernel->handle(Object(Illuminate/Http/Request))
#58 C:/laragon/www/APK_POS2/public/index.php(20): Illuminate/Foundation/Application->handleRequest(Object(Illuminate/Http/Request))
#59 C:/laragon/www/APK_POS2/vendor/laravel/framework/src/Illuminate/Foundation/resources/server.php(23): require_once('C://laragon//www//...')
#60 {main}
"} 
[2026-08-06 06:28:29] local.ERROR: syntax error, unexpected token "endforeach", expecting "elseif" or "else" or "endif" (View: C:\laragon\www\APK_POS2\resources\views\penjualan\index.blade.php) {"userId":1,"exception":"[object] (Illuminate\\View\\ViewException(code: 0): syntax error, unexpected token \"endforeach\", expecting \"elseif\" or \"else\" or \"endif\" (View: C:\\laragon\\www\\APK_POS2\\resources\\views\\penjualan\\index.blade.php) at C:/laragon/www/APK_POS2/storage/framework/views/304c161585f63d667a9c2c20e2307300.php:96)
[stacktrace]
#0 C:/laragon/www/APK_POS2/vendor/laravel/framework/src/Illuminate/View/Engines/PhpEngine.php(59): Illuminate/View/Engines/CompilerEngine->handleViewException(Object(ParseError), 1)
#1 C:/laragon/www/APK_POS2/vendor/laravel/framework/src/Illuminate/View/Engines/CompilerEngine.php(76): Illuminate/View/Engines/PhpEngine->evaluatePath('C://laragon//www//...', Array)
#2 C:/laragon/www/APK_POS2/vendor/laravel/framework/src/Illuminate/View/View.php(208): Illuminate/View/Engines/CompilerEngine->get('C://laragon//www//...', Array)
#3 C:/laragon/www/APK_POS2/vendor/laravel/framework/src/Illuminate/View/View.php(191): Illuminate/View/View->getContents()
#4 C:/laragon/www/APK_POS2/vendor/laravel/framework/src/Illuminate/View/View.php(160): Illuminate/View/View->renderContents()
#5 C:/laragon/www/APK_POS2/vendor/laravel/framework/src/Illuminate/Http/Response.php(78): Illuminate/View/View->render()
#6 C:/laragon/www/APK_POS2/vendor/laravel/framework/src/Illuminate/Http/Response.php(34): Illuminate/Http/Response->setContent(Object(Illuminate/View/View))
#7 C:/laragon/www/APK_POS2/vendor/laravel/framework/src/Illuminate/Routing/Router.php(939): Illuminate/Http/Response->__construct(Object(Illuminate/View/View), 200, Array)
#8 C:/laragon/www/APK_POS2/vendor/laravel/framework/src/Illuminate/Routing/Router.php(906): Illuminate/Routing/Router::toResponse(Object(Illuminate/Http/Request), Object(Illuminate/View/View))
#9 C:/laragon/www/APK_POS2/vendor/laravel/framework/src/Illuminate/Routing/Router.php(821): Illuminate/Routing/Router->prepareResponse(Object(Illuminate/Http/Request), Object(Illuminate/View/View))
#10 C:/laragon/www/APK_POS2/vendor/laravel/framework/src/Illuminate/Pipeline/Pipeline.php(180): Illuminate/Routing/Router->{closure:Illuminate/Routing/Router::runRouteWithinStack():821}(Object(Illuminate/Http/Request))
#11 C:/laragon/www/APK_POS2/app/Http/Middleware/RoleMiddleware.php(27): Illuminate/Pipeline/Pipeline->{closure:Illuminate/Pipeline/Pipeline::prepareDestination():178}(Object(Illuminate/Http/Request))
#12 C:/laragon/www/APK_POS2/vendor/laravel/framework/src/Illuminate/Pipeline/Pipeline.php(219): App/Http/Middleware/RoleMiddleware->handle(Object(Illuminate/Http/Request), Object(Closure), 'admin', 'kasir')
#13 C:/laragon/www/APK_POS2/vendor/laravel/framework/src/Illuminate/Routing/Middleware/SubstituteBindings.php(50): Illuminate/Pipeline/Pipeline->{closure:{closure:Illuminate/Pipeline/Pipeline::carry():194}:195}(Object(Illuminate/Http/Request))
#14 C:/laragon/www/APK_POS2/vendor/laravel/framework/src/Illuminate/Pipeline/Pipeline.php(219): Illuminate/Routing/Middleware/SubstituteBindings->handle(Object(Illuminate/Http/Request), Object(Closure))
#15 C:/laragon/www/APK_POS2/vendor/laravel/framework/src/Illuminate/Auth/Middleware/Authenticate.php(63): Illuminate/Pipeline/Pipeline->{closure:{closure:Illuminate/Pipeline/Pipeline::carry():194}:195}(Object(Illuminate/Http/Request))
#16 C:/laragon/www/APK_POS2/vendor/laravel/framework/src/Illuminate/Pipeline/Pipeline.php(219): Illuminate/Auth/Middleware/Authenticate->handle(Object(Illuminate/Http/Request), Object(Closure))
#17 C:/laragon/www/APK_POS2/vendor/laravel/framework/src/Illuminate/Foundation/Http/Middleware/VerifyCsrfToken.php(87): Illuminate/Pipeline/Pipeline->{closure:{closure:Illuminate/Pipeline/Pipeline::carry():194}:195}(Object(Illuminate/Http/Request))
#18 C:/laragon/www/APK_POS2/vendor/laravel/framework/src/Illuminate/Pipeline/Pipeline.php(219): Illuminate/Foundation/Http/Middleware/VerifyCsrfToken->handle(Object(Illuminate/Http/Request), Object(Closure))
#19 C:/laragon/www/APK_POS2/vendor/laravel/framework/src/Illuminate/View/Middleware/ShareErrorsFromSession.php(48): Illuminate/Pipeline/Pipeline->{closure:{closure:Illuminate/Pipeline/Pipeline::carry():194}:195}(Object(Illuminate/Http/Request))
#20 C:/laragon/www/APK_POS2/vendor/laravel/framework/src/Illuminate/Pipeline/Pipeline.php(219): Illuminate/View/Middleware/ShareErrorsFromSession->handle(Object(Illuminate/Http/Request), Object(Closure))
#21 C:/laragon/www/APK_POS2/vendor/laravel/framework/src/Illuminate/Session/Middleware/StartSession.php(120): Illuminate/Pipeline/Pipeline->{closure:{closure:Illuminate/Pipeline/Pipeline::carry():194}:195}(Object(Illuminate/Http/Request))
#22 C:/laragon/www/APK_POS2/vendor/laravel/framework/src/Illuminate/Session/Middleware/StartSession.php(63): Illuminate/Session/Middleware/StartSession->handleStatefulRequest(Object(Illuminate/Http/Request), Object(Illuminate/Session/Store), Object(Closure))
#23 C:/laragon/www/APK_POS2/vendor/laravel/framework/src/Illuminate/Pipeline/Pipeline.php(219): Illuminate/Session/Middleware/StartSession->handle(Object(Illuminate/Http/Request), Object(Closure))
#24 C:/laragon/www/APK_POS2/vendor/laravel/framework/src/Illuminate/Cookie/Middleware/AddQueuedCookiesToResponse.php(36): Illuminate/Pipeline/Pipeline->{closure:{closure:Illuminate/Pipeline/Pipeline::carry():194}:195}(Object(Illuminate/Http/Request))
#25 C:/laragon/www/APK_POS2/vendor/laravel/framework/src/Illuminate/Pipeline/Pipeline.php(219): Illuminate/Cookie/Middleware/AddQueuedCookiesToResponse->handle(Object(Illuminate/Http/Request), Object(Closure))
#26 C:/laragon/www/APK_POS2/vendor/laravel/framework/src/Illuminate/Cookie/Middleware/EncryptCookies.php(74): Illuminate/Pipeline/Pipeline->{closure:{closure:Illuminate/Pipeline/Pipeline::carry():194}:195}(Object(Illuminate/Http/Request))
#27 C:/laragon/www/APK_POS2/vendor/laravel/framework/src/Illuminate/Pipeline/Pipeline.php(219): Illuminate/Cookie/Middleware/EncryptCookies->handle(Object(Illuminate/Http/Request), Object(Closure))
#28 C:/laragon/www/APK_POS2/vendor/laravel/framework/src/Illuminate/Pipeline/Pipeline.php(137): Illuminate/Pipeline/Pipeline->{closure:{closure:Illuminate/Pipeline/Pipeline::carry():194}:195}(Object(Illuminate/Http/Request))
#29 C:/laragon/www/APK_POS2/vendor/laravel/framework/src/Illuminate/Routing/Router.php(821): Illuminate/Pipeline/Pipeline->then(Object(Closure))
#30 C:/laragon/www/APK_POS2/vendor/laravel/framework/src/Illuminate/Routing/Router.php(800): Illuminate/Routing/Router->runRouteWithinStack(Object(Illuminate/Routing/Route), Object(Illuminate/Http/Request))
#31 C:/laragon/www/APK_POS2/vendor/laravel/framework/src/Illuminate/Routing/Router.php(764): Illuminate/Routing/Router->runRoute(Object(Illuminate/Http/Request), Object(Illuminate/Routing/Route))
#32 C:/laragon/www/APK_POS2/vendor/laravel/framework/src/Illuminate/Routing/Router.php(753): Illuminate/Routing/Router->dispatchToRoute(Object(Illuminate/Http/Request))
#33 C:/laragon/www/APK_POS2/vendor/laravel/framework/src/Illuminate/Foundation/Http/Kernel.php(200): Illuminate/Routing/Router->dispatch(Object(Illuminate/Http/Request))
#34 C:/laragon/www/APK_POS2/vendor/laravel/framework/src/Illuminate/Pipeline/Pipeline.php(180): Illuminate/Foundation/Http/Kernel->{closure:Illuminate/Foundation/Http/Kernel::dispatchToRouter():197}(Object(Illuminate/Http/Request))
#35 C:/laragon/www/APK_POS2/vendor/laravel/framework/src/Illuminate/Foundation/Http/Middleware/TransformsRequest.php(21): Illuminate/Pipeline/Pipeline->{closure:Illuminate/Pipeline/Pipeline::prepareDestination():178}(Object(Illuminate/Http/Request))
#36 C:/laragon/www/APK_POS2/vendor/laravel/framework/src/Illuminate/Foundation/Http/Middleware/ConvertEmptyStringsToNull.php(31): Illuminate/Foundation/Http/Middleware/TransformsRequest->handle(Object(Illuminate/Http/Request), Object(Closure))
#37 C:/laragon/www/APK_POS2/vendor/laravel/framework/src/Illuminate/Pipeline/Pipeline.php(219): Illuminate/Foundation/Http/Middleware/ConvertEmptyStringsToNull->handle(Object(Illuminate/Http/Request), Object(Closure))
#38 C:/laragon/www/APK_POS2/vendor/laravel/framework/src/Illuminate/Foundation/Http/Middleware/TransformsRequest.php(21): Illuminate/Pipeline/Pipeline->{closure:{closure:Illuminate/Pipeline/Pipeline::carry():194}:195}(Object(Illuminate/Http/Request))
#39 C:/laragon/www/APK_POS2/vendor/laravel/framework/src/Illuminate/Foundation/Http/Middleware/TrimStrings.php(51): Illuminate/Foundation/Http/Middleware/TransformsRequest->handle(Object(Illuminate/Http/Request), Object(Closure))
#40 C:/laragon/www/APK_POS2/vendor/laravel/framework/src/Illuminate/Pipeline/Pipeline.php(219): Illuminate/Foundation/Http/Middleware/TrimStrings->handle(Object(Illuminate/Http/Request), Object(Closure))
#41 C:/laragon/www/APK_POS2/vendor/laravel/framework/src/Illuminate/Http/Middleware/ValidatePostSize.php(27): Illuminate/Pipeline/Pipeline->{closure:{closure:Illuminate/Pipeline/Pipeline::carry():194}:195}(Object(Illuminate/Http/Request))
#42 C:/laragon/www/APK_POS2/vendor/laravel/framework/src/Illuminate/Pipeline/Pipeline.php(219): Illuminate/Http/Middleware/ValidatePostSize->handle(Object(Illuminate/Http/Request), Object(Closure))
#43 C:/laragon/www/APK_POS2/vendor/laravel/framework/src/Illuminate/Foundation/Http/Middleware/PreventRequestsDuringMaintenance.php(109): Illuminate/Pipeline/Pipeline->{closure:{closure:Illuminate/Pipeline/Pipeline::carry():194}:195}(Object(Illuminate/Http/Request))
#44 C:/laragon/www/APK_POS2/vendor/laravel/framework/src/Illuminate/Pipeline/Pipeline.php(219): Illuminate/Foundation/Http/Middleware/PreventRequestsDuringMaintenance->handle(Object(Illuminate/Http/Request), Object(Closure))
#45 C:/laragon/www/APK_POS2/vendor/laravel/framework/src/Illuminate/Http/Middleware/HandleCors.php(61): Illuminate/Pipeline/Pipeline->{closure:{closure:Illuminate/Pipeline/Pipeline::carry():194}:195}(Object(Illuminate/Http/Request))
#46 C:/laragon/www/APK_POS2/vendor/laravel/framework/src/Illuminate/Pipeline/Pipeline.php(219): Illuminate/Http/Middleware/HandleCors->handle(Object(Illuminate/Http/Request), Object(Closure))
#47 C:/laragon/www/APK_POS2/vendor/laravel/framework/src/Illuminate/Http/Middleware/TrustProxies.php(58): Illuminate/Pipeline/Pipeline->{closure:{closure:Illuminate/Pipeline/Pipeline::carry():194}:195}(Object(Illuminate/Http/Request))
#48 C:/laragon/www/APK_POS2/vendor/laravel/framework/src/Illuminate/Pipeline/Pipeline.php(219): Illuminate/Http/Middleware/TrustProxies->handle(Object(Illuminate/Http/Request), Object(Closure))
#49 C:/laragon/www/APK_POS2/vendor/laravel/framework/src/Illuminate/Foundation/Http/Middleware/InvokeDeferredCallbacks.php(22): Illuminate/Pipeline/Pipeline->{closure:{closure:Illuminate/Pipeline/Pipeline::carry():194}:195}(Object(Illuminate/Http/Request))
#50 C:/laragon/www/APK_POS2/vendor/laravel/framework/src/Illuminate/Pipeline/Pipeline.php(219): Illuminate/Foundation/Http/Middleware/InvokeDeferredCallbacks->handle(Object(Illuminate/Http/Request), Object(Closure))
#51 C:/laragon/www/APK_POS2/vendor/laravel/framework/src/Illuminate/Http/Middleware/ValidatePathEncoding.php(26): Illuminate/Pipeline/Pipeline->{closure:{closure:Illuminate/Pipeline/Pipeline::carry():194}:195}(Object(Illuminate/Http/Request))
#52 C:/laragon/www/APK_POS2/vendor/laravel/framework/src/Illuminate/Pipeline/Pipeline.php(219): Illuminate/Http/Middleware/ValidatePathEncoding->handle(Object(Illuminate/Http/Request), Object(Closure))
#53 C:/laragon/www/APK_POS2/vendor/laravel/framework/src/Illuminate/Pipeline/Pipeline.php(137): Illuminate/Pipeline/Pipeline->{closure:{closure:Illuminate/Pipeline/Pipeline::carry():194}:195}(Object(Illuminate/Http/Request))
#54 C:/laragon/www/APK_POS2/vendor/laravel/framework/src/Illuminate/Foundation/Http/Kernel.php(175): Illuminate/Pipeline/Pipeline->then(Object(Closure))
#55 C:/laragon/www/APK_POS2/vendor/laravel/framework/src/Illuminate/Foundation/Http/Kernel.php(144): Illuminate/Foundation/Http/Kernel->sendRequestThroughRouter(Object(Illuminate/Http/Request))
#56 C:/laragon/www/APK_POS2/vendor/laravel/framework/src/Illuminate/Foundation/Application.php(1220): Illuminate/Foundation/Http/Kernel->handle(Object(Illuminate/Http/Request))
#57 C:/laragon/www/APK_POS2/public/index.php(20): Illuminate/Foundation/Application->handleRequest(Object(Illuminate/Http/Request))
#58 C:/laragon/www/APK_POS2/vendor/laravel/framework/src/Illuminate/Foundation/resources/server.php(23): require_once('C://laragon//www//...')
#59 {main}

[previous exception] [object] (ParseError(code: 0): syntax error, unexpected token \"endforeach\", expecting \"elseif\" or \"else\" or \"endif\" at C:/laragon/www/APK_POS2/storage/framework/views/304c161585f63d667a9c2c20e2307300.php:96)
[stacktrace]
#0 C:/laragon/www/APK_POS2/vendor/laravel/framework/src/Illuminate/Filesystem/Filesystem.php(124): Illuminate/Filesystem/Filesystem::{closure:Illuminate/Filesystem/Filesystem::getRequire():120}()
#1 C:/laragon/www/APK_POS2/vendor/laravel/framework/src/Illuminate/View/Engines/PhpEngine.php(57): Illuminate/Filesystem/Filesystem->getRequire('C://laragon//www//...', Array)
#2 C:/laragon/www/APK_POS2/vendor/laravel/framework/src/Illuminate/View/Engines/CompilerEngine.php(76): Illuminate/View/Engines/PhpEngine->evaluatePath('C://laragon//www//...', Array)
#3 C:/laragon/www/APK_POS2/vendor/laravel/framework/src/Illuminate/View/View.php(208): Illuminate/View/Engines/CompilerEngine->get('C://laragon//www//...', Array)
#4 C:/laragon/www/APK_POS2/vendor/laravel/framework/src/Illuminate/View/View.php(191): Illuminate/View/View->getContents()
#5 C:/laragon/www/APK_POS2/vendor/laravel/framework/src/Illuminate/View/View.php(160): Illuminate/View/View->renderContents()
#6 C:/laragon/www/APK_POS2/vendor/laravel/framework/src/Illuminate/Http/Response.php(78): Illuminate/View/View->render()
#7 C:/laragon/www/APK_POS2/vendor/laravel/framework/src/Illuminate/Http/Response.php(34): Illuminate/Http/Response->setContent(Object(Illuminate/View/View))
#8 C:/laragon/www/APK_POS2/vendor/laravel/framework/src/Illuminate/Routing/Router.php(939): Illuminate/Http/Response->__construct(Object(Illuminate/View/View), 200, Array)
#9 C:/laragon/www/APK_POS2/vendor/laravel/framework/src/Illuminate/Routing/Router.php(906): Illuminate/Routing/Router::toResponse(Object(Illuminate/Http/Request), Object(Illuminate/View/View))
#10 C:/laragon/www/APK_POS2/vendor/laravel/framework/src/Illuminate/Routing/Router.php(821): Illuminate/Routing/Router->prepareResponse(Object(Illuminate/Http/Request), Object(Illuminate/View/View))
#11 C:/laragon/www/APK_POS2/vendor/laravel/framework/src/Illuminate/Pipeline/Pipeline.php(180): Illuminate/Routing/Router->{closure:Illuminate/Routing/Router::runRouteWithinStack():821}(Object(Illuminate/Http/Request))
#12 C:/laragon/www/APK_POS2/app/Http/Middleware/RoleMiddleware.php(27): Illuminate/Pipeline/Pipeline->{closure:Illuminate/Pipeline/Pipeline::prepareDestination():178}(Object(Illuminate/Http/Request))
#13 C:/laragon/www/APK_POS2/vendor/laravel/framework/src/Illuminate/Pipeline/Pipeline.php(219): App/Http/Middleware/RoleMiddleware->handle(Object(Illuminate/Http/Request), Object(Closure), 'admin', 'kasir')
#14 C:/laragon/www/APK_POS2/vendor/laravel/framework/src/Illuminate/Routing/Middleware/SubstituteBindings.php(50): Illuminate/Pipeline/Pipeline->{closure:{closure:Illuminate/Pipeline/Pipeline::carry():194}:195}(Object(Illuminate/Http/Request))
#15 C:/laragon/www/APK_POS2/vendor/laravel/framework/src/Illuminate/Pipeline/Pipeline.php(219): Illuminate/Routing/Middleware/SubstituteBindings->handle(Object(Illuminate/Http/Request), Object(Closure))
#16 C:/laragon/www/APK_POS2/vendor/laravel/framework/src/Illuminate/Auth/Middleware/Authenticate.php(63): Illuminate/Pipeline/Pipeline->{closure:{closure:Illuminate/Pipeline/Pipeline::carry():194}:195}(Object(Illuminate/Http/Request))
#17 C:/laragon/www/APK_POS2/vendor/laravel/framework/src/Illuminate/Pipeline/Pipeline.php(219): Illuminate/Auth/Middleware/Authenticate->handle(Object(Illuminate/Http/Request), Object(Closure))
#18 C:/laragon/www/APK_POS2/vendor/laravel/framework/src/Illuminate/Foundation/Http/Middleware/VerifyCsrfToken.php(87): Illuminate/Pipeline/Pipeline->{closure:{closure:Illuminate/Pipeline/Pipeline::carry():194}:195}(Object(Illuminate/Http/Request))
#19 C:/laragon/www/APK_POS2/vendor/laravel/framework/src/Illuminate/Pipeline/Pipeline.php(219): Illuminate/Foundation/Http/Middleware/VerifyCsrfToken->handle(Object(Illuminate/Http/Request), Object(Closure))
#20 C:/laragon/www/APK_POS2/vendor/laravel/framework/src/Illuminate/View/Middleware/ShareErrorsFromSession.php(48): Illuminate/Pipeline/Pipeline->{closure:{closure:Illuminate/Pipeline/Pipeline::carry():194}:195}(Object(Illuminate/Http/Request))
#21 C:/laragon/www/APK_POS2/vendor/laravel/framework/src/Illuminate/Pipeline/Pipeline.php(219): Illuminate/View/Middleware/ShareErrorsFromSession->handle(Object(Illuminate/Http/Request), Object(Closure))
#22 C:/laragon/www/APK_POS2/vendor/laravel/framework/src/Illuminate/Session/Middleware/StartSession.php(120): Illuminate/Pipeline/Pipeline->{closure:{closure:Illuminate/Pipeline/Pipeline::carry():194}:195}(Object(Illuminate/Http/Request))
#23 C:/laragon/www/APK_POS2/vendor/laravel/framework/src/Illuminate/Session/Middleware/StartSession.php(63): Illuminate/Session/Middleware/StartSession->handleStatefulRequest(Object(Illuminate/Http/Request), Object(Illuminate/Session/Store), Object(Closure))
#24 C:/laragon/www/APK_POS2/vendor/laravel/framework/src/Illuminate/Pipeline/Pipeline.php(219): Illuminate/Session/Middleware/StartSession->handle(Object(Illuminate/Http/Request), Object(Closure))
#25 C:/laragon/www/APK_POS2/vendor/laravel/framework/src/Illuminate/Cookie/Middleware/AddQueuedCookiesToResponse.php(36): Illuminate/Pipeline/Pipeline->{closure:{closure:Illuminate/Pipeline/Pipeline::carry():194}:195}(Object(Illuminate/Http/Request))
#26 C:/laragon/www/APK_POS2/vendor/laravel/framework/src/Illuminate/Pipeline/Pipeline.php(219): Illuminate/Cookie/Middleware/AddQueuedCookiesToResponse->handle(Object(Illuminate/Http/Request), Object(Closure))
#27 C:/laragon/www/APK_POS2/vendor/laravel/framework/src/Illuminate/Cookie/Middleware/EncryptCookies.php(74): Illuminate/Pipeline/Pipeline->{closure:{closure:Illuminate/Pipeline/Pipeline::carry():194}:195}(Object(Illuminate/Http/Request))
#28 C:/laragon/www/APK_POS2/vendor/laravel/framework/src/Illuminate/Pipeline/Pipeline.php(219): Illuminate/Cookie/Middleware/EncryptCookies->handle(Object(Illuminate/Http/Request), Object(Closure))
#29 C:/laragon/www/APK_POS2/vendor/laravel/framework/src/Illuminate/Pipeline/Pipeline.php(137): Illuminate/Pipeline/Pipeline->{closure:{closure:Illuminate/Pipeline/Pipeline::carry():194}:195}(Object(Illuminate/Http/Request))
#30 C:/laragon/www/APK_POS2/vendor/laravel/framework/src/Illuminate/Routing/Router.php(821): Illuminate/Pipeline/Pipeline->then(Object(Closure))
#31 C:/laragon/www/APK_POS2/vendor/laravel/framework/src/Illuminate/Routing/Router.php(800): Illuminate/Routing/Router->runRouteWithinStack(Object(Illuminate/Routing/Route), Object(Illuminate/Http/Request))
#32 C:/laragon/www/APK_POS2/vendor/laravel/framework/src/Illuminate/Routing/Router.php(764): Illuminate/Routing/Router->runRoute(Object(Illuminate/Http/Request), Object(Illuminate/Routing/Route))
#33 C:/laragon/www/APK_POS2/vendor/laravel/framework/src/Illuminate/Routing/Router.php(753): Illuminate/Routing/Router->dispatchToRoute(Object(Illuminate/Http/Request))
#34 C:/laragon/www/APK_POS2/vendor/laravel/framework/src/Illuminate/Foundation/Http/Kernel.php(200): Illuminate/Routing/Router->dispatch(Object(Illuminate/Http/Request))
#35 C:/laragon/www/APK_POS2/vendor/laravel/framework/src/Illuminate/Pipeline/Pipeline.php(180): Illuminate/Foundation/Http/Kernel->{closure:Illuminate/Foundation/Http/Kernel::dispatchToRouter():197}(Object(Illuminate/Http/Request))
#36 C:/laragon/www/APK_POS2/vendor/laravel/framework/src/Illuminate/Foundation/Http/Middleware/TransformsRequest.php(21): Illuminate/Pipeline/Pipeline->{closure:Illuminate/Pipeline/Pipeline::prepareDestination():178}(Object(Illuminate/Http/Request))
#37 C:/laragon/www/APK_POS2/vendor/laravel/framework/src/Illuminate/Foundation/Http/Middleware/ConvertEmptyStringsToNull.php(31): Illuminate/Foundation/Http/Middleware/TransformsRequest->handle(Object(Illuminate/Http/Request), Object(Closure))
#38 C:/laragon/www/APK_POS2/vendor/laravel/framework/src/Illuminate/Pipeline/Pipeline.php(219): Illuminate/Foundation/Http/Middleware/ConvertEmptyStringsToNull->handle(Object(Illuminate/Http/Request), Object(Closure))
#39 C:/laragon/www/APK_POS2/vendor/laravel/framework/src/Illuminate/Foundation/Http/Middleware/TransformsRequest.php(21): Illuminate/Pipeline/Pipeline->{closure:{closure:Illuminate/Pipeline/Pipeline::carry():194}:195}(Object(Illuminate/Http/Request))
#40 C:/laragon/www/APK_POS2/vendor/laravel/framework/src/Illuminate/Foundation/Http/Middleware/TrimStrings.php(51): Illuminate/Foundation/Http/Middleware/TransformsRequest->handle(Object(Illuminate/Http/Request), Object(Closure))
#41 C:/laragon/www/APK_POS2/vendor/laravel/framework/src/Illuminate/Pipeline/Pipeline.php(219): Illuminate/Foundation/Http/Middleware/TrimStrings->handle(Object(Illuminate/Http/Request), Object(Closure))
#42 C:/laragon/www/APK_POS2/vendor/laravel/framework/src/Illuminate/Http/Middleware/ValidatePostSize.php(27): Illuminate/Pipeline/Pipeline->{closure:{closure:Illuminate/Pipeline/Pipeline::carry():194}:195}(Object(Illuminate/Http/Request))
#43 C:/laragon/www/APK_POS2/vendor/laravel/framework/src/Illuminate/Pipeline/Pipeline.php(219): Illuminate/Http/Middleware/ValidatePostSize->handle(Object(Illuminate/Http/Request), Object(Closure))
#44 C:/laragon/www/APK_POS2/vendor/laravel/framework/src/Illuminate/Foundation/Http/Middleware/PreventRequestsDuringMaintenance.php(109): Illuminate/Pipeline/Pipeline->{closure:{closure:Illuminate/Pipeline/Pipeline::carry():194}:195}(Object(Illuminate/Http/Request))
#45 C:/laragon/www/APK_POS2/vendor/laravel/framework/src/Illuminate/Pipeline/Pipeline.php(219): Illuminate/Foundation/Http/Middleware/PreventRequestsDuringMaintenance->handle(Object(Illuminate/Http/Request), Object(Closure))
#46 C:/laragon/www/APK_POS2/vendor/laravel/framework/src/Illuminate/Http/Middleware/HandleCors.php(61): Illuminate/Pipeline/Pipeline->{closure:{closure:Illuminate/Pipeline/Pipeline::carry():194}:195}(Object(Illuminate/Http/Request))
#47 C:/laragon/www/APK_POS2/vendor/laravel/framework/src/Illuminate/Pipeline/Pipeline.php(219): Illuminate/Http/Middleware/HandleCors->handle(Object(Illuminate/Http/Request), Object(Closure))
#48 C:/laragon/www/APK_POS2/vendor/laravel/framework/src/Illuminate/Http/Middleware/TrustProxies.php(58): Illuminate/Pipeline/Pipeline->{closure:{closure:Illuminate/Pipeline/Pipeline::carry():194}:195}(Object(Illuminate/Http/Request))
#49 C:/laragon/www/APK_POS2/vendor/laravel/framework/src/Illuminate/Pipeline/Pipeline.php(219): Illuminate/Http/Middleware/TrustProxies->handle(Object(Illuminate/Http/Request), Object(Closure))
#50 C:/laragon/www/APK_POS2/vendor/laravel/framework/src/Illuminate/Foundation/Http/Middleware/InvokeDeferredCallbacks.php(22): Illuminate/Pipeline/Pipeline->{closure:{closure:Illuminate/Pipeline/Pipeline::carry():194}:195}(Object(Illuminate/Http/Request))
#51 C:/laragon/www/APK_POS2/vendor/laravel/framework/src/Illuminate/Pipeline/Pipeline.php(219): Illuminate/Foundation/Http/Middleware/InvokeDeferredCallbacks->handle(Object(Illuminate/Http/Request), Object(Closure))
#52 C:/laragon/www/APK_POS2/vendor/laravel/framework/src/Illuminate/Http/Middleware/ValidatePathEncoding.php(26): Illuminate/Pipeline/Pipeline->{closure:{closure:Illuminate/Pipeline/Pipeline::carry():194}:195}(Object(Illuminate/Http/Request))
#53 C:/laragon/www/APK_POS2/vendor/laravel/framework/src/Illuminate/Pipeline/Pipeline.php(219): Illuminate/Http/Middleware/ValidatePathEncoding->handle(Object(Illuminate/Http/Request), Object(Closure))
#54 C:/laragon/www/APK_POS2/vendor/laravel/framework/src/Illuminate/Pipeline/Pipeline.php(137): Illuminate/Pipeline/Pipeline->{closure:{closure:Illuminate/Pipeline/Pipeline::carry():194}:195}(Object(Illuminate/Http/Request))
#55 C:/laragon/www/APK_POS2/vendor/laravel/framework/src/Illuminate/Foundation/Http/Kernel.php(175): Illuminate/Pipeline/Pipeline->then(Object(Closure))
#56 C:/laragon/www/APK_POS2/vendor/laravel/framework/src/Illuminate/Foundation/Http/Kernel.php(144): Illuminate/Foundation/Http/Kernel->sendRequestThroughRouter(Object(Illuminate/Http/Request))
#57 C:/laragon/www/APK_POS2/vendor/laravel/framework/src/Illuminate/Foundation/Application.php(1220): Illuminate/Foundation/Http/Kernel->handle(Object(Illuminate/Http/Request))
#58 C:/laragon/www/APK_POS2/public/index.php(20): Illuminate/Foundation/Application->handleRequest(Object(Illuminate/Http/Request))
#59 C:/laragon/www/APK_POS2/vendor/laravel/framework/src/Illuminate/Foundation/resources/server.php(23): require_once('C://laragon//www//...')
#60 {main}
"} 
[2026-08-06 06:28:34] local.ERROR: syntax error, unexpected token "endforeach" (View: C:\laragon\www\APK_POS2\resources\views\penjualan\index.blade.php) {"userId":1,"exception":"[object] (Illuminate\\View\\ViewException(code: 0): syntax error, unexpected token \"endforeach\" (View: C:\\laragon\\www\\APK_POS2\\resources\\views\\penjualan\\index.blade.php) at C:/laragon/www/APK_POS2/storage/framework/views/304c161585f63d667a9c2c20e2307300.php:96)
[stacktrace]
#0 C:/laragon/www/APK_POS2/vendor/laravel/framework/src/Illuminate/View/Engines/PhpEngine.php(59): Illuminate/View/Engines/CompilerEngine->handleViewException(Object(ParseError), 1)
#1 C:/laragon/www/APK_POS2/vendor/laravel/framework/src/Illuminate/View/Engines/CompilerEngine.php(76): Illuminate/View/Engines/PhpEngine->evaluatePath('C://laragon//www//...', Array)
#2 C:/laragon/www/APK_POS2/vendor/laravel/framework/src/Illuminate/View/View.php(208): Illuminate/View/Engines/CompilerEngine->get('C://laragon//www//...', Array)
#3 C:/laragon/www/APK_POS2/vendor/laravel/framework/src/Illuminate/View/View.php(191): Illuminate/View/View->getContents()
#4 C:/laragon/www/APK_POS2/vendor/laravel/framework/src/Illuminate/View/View.php(160): Illuminate/View/View->renderContents()
#5 C:/laragon/www/APK_POS2/vendor/laravel/framework/src/Illuminate/Http/Response.php(78): Illuminate/View/View->render()
#6 C:/laragon/www/APK_POS2/vendor/laravel/framework/src/Illuminate/Http/Response.php(34): Illuminate/Http/Response->setContent(Object(Illuminate/View/View))
#7 C:/laragon/www/APK_POS2/vendor/laravel/framework/src/Illuminate/Routing/Router.php(939): Illuminate/Http/Response->__construct(Object(Illuminate/View/View), 200, Array)
#8 C:/laragon/www/APK_POS2/vendor/laravel/framework/src/Illuminate/Routing/Router.php(906): Illuminate/Routing/Router::toResponse(Object(Illuminate/Http/Request), Object(Illuminate/View/View))
#9 C:/laragon/www/APK_POS2/vendor/laravel/framework/src/Illuminate/Routing/Router.php(821): Illuminate/Routing/Router->prepareResponse(Object(Illuminate/Http/Request), Object(Illuminate/View/View))
#10 C:/laragon/www/APK_POS2/vendor/laravel/framework/src/Illuminate/Pipeline/Pipeline.php(180): Illuminate/Routing/Router->{closure:Illuminate/Routing/Router::runRouteWithinStack():821}(Object(Illuminate/Http/Request))
#11 C:/laragon/www/APK_POS2/app/Http/Middleware/RoleMiddleware.php(27): Illuminate/Pipeline/Pipeline->{closure:Illuminate/Pipeline/Pipeline::prepareDestination():178}(Object(Illuminate/Http/Request))
#12 C:/laragon/www/APK_POS2/vendor/laravel/framework/src/Illuminate/Pipeline/Pipeline.php(219): App/Http/Middleware/RoleMiddleware->handle(Object(Illuminate/Http/Request), Object(Closure), 'admin', 'kasir')
#13 C:/laragon/www/APK_POS2/vendor/laravel/framework/src/Illuminate/Routing/Middleware/SubstituteBindings.php(50): Illuminate/Pipeline/Pipeline->{closure:{closure:Illuminate/Pipeline/Pipeline::carry():194}:195}(Object(Illuminate/Http/Request))
#14 C:/laragon/www/APK_POS2/vendor/laravel/framework/src/Illuminate/Pipeline/Pipeline.php(219): Illuminate/Routing/Middleware/SubstituteBindings->handle(Object(Illuminate/Http/Request), Object(Closure))
#15 C:/laragon/www/APK_POS2/vendor/laravel/framework/src/Illuminate/Auth/Middleware/Authenticate.php(63): Illuminate/Pipeline/Pipeline->{closure:{closure:Illuminate/Pipeline/Pipeline::carry():194}:195}(Object(Illuminate/Http/Request))
#16 C:/laragon/www/APK_POS2/vendor/laravel/framework/src/Illuminate/Pipeline/Pipeline.php(219): Illuminate/Auth/Middleware/Authenticate->handle(Object(Illuminate/Http/Request), Object(Closure))
#17 C:/laragon/www/APK_POS2/vendor/laravel/framework/src/Illuminate/Foundation/Http/Middleware/VerifyCsrfToken.php(87): Illuminate/Pipeline/Pipeline->{closure:{closure:Illuminate/Pipeline/Pipeline::carry():194}:195}(Object(Illuminate/Http/Request))
#18 C:/laragon/www/APK_POS2/vendor/laravel/framework/src/Illuminate/Pipeline/Pipeline.php(219): Illuminate/Foundation/Http/Middleware/VerifyCsrfToken->handle(Object(Illuminate/Http/Request), Object(Closure))
#19 C:/laragon/www/APK_POS2/vendor/laravel/framework/src/Illuminate/View/Middleware/ShareErrorsFromSession.php(48): Illuminate/Pipeline/Pipeline->{closure:{closure:Illuminate/Pipeline/Pipeline::carry():194}:195}(Object(Illuminate/Http/Request))
#20 C:/laragon/www/APK_POS2/vendor/laravel/framework/src/Illuminate/Pipeline/Pipeline.php(219): Illuminate/View/Middleware/ShareErrorsFromSession->handle(Object(Illuminate/Http/Request), Object(Closure))
#21 C:/laragon/www/APK_POS2/vendor/laravel/framework/src/Illuminate/Session/Middleware/StartSession.php(120): Illuminate/Pipeline/Pipeline->{closure:{closure:Illuminate/Pipeline/Pipeline::carry():194}:195}(Object(Illuminate/Http/Request))
#22 C:/laragon/www/APK_POS2/vendor/laravel/framework/src/Illuminate/Session/Middleware/StartSession.php(63): Illuminate/Session/Middleware/StartSession->handleStatefulRequest(Object(Illuminate/Http/Request), Object(Illuminate/Session/Store), Object(Closure))
#23 C:/laragon/www/APK_POS2/vendor/laravel/framework/src/Illuminate/Pipeline/Pipeline.php(219): Illuminate/Session/Middleware/StartSession->handle(Object(Illuminate/Http/Request), Object(Closure))
#24 C:/laragon/www/APK_POS2/vendor/laravel/framework/src/Illuminate/Cookie/Middleware/AddQueuedCookiesToResponse.php(36): Illuminate/Pipeline/Pipeline->{closure:{closure:Illuminate/Pipeline/Pipeline::carry():194}:195}(Object(Illuminate/Http/Request))
#25 C:/laragon/www/APK_POS2/vendor/laravel/framework/src/Illuminate/Pipeline/Pipeline.php(219): Illuminate/Cookie/Middleware/AddQueuedCookiesToResponse->handle(Object(Illuminate/Http/Request), Object(Closure))
#26 C:/laragon/www/APK_POS2/vendor/laravel/framework/src/Illuminate/Cookie/Middleware/EncryptCookies.php(74): Illuminate/Pipeline/Pipeline->{closure:{closure:Illuminate/Pipeline/Pipeline::carry():194}:195}(Object(Illuminate/Http/Request))
#27 C:/laragon/www/APK_POS2/vendor/laravel/framework/src/Illuminate/Pipeline/Pipeline.php(219): Illuminate/Cookie/Middleware/EncryptCookies->handle(Object(Illuminate/Http/Request), Object(Closure))
#28 C:/laragon/www/APK_POS2/vendor/laravel/framework/src/Illuminate/Pipeline/Pipeline.php(137): Illuminate/Pipeline/Pipeline->{closure:{closure:Illuminate/Pipeline/Pipeline::carry():194}:195}(Object(Illuminate/Http/Request))
#29 C:/laragon/www/APK_POS2/vendor/laravel/framework/src/Illuminate/Routing/Router.php(821): Illuminate/Pipeline/Pipeline->then(Object(Closure))
#30 C:/laragon/www/APK_POS2/vendor/laravel/framework/src/Illuminate/Routing/Router.php(800): Illuminate/Routing/Router->runRouteWithinStack(Object(Illuminate/Routing/Route), Object(Illuminate/Http/Request))
#31 C:/laragon/www/APK_POS2/vendor/laravel/framework/src/Illuminate/Routing/Router.php(764): Illuminate/Routing/Router->runRoute(Object(Illuminate/Http/Request), Object(Illuminate/Routing/Route))
#32 C:/laragon/www/APK_POS2/vendor/laravel/framework/src/Illuminate/Routing/Router.php(753): Illuminate/Routing/Router->dispatchToRoute(Object(Illuminate/Http/Request))
#33 C:/laragon/www/APK_POS2/vendor/laravel/framework/src/Illuminate/Foundation/Http/Kernel.php(200): Illuminate/Routing/Router->dispatch(Object(Illuminate/Http/Request))
#34 C:/laragon/www/APK_POS2/vendor/laravel/framework/src/Illuminate/Pipeline/Pipeline.php(180): Illuminate/Foundation/Http/Kernel->{closure:Illuminate/Foundation/Http/Kernel::dispatchToRouter():197}(Object(Illuminate/Http/Request))
#35 C:/laragon/www/APK_POS2/vendor/laravel/framework/src/Illuminate/Foundation/Http/Middleware/TransformsRequest.php(21): Illuminate/Pipeline/Pipeline->{closure:Illuminate/Pipeline/Pipeline::prepareDestination():178}(Object(Illuminate/Http/Request))
#36 C:/laragon/www/APK_POS2/vendor/laravel/framework/src/Illuminate/Foundation/Http/Middleware/ConvertEmptyStringsToNull.php(31): Illuminate/Foundation/Http/Middleware/TransformsRequest->handle(Object(Illuminate/Http/Request), Object(Closure))
#37 C:/laragon/www/APK_POS2/vendor/laravel/framework/src/Illuminate/Pipeline/Pipeline.php(219): Illuminate/Foundation/Http/Middleware/ConvertEmptyStringsToNull->handle(Object(Illuminate/Http/Request), Object(Closure))
#38 C:/laragon/www/APK_POS2/vendor/laravel/framework/src/Illuminate/Foundation/Http/Middleware/TransformsRequest.php(21): Illuminate/Pipeline/Pipeline->{closure:{closure:Illuminate/Pipeline/Pipeline::carry():194}:195}(Object(Illuminate/Http/Request))
#39 C:/laragon/www/APK_POS2/vendor/laravel/framework/src/Illuminate/Foundation/Http/Middleware/TrimStrings.php(51): Illuminate/Foundation/Http/Middleware/TransformsRequest->handle(Object(Illuminate/Http/Request), Object(Closure))
#40 C:/laragon/www/APK_POS2/vendor/laravel/framework/src/Illuminate/Pipeline/Pipeline.php(219): Illuminate/Foundation/Http/Middleware/TrimStrings->handle(Object(Illuminate/Http/Request), Object(Closure))
#41 C:/laragon/www/APK_POS2/vendor/laravel/framework/src/Illuminate/Http/Middleware/ValidatePostSize.php(27): Illuminate/Pipeline/Pipeline->{closure:{closure:Illuminate/Pipeline/Pipeline::carry():194}:195}(Object(Illuminate/Http/Request))
#42 C:/laragon/www/APK_POS2/vendor/laravel/framework/src/Illuminate/Pipeline/Pipeline.php(219): Illuminate/Http/Middleware/ValidatePostSize->handle(Object(Illuminate/Http/Request), Object(Closure))
#43 C:/laragon/www/APK_POS2/vendor/laravel/framework/src/Illuminate/Foundation/Http/Middleware/PreventRequestsDuringMaintenance.php(109): Illuminate/Pipeline/Pipeline->{closure:{closure:Illuminate/Pipeline/Pipeline::carry():194}:195}(Object(Illuminate/Http/Request))
#44 C:/laragon/www/APK_POS2/vendor/laravel/framework/src/Illuminate/Pipeline/Pipeline.php(219): Illuminate/Foundation/Http/Middleware/PreventRequestsDuringMaintenance->handle(Object(Illuminate/Http/Request), Object(Closure))
#45 C:/laragon/www/APK_POS2/vendor/laravel/framework/src/Illuminate/Http/Middleware/HandleCors.php(61): Illuminate/Pipeline/Pipeline->{closure:{closure:Illuminate/Pipeline/Pipeline::carry():194}:195}(Object(Illuminate/Http/Request))
#46 C:/laragon/www/APK_POS2/vendor/laravel/framework/src/Illuminate/Pipeline/Pipeline.php(219): Illuminate/Http/Middleware/HandleCors->handle(Object(Illuminate/Http/Request), Object(Closure))
#47 C:/laragon/www/APK_POS2/vendor/laravel/framework/src/Illuminate/Http/Middleware/TrustProxies.php(58): Illuminate/Pipeline/Pipeline->{closure:{closure:Illuminate/Pipeline/Pipeline::carry():194}:195}(Object(Illuminate/Http/Request))
#48 C:/laragon/www/APK_POS2/vendor/laravel/framework/src/Illuminate/Pipeline/Pipeline.php(219): Illuminate/Http/Middleware/TrustProxies->handle(Object(Illuminate/Http/Request), Object(Closure))
#49 C:/laragon/www/APK_POS2/vendor/laravel/framework/src/Illuminate/Foundation/Http/Middleware/InvokeDeferredCallbacks.php(22): Illuminate/Pipeline/Pipeline->{closure:{closure:Illuminate/Pipeline/Pipeline::carry():194}:195}(Object(Illuminate/Http/Request))
#50 C:/laragon/www/APK_POS2/vendor/laravel/framework/src/Illuminate/Pipeline/Pipeline.php(219): Illuminate/Foundation/Http/Middleware/InvokeDeferredCallbacks->handle(Object(Illuminate/Http/Request), Object(Closure))
#51 C:/laragon/www/APK_POS2/vendor/laravel/framework/src/Illuminate/Http/Middleware/ValidatePathEncoding.php(26): Illuminate/Pipeline/Pipeline->{closure:{closure:Illuminate/Pipeline/Pipeline::carry():194}:195}(Object(Illuminate/Http/Request))
#52 C:/laragon/www/APK_POS2/vendor/laravel/framework/src/Illuminate/Pipeline/Pipeline.php(219): Illuminate/Http/Middleware/ValidatePathEncoding->handle(Object(Illuminate/Http/Request), Object(Closure))
#53 C:/laragon/www/APK_POS2/vendor/laravel/framework/src/Illuminate/Pipeline/Pipeline.php(137): Illuminate/Pipeline/Pipeline->{closure:{closure:Illuminate/Pipeline/Pipeline::carry():194}:195}(Object(Illuminate/Http/Request))
#54 C:/laragon/www/APK_POS2/vendor/laravel/framework/src/Illuminate/Foundation/Http/Kernel.php(175): Illuminate/Pipeline/Pipeline->then(Object(Closure))
#55 C:/laragon/www/APK_POS2/vendor/laravel/framework/src/Illuminate/Foundation/Http/Kernel.php(144): Illuminate/Foundation/Http/Kernel->sendRequestThroughRouter(Object(Illuminate/Http/Request))
#56 C:/laragon/www/APK_POS2/vendor/laravel/framework/src/Illuminate/Foundation/Application.php(1220): Illuminate/Foundation/Http/Kernel->handle(Object(Illuminate/Http/Request))
#57 C:/laragon/www/APK_POS2/public/index.php(20): Illuminate/Foundation/Application->handleRequest(Object(Illuminate/Http/Request))
#58 C:/laragon/www/APK_POS2/vendor/laravel/framework/src/Illuminate/Foundation/resources/server.php(23): require_once('C://laragon//www//...')
#59 {main}

[previous exception] [object] (ParseError(code: 0): syntax error, unexpected token \"endforeach\" at C:/laragon/www/APK_POS2/storage/framework/views/304c161585f63d667a9c2c20e2307300.php:96)
[stacktrace]
#0 C:/laragon/www/APK_POS2/vendor/laravel/framework/src/Illuminate/Filesystem/Filesystem.php(124): Illuminate/Filesystem/Filesystem::{closure:Illuminate/Filesystem/Filesystem::getRequire():120}()
#1 C:/laragon/www/APK_POS2/vendor/laravel/framework/src/Illuminate/View/Engines/PhpEngine.php(57): Illuminate/Filesystem/Filesystem->getRequire('C://laragon//www//...', Array)
#2 C:/laragon/www/APK_POS2/vendor/laravel/framework/src/Illuminate/View/Engines/CompilerEngine.php(76): Illuminate/View/Engines/PhpEngine->evaluatePath('C://laragon//www//...', Array)
#3 C:/laragon/www/APK_POS2/vendor/laravel/framework/src/Illuminate/View/View.php(208): Illuminate/View/Engines/CompilerEngine->get('C://laragon//www//...', Array)
#4 C:/laragon/www/APK_POS2/vendor/laravel/framework/src/Illuminate/View/View.php(191): Illuminate/View/View->getContents()
#5 C:/laragon/www/APK_POS2/vendor/laravel/framework/src/Illuminate/View/View.php(160): Illuminate/View/View->renderContents()
#6 C:/laragon/www/APK_POS2/vendor/laravel/framework/src/Illuminate/Http/Response.php(78): Illuminate/View/View->render()
#7 C:/laragon/www/APK_POS2/vendor/laravel/framework/src/Illuminate/Http/Response.php(34): Illuminate/Http/Response->setContent(Object(Illuminate/View/View))
#8 C:/laragon/www/APK_POS2/vendor/laravel/framework/src/Illuminate/Routing/Router.php(939): Illuminate/Http/Response->__construct(Object(Illuminate/View/View), 200, Array)
#9 C:/laragon/www/APK_POS2/vendor/laravel/framework/src/Illuminate/Routing/Router.php(906): Illuminate/Routing/Router::toResponse(Object(Illuminate/Http/Request), Object(Illuminate/View/View))
#10 C:/laragon/www/APK_POS2/vendor/laravel/framework/src/Illuminate/Routing/Router.php(821): Illuminate/Routing/Router->prepareResponse(Object(Illuminate/Http/Request), Object(Illuminate/View/View))
#11 C:/laragon/www/APK_POS2/vendor/laravel/framework/src/Illuminate/Pipeline/Pipeline.php(180): Illuminate/Routing/Router->{closure:Illuminate/Routing/Router::runRouteWithinStack():821}(Object(Illuminate/Http/Request))
#12 C:/laragon/www/APK_POS2/app/Http/Middleware/RoleMiddleware.php(27): Illuminate/Pipeline/Pipeline->{closure:Illuminate/Pipeline/Pipeline::prepareDestination():178}(Object(Illuminate/Http/Request))
#13 C:/laragon/www/APK_POS2/vendor/laravel/framework/src/Illuminate/Pipeline/Pipeline.php(219): App/Http/Middleware/RoleMiddleware->handle(Object(Illuminate/Http/Request), Object(Closure), 'admin', 'kasir')
#14 C:/laragon/www/APK_POS2/vendor/laravel/framework/src/Illuminate/Routing/Middleware/SubstituteBindings.php(50): Illuminate/Pipeline/Pipeline->{closure:{closure:Illuminate/Pipeline/Pipeline::carry():194}:195}(Object(Illuminate/Http/Request))
#15 C:/laragon/www/APK_POS2/vendor/laravel/framework/src/Illuminate/Pipeline/Pipeline.php(219): Illuminate/Routing/Middleware/SubstituteBindings->handle(Object(Illuminate/Http/Request), Object(Closure))
#16 C:/laragon/www/APK_POS2/vendor/laravel/framework/src/Illuminate/Auth/Middleware/Authenticate.php(63): Illuminate/Pipeline/Pipeline->{closure:{closure:Illuminate/Pipeline/Pipeline::carry():194}:195}(Object(Illuminate/Http/Request))
#17 C:/laragon/www/APK_POS2/vendor/laravel/framework/src/Illuminate/Pipeline/Pipeline.php(219): Illuminate/Auth/Middleware/Authenticate->handle(Object(Illuminate/Http/Request), Object(Closure))
#18 C:/laragon/www/APK_POS2/vendor/laravel/framework/src/Illuminate/Foundation/Http/Middleware/VerifyCsrfToken.php(87): Illuminate/Pipeline/Pipeline->{closure:{closure:Illuminate/Pipeline/Pipeline::carry():194}:195}(Object(Illuminate/Http/Request))
#19 C:/laragon/www/APK_POS2/vendor/laravel/framework/src/Illuminate/Pipeline/Pipeline.php(219): Illuminate/Foundation/Http/Middleware/VerifyCsrfToken->handle(Object(Illuminate/Http/Request), Object(Closure))
#20 C:/laragon/www/APK_POS2/vendor/laravel/framework/src/Illuminate/View/Middleware/ShareErrorsFromSession.php(48): Illuminate/Pipeline/Pipeline->{closure:{closure:Illuminate/Pipeline/Pipeline::carry():194}:195}(Object(Illuminate/Http/Request))
#21 C:/laragon/www/APK_POS2/vendor/laravel/framework/src/Illuminate/Pipeline/Pipeline.php(219): Illuminate/View/Middleware/ShareErrorsFromSession->handle(Object(Illuminate/Http/Request), Object(Closure))
#22 C:/laragon/www/APK_POS2/vendor/laravel/framework/src/Illuminate/Session/Middleware/StartSession.php(120): Illuminate/Pipeline/Pipeline->{closure:{closure:Illuminate/Pipeline/Pipeline::carry():194}:195}(Object(Illuminate/Http/Request))
#23 C:/laragon/www/APK_POS2/vendor/laravel/framework/src/Illuminate/Session/Middleware/StartSession.php(63): Illuminate/Session/Middleware/StartSession->handleStatefulRequest(Object(Illuminate/Http/Request), Object(Illuminate/Session/Store), Object(Closure))
#24 C:/laragon/www/APK_POS2/vendor/laravel/framework/src/Illuminate/Pipeline/Pipeline.php(219): Illuminate/Session/Middleware/StartSession->handle(Object(Illuminate/Http/Request), Object(Closure))
#25 C:/laragon/www/APK_POS2/vendor/laravel/framework/src/Illuminate/Cookie/Middleware/AddQueuedCookiesToResponse.php(36): Illuminate/Pipeline/Pipeline->{closure:{closure:Illuminate/Pipeline/Pipeline::carry():194}:195}(Object(Illuminate/Http/Request))
#26 C:/laragon/www/APK_POS2/vendor/laravel/framework/src/Illuminate/Pipeline/Pipeline.php(219): Illuminate/Cookie/Middleware/AddQueuedCookiesToResponse->handle(Object(Illuminate/Http/Request), Object(Closure))
#27 C:/laragon/www/APK_POS2/vendor/laravel/framework/src/Illuminate/Cookie/Middleware/EncryptCookies.php(74): Illuminate/Pipeline/Pipeline->{closure:{closure:Illuminate/Pipeline/Pipeline::carry():194}:195}(Object(Illuminate/Http/Request))
#28 C:/laragon/www/APK_POS2/vendor/laravel/framework/src/Illuminate/Pipeline/Pipeline.php(219): Illuminate/Cookie/Middleware/EncryptCookies->handle(Object(Illuminate/Http/Request), Object(Closure))
#29 C:/laragon/www/APK_POS2/vendor/laravel/framework/src/Illuminate/Pipeline/Pipeline.php(137): Illuminate/Pipeline/Pipeline->{closure:{closure:Illuminate/Pipeline/Pipeline::carry():194}:195}(Object(Illuminate/Http/Request))
#30 C:/laragon/www/APK_POS2/vendor/laravel/framework/src/Illuminate/Routing/Router.php(821): Illuminate/Pipeline/Pipeline->then(Object(Closure))
#31 C:/laragon/www/APK_POS2/vendor/laravel/framework/src/Illuminate/Routing/Router.php(800): Illuminate/Routing/Router->runRouteWithinStack(Object(Illuminate/Routing/Route), Object(Illuminate/Http/Request))
#32 C:/laragon/www/APK_POS2/vendor/laravel/framework/src/Illuminate/Routing/Router.php(764): Illuminate/Routing/Router->runRoute(Object(Illuminate/Http/Request), Object(Illuminate/Routing/Route))
#33 C:/laragon/www/APK_POS2/vendor/laravel/framework/src/Illuminate/Routing/Router.php(753): Illuminate/Routing/Router->dispatchToRoute(Object(Illuminate/Http/Request))
#34 C:/laragon/www/APK_POS2/vendor/laravel/framework/src/Illuminate/Foundation/Http/Kernel.php(200): Illuminate/Routing/Router->dispatch(Object(Illuminate/Http/Request))
#35 C:/laragon/www/APK_POS2/vendor/laravel/framework/src/Illuminate/Pipeline/Pipeline.php(180): Illuminate/Foundation/Http/Kernel->{closure:Illuminate/Foundation/Http/Kernel::dispatchToRouter():197}(Object(Illuminate/Http/Request))
#36 C:/laragon/www/APK_POS2/vendor/laravel/framework/src/Illuminate/Foundation/Http/Middleware/TransformsRequest.php(21): Illuminate/Pipeline/Pipeline->{closure:Illuminate/Pipeline/Pipeline::prepareDestination():178}(Object(Illuminate/Http/Request))
#37 C:/laragon/www/APK_POS2/vendor/laravel/framework/src/Illuminate/Foundation/Http/Middleware/ConvertEmptyStringsToNull.php(31): Illuminate/Foundation/Http/Middleware/TransformsRequest->handle(Object(Illuminate/Http/Request), Object(Closure))
#38 C:/laragon/www/APK_POS2/vendor/laravel/framework/src/Illuminate/Pipeline/Pipeline.php(219): Illuminate/Foundation/Http/Middleware/ConvertEmptyStringsToNull->handle(Object(Illuminate/Http/Request), Object(Closure))
#39 C:/laragon/www/APK_POS2/vendor/laravel/framework/src/Illuminate/Foundation/Http/Middleware/TransformsRequest.php(21): Illuminate/Pipeline/Pipeline->{closure:{closure:Illuminate/Pipeline/Pipeline::carry():194}:195}(Object(Illuminate/Http/Request))
#40 C:/laragon/www/APK_POS2/vendor/laravel/framework/src/Illuminate/Foundation/Http/Middleware/TrimStrings.php(51): Illuminate/Foundation/Http/Middleware/TransformsRequest->handle(Object(Illuminate/Http/Request), Object(Closure))
#41 C:/laragon/www/APK_POS2/vendor/laravel/framework/src/Illuminate/Pipeline/Pipeline.php(219): Illuminate/Foundation/Http/Middleware/TrimStrings->handle(Object(Illuminate/Http/Request), Object(Closure))
#42 C:/laragon/www/APK_POS2/vendor/laravel/framework/src/Illuminate/Http/Middleware/ValidatePostSize.php(27): Illuminate/Pipeline/Pipeline->{closure:{closure:Illuminate/Pipeline/Pipeline::carry():194}:195}(Object(Illuminate/Http/Request))
#43 C:/laragon/www/APK_POS2/vendor/laravel/framework/src/Illuminate/Pipeline/Pipeline.php(219): Illuminate/Http/Middleware/ValidatePostSize->handle(Object(Illuminate/Http/Request), Object(Closure))
#44 C:/laragon/www/APK_POS2/vendor/laravel/framework/src/Illuminate/Foundation/Http/Middleware/PreventRequestsDuringMaintenance.php(109): Illuminate/Pipeline/Pipeline->{closure:{closure:Illuminate/Pipeline/Pipeline::carry():194}:195}(Object(Illuminate/Http/Request))
#45 C:/laragon/www/APK_POS2/vendor/laravel/framework/src/Illuminate/Pipeline/Pipeline.php(219): Illuminate/Foundation/Http/Middleware/PreventRequestsDuringMaintenance->handle(Object(Illuminate/Http/Request), Object(Closure))
#46 C:/laragon/www/APK_POS2/vendor/laravel/framework/src/Illuminate/Http/Middleware/HandleCors.php(61): Illuminate/Pipeline/Pipeline->{closure:{closure:Illuminate/Pipeline/Pipeline::carry():194}:195}(Object(Illuminate/Http/Request))
#47 C:/laragon/www/APK_POS2/vendor/laravel/framework/src/Illuminate/Pipeline/Pipeline.php(219): Illuminate/Http/Middleware/HandleCors->handle(Object(Illuminate/Http/Request), Object(Closure))
#48 C:/laragon/www/APK_POS2/vendor/laravel/framework/src/Illuminate/Http/Middleware/TrustProxies.php(58): Illuminate/Pipeline/Pipeline->{closure:{closure:Illuminate/Pipeline/Pipeline::carry():194}:195}(Object(Illuminate/Http/Request))
#49 C:/laragon/www/APK_POS2/vendor/laravel/framework/src/Illuminate/Pipeline/Pipeline.php(219): Illuminate/Http/Middleware/TrustProxies->handle(Object(Illuminate/Http/Request), Object(Closure))
#50 C:/laragon/www/APK_POS2/vendor/laravel/framework/src/Illuminate/Foundation/Http/Middleware/InvokeDeferredCallbacks.php(22): Illuminate/Pipeline/Pipeline->{closure:{closure:Illuminate/Pipeline/Pipeline::carry():194}:195}(Object(Illuminate/Http/Request))
#51 C:/laragon/www/APK_POS2/vendor/laravel/framework/src/Illuminate/Pipeline/Pipeline.php(219): Illuminate/Foundation/Http/Middleware/InvokeDeferredCallbacks->handle(Object(Illuminate/Http/Request), Object(Closure))
#52 C:/laragon/www/APK_POS2/vendor/laravel/framework/src/Illuminate/Http/Middleware/ValidatePathEncoding.php(26): Illuminate/Pipeline/Pipeline->{closure:{closure:Illuminate/Pipeline/Pipeline::carry():194}:195}(Object(Illuminate/Http/Request))
#53 C:/laragon/www/APK_POS2/vendor/laravel/framework/src/Illuminate/Pipeline/Pipeline.php(219): Illuminate/Http/Middleware/ValidatePathEncoding->handle(Object(Illuminate/Http/Request), Object(Closure))
#54 C:/laragon/www/APK_POS2/vendor/laravel/framework/src/Illuminate/Pipeline/Pipeline.php(137): Illuminate/Pipeline/Pipeline->{closure:{closure:Illuminate/Pipeline/Pipeline::carry():194}:195}(Object(Illuminate/Http/Request))
#55 C:/laragon/www/APK_POS2/vendor/laravel/framework/src/Illuminate/Foundation/Http/Kernel.php(175): Illuminate/Pipeline/Pipeline->then(Object(Closure))
#56 C:/laragon/www/APK_POS2/vendor/laravel/framework/src/Illuminate/Foundation/Http/Kernel.php(144): Illuminate/Foundation/Http/Kernel->sendRequestThroughRouter(Object(Illuminate/Http/Request))
#57 C:/laragon/www/APK_POS2/vendor/laravel/framework/src/Illuminate/Foundation/Application.php(1220): Illuminate/Foundation/Http/Kernel->handle(Object(Illuminate/Http/Request))
#58 C:/laragon/www/APK_POS2/public/index.php(20): Illuminate/Foundation/Application->handleRequest(Object(Illuminate/Http/Request))
#59 C:/laragon/www/APK_POS2/vendor/laravel/framework/src/Illuminate/Foundation/resources/server.php(23): require_once('C://laragon//www//...')
#60 {main}
"} 
[2026-08-06 06:28:47] local.ERROR: syntax error, unexpected token "endforeach" (View: C:\laragon\www\APK_POS2\resources\views\penjualan\index.blade.php) {"userId":1,"exception":"[object] (Illuminate\\View\\ViewException(code: 0): syntax error, unexpected token \"endforeach\" (View: C:\\laragon\\www\\APK_POS2\\resources\\views\\penjualan\\index.blade.php) at C:/laragon/www/APK_POS2/storage/framework/views/304c161585f63d667a9c2c20e2307300.php:97)
[stacktrace]
#0 C:/laragon/www/APK_POS2/vendor/laravel/framework/src/Illuminate/View/Engines/PhpEngine.php(59): Illuminate/View/Engines/CompilerEngine->handleViewException(Object(ParseError), 1)
#1 C:/laragon/www/APK_POS2/vendor/laravel/framework/src/Illuminate/View/Engines/CompilerEngine.php(76): Illuminate/View/Engines/PhpEngine->evaluatePath('C://laragon//www//...', Array)
#2 C:/laragon/www/APK_POS2/vendor/laravel/framework/src/Illuminate/View/View.php(208): Illuminate/View/Engines/CompilerEngine->get('C://laragon//www//...', Array)
#3 C:/laragon/www/APK_POS2/vendor/laravel/framework/src/Illuminate/View/View.php(191): Illuminate/View/View->getContents()
#4 C:/laragon/www/APK_POS2/vendor/laravel/framework/src/Illuminate/View/View.php(160): Illuminate/View/View->renderContents()
#5 C:/laragon/www/APK_POS2/vendor/laravel/framework/src/Illuminate/Http/Response.php(78): Illuminate/View/View->render()
#6 C:/laragon/www/APK_POS2/vendor/laravel/framework/src/Illuminate/Http/Response.php(34): Illuminate/Http/Response->setContent(Object(Illuminate/View/View))
#7 C:/laragon/www/APK_POS2/vendor/laravel/framework/src/Illuminate/Routing/Router.php(939): Illuminate/Http/Response->__construct(Object(Illuminate/View/View), 200, Array)
#8 C:/laragon/www/APK_POS2/vendor/laravel/framework/src/Illuminate/Routing/Router.php(906): Illuminate/Routing/Router::toResponse(Object(Illuminate/Http/Request), Object(Illuminate/View/View))
#9 C:/laragon/www/APK_POS2/vendor/laravel/framework/src/Illuminate/Routing/Router.php(821): Illuminate/Routing/Router->prepareResponse(Object(Illuminate/Http/Request), Object(Illuminate/View/View))
#10 C:/laragon/www/APK_POS2/vendor/laravel/framework/src/Illuminate/Pipeline/Pipeline.php(180): Illuminate/Routing/Router->{closure:Illuminate/Routing/Router::runRouteWithinStack():821}(Object(Illuminate/Http/Request))
#11 C:/laragon/www/APK_POS2/app/Http/Middleware/RoleMiddleware.php(27): Illuminate/Pipeline/Pipeline->{closure:Illuminate/Pipeline/Pipeline::prepareDestination():178}(Object(Illuminate/Http/Request))
#12 C:/laragon/www/APK_POS2/vendor/laravel/framework/src/Illuminate/Pipeline/Pipeline.php(219): App/Http/Middleware/RoleMiddleware->handle(Object(Illuminate/Http/Request), Object(Closure), 'admin', 'kasir')
#13 C:/laragon/www/APK_POS2/vendor/laravel/framework/src/Illuminate/Routing/Middleware/SubstituteBindings.php(50): Illuminate/Pipeline/Pipeline->{closure:{closure:Illuminate/Pipeline/Pipeline::carry():194}:195}(Object(Illuminate/Http/Request))
#14 C:/laragon/www/APK_POS2/vendor/laravel/framework/src/Illuminate/Pipeline/Pipeline.php(219): Illuminate/Routing/Middleware/SubstituteBindings->handle(Object(Illuminate/Http/Request), Object(Closure))
#15 C:/laragon/www/APK_POS2/vendor/laravel/framework/src/Illuminate/Auth/Middleware/Authenticate.php(63): Illuminate/Pipeline/Pipeline->{closure:{closure:Illuminate/Pipeline/Pipeline::carry():194}:195}(Object(Illuminate/Http/Request))
#16 C:/laragon/www/APK_POS2/vendor/laravel/framework/src/Illuminate/Pipeline/Pipeline.php(219): Illuminate/Auth/Middleware/Authenticate->handle(Object(Illuminate/Http/Request), Object(Closure))
#17 C:/laragon/www/APK_POS2/vendor/laravel/framework/src/Illuminate/Foundation/Http/Middleware/VerifyCsrfToken.php(87): Illuminate/Pipeline/Pipeline->{closure:{closure:Illuminate/Pipeline/Pipeline::carry():194}:195}(Object(Illuminate/Http/Request))
#18 C:/laragon/www/APK_POS2/vendor/laravel/framework/src/Illuminate/Pipeline/Pipeline.php(219): Illuminate/Foundation/Http/Middleware/VerifyCsrfToken->handle(Object(Illuminate/Http/Request), Object(Closure))
#19 C:/laragon/www/APK_POS2/vendor/laravel/framework/src/Illuminate/View/Middleware/ShareErrorsFromSession.php(48): Illuminate/Pipeline/Pipeline->{closure:{closure:Illuminate/Pipeline/Pipeline::carry():194}:195}(Object(Illuminate/Http/Request))
#20 C:/laragon/www/APK_POS2/vendor/laravel/framework/src/Illuminate/Pipeline/Pipeline.php(219): Illuminate/View/Middleware/ShareErrorsFromSession->handle(Object(Illuminate/Http/Request), Object(Closure))
#21 C:/laragon/www/APK_POS2/vendor/laravel/framework/src/Illuminate/Session/Middleware/StartSession.php(120): Illuminate/Pipeline/Pipeline->{closure:{closure:Illuminate/Pipeline/Pipeline::carry():194}:195}(Object(Illuminate/Http/Request))
#22 C:/laragon/www/APK_POS2/vendor/laravel/framework/src/Illuminate/Session/Middleware/StartSession.php(63): Illuminate/Session/Middleware/StartSession->handleStatefulRequest(Object(Illuminate/Http/Request), Object(Illuminate/Session/Store), Object(Closure))
#23 C:/laragon/www/APK_POS2/vendor/laravel/framework/src/Illuminate/Pipeline/Pipeline.php(219): Illuminate/Session/Middleware/StartSession->handle(Object(Illuminate/Http/Request), Object(Closure))
#24 C:/laragon/www/APK_POS2/vendor/laravel/framework/src/Illuminate/Cookie/Middleware/AddQueuedCookiesToResponse.php(36): Illuminate/Pipeline/Pipeline->{closure:{closure:Illuminate/Pipeline/Pipeline::carry():194}:195}(Object(Illuminate/Http/Request))
#25 C:/laragon/www/APK_POS2/vendor/laravel/framework/src/Illuminate/Pipeline/Pipeline.php(219): Illuminate/Cookie/Middleware/AddQueuedCookiesToResponse->handle(Object(Illuminate/Http/Request), Object(Closure))
#26 C:/laragon/www/APK_POS2/vendor/laravel/framework/src/Illuminate/Cookie/Middleware/EncryptCookies.php(74): Illuminate/Pipeline/Pipeline->{closure:{closure:Illuminate/Pipeline/Pipeline::carry():194}:195}(Object(Illuminate/Http/Request))
#27 C:/laragon/www/APK_POS2/vendor/laravel/framework/src/Illuminate/Pipeline/Pipeline.php(219): Illuminate/Cookie/Middleware/EncryptCookies->handle(Object(Illuminate/Http/Request), Object(Closure))
#28 C:/laragon/www/APK_POS2/vendor/laravel/framework/src/Illuminate/Pipeline/Pipeline.php(137): Illuminate/Pipeline/Pipeline->{closure:{closure:Illuminate/Pipeline/Pipeline::carry():194}:195}(Object(Illuminate/Http/Request))
#29 C:/laragon/www/APK_POS2/vendor/laravel/framework/src/Illuminate/Routing/Router.php(821): Illuminate/Pipeline/Pipeline->then(Object(Closure))
#30 C:/laragon/www/APK_POS2/vendor/laravel/framework/src/Illuminate/Routing/Router.php(800): Illuminate/Routing/Router->runRouteWithinStack(Object(Illuminate/Routing/Route), Object(Illuminate/Http/Request))
#31 C:/laragon/www/APK_POS2/vendor/laravel/framework/src/Illuminate/Routing/Router.php(764): Illuminate/Routing/Router->runRoute(Object(Illuminate/Http/Request), Object(Illuminate/Routing/Route))
#32 C:/laragon/www/APK_POS2/vendor/laravel/framework/src/Illuminate/Routing/Router.php(753): Illuminate/Routing/Router->dispatchToRoute(Object(Illuminate/Http/Request))
#33 C:/laragon/www/APK_POS2/vendor/laravel/framework/src/Illuminate/Foundation/Http/Kernel.php(200): Illuminate/Routing/Router->dispatch(Object(Illuminate/Http/Request))
#34 C:/laragon/www/APK_POS2/vendor/laravel/framework/src/Illuminate/Pipeline/Pipeline.php(180): Illuminate/Foundation/Http/Kernel->{closure:Illuminate/Foundation/Http/Kernel::dispatchToRouter():197}(Object(Illuminate/Http/Request))
#35 C:/laragon/www/APK_POS2/vendor/laravel/framework/src/Illuminate/Foundation/Http/Middleware/TransformsRequest.php(21): Illuminate/Pipeline/Pipeline->{closure:Illuminate/Pipeline/Pipeline::prepareDestination():178}(Object(Illuminate/Http/Request))
#36 C:/laragon/www/APK_POS2/vendor/laravel/framework/src/Illuminate/Foundation/Http/Middleware/ConvertEmptyStringsToNull.php(31): Illuminate/Foundation/Http/Middleware/TransformsRequest->handle(Object(Illuminate/Http/Request), Object(Closure))
#37 C:/laragon/www/APK_POS2/vendor/laravel/framework/src/Illuminate/Pipeline/Pipeline.php(219): Illuminate/Foundation/Http/Middleware/ConvertEmptyStringsToNull->handle(Object(Illuminate/Http/Request), Object(Closure))
#38 C:/laragon/www/APK_POS2/vendor/laravel/framework/src/Illuminate/Foundation/Http/Middleware/TransformsRequest.php(21): Illuminate/Pipeline/Pipeline->{closure:{closure:Illuminate/Pipeline/Pipeline::carry():194}:195}(Object(Illuminate/Http/Request))
#39 C:/laragon/www/APK_POS2/vendor/laravel/framework/src/Illuminate/Foundation/Http/Middleware/TrimStrings.php(51): Illuminate/Foundation/Http/Middleware/TransformsRequest->handle(Object(Illuminate/Http/Request), Object(Closure))
#40 C:/laragon/www/APK_POS2/vendor/laravel/framework/src/Illuminate/Pipeline/Pipeline.php(219): Illuminate/Foundation/Http/Middleware/TrimStrings->handle(Object(Illuminate/Http/Request), Object(Closure))
#41 C:/laragon/www/APK_POS2/vendor/laravel/framework/src/Illuminate/Http/Middleware/ValidatePostSize.php(27): Illuminate/Pipeline/Pipeline->{closure:{closure:Illuminate/Pipeline/Pipeline::carry():194}:195}(Object(Illuminate/Http/Request))
#42 C:/laragon/www/APK_POS2/vendor/laravel/framework/src/Illuminate/Pipeline/Pipeline.php(219): Illuminate/Http/Middleware/ValidatePostSize->handle(Object(Illuminate/Http/Request), Object(Closure))
#43 C:/laragon/www/APK_POS2/vendor/laravel/framework/src/Illuminate/Foundation/Http/Middleware/PreventRequestsDuringMaintenance.php(109): Illuminate/Pipeline/Pipeline->{closure:{closure:Illuminate/Pipeline/Pipeline::carry():194}:195}(Object(Illuminate/Http/Request))
#44 C:/laragon/www/APK_POS2/vendor/laravel/framework/src/Illuminate/Pipeline/Pipeline.php(219): Illuminate/Foundation/Http/Middleware/PreventRequestsDuringMaintenance->handle(Object(Illuminate/Http/Request), Object(Closure))
#45 C:/laragon/www/APK_POS2/vendor/laravel/framework/src/Illuminate/Http/Middleware/HandleCors.php(61): Illuminate/Pipeline/Pipeline->{closure:{closure:Illuminate/Pipeline/Pipeline::carry():194}:195}(Object(Illuminate/Http/Request))
#46 C:/laragon/www/APK_POS2/vendor/laravel/framework/src/Illuminate/Pipeline/Pipeline.php(219): Illuminate/Http/Middleware/HandleCors->handle(Object(Illuminate/Http/Request), Object(Closure))
#47 C:/laragon/www/APK_POS2/vendor/laravel/framework/src/Illuminate/Http/Middleware/TrustProxies.php(58): Illuminate/Pipeline/Pipeline->{closure:{closure:Illuminate/Pipeline/Pipeline::carry():194}:195}(Object(Illuminate/Http/Request))
#48 C:/laragon/www/APK_POS2/vendor/laravel/framework/src/Illuminate/Pipeline/Pipeline.php(219): Illuminate/Http/Middleware/TrustProxies->handle(Object(Illuminate/Http/Request), Object(Closure))
#49 C:/laragon/www/APK_POS2/vendor/laravel/framework/src/Illuminate/Foundation/Http/Middleware/InvokeDeferredCallbacks.php(22): Illuminate/Pipeline/Pipeline->{closure:{closure:Illuminate/Pipeline/Pipeline::carry():194}:195}(Object(Illuminate/Http/Request))
#50 C:/laragon/www/APK_POS2/vendor/laravel/framework/src/Illuminate/Pipeline/Pipeline.php(219): Illuminate/Foundation/Http/Middleware/InvokeDeferredCallbacks->handle(Object(Illuminate/Http/Request), Object(Closure))
#51 C:/laragon/www/APK_POS2/vendor/laravel/framework/src/Illuminate/Http/Middleware/ValidatePathEncoding.php(26): Illuminate/Pipeline/Pipeline->{closure:{closure:Illuminate/Pipeline/Pipeline::carry():194}:195}(Object(Illuminate/Http/Request))
#52 C:/laragon/www/APK_POS2/vendor/laravel/framework/src/Illuminate/Pipeline/Pipeline.php(219): Illuminate/Http/Middleware/ValidatePathEncoding->handle(Object(Illuminate/Http/Request), Object(Closure))
#53 C:/laragon/www/APK_POS2/vendor/laravel/framework/src/Illuminate/Pipeline/Pipeline.php(137): Illuminate/Pipeline/Pipeline->{closure:{closure:Illuminate/Pipeline/Pipeline::carry():194}:195}(Object(Illuminate/Http/Request))
#54 C:/laragon/www/APK_POS2/vendor/laravel/framework/src/Illuminate/Foundation/Http/Kernel.php(175): Illuminate/Pipeline/Pipeline->then(Object(Closure))
#55 C:/laragon/www/APK_POS2/vendor/laravel/framework/src/Illuminate/Foundation/Http/Kernel.php(144): Illuminate/Foundation/Http/Kernel->sendRequestThroughRouter(Object(Illuminate/Http/Request))
#56 C:/laragon/www/APK_POS2/vendor/laravel/framework/src/Illuminate/Foundation/Application.php(1220): Illuminate/Foundation/Http/Kernel->handle(Object(Illuminate/Http/Request))
#57 C:/laragon/www/APK_POS2/public/index.php(20): Illuminate/Foundation/Application->handleRequest(Object(Illuminate/Http/Request))
#58 C:/laragon/www/APK_POS2/vendor/laravel/framework/src/Illuminate/Foundation/resources/server.php(23): require_once('C://laragon//www//...')
#59 {main}

[previous exception] [object] (ParseError(code: 0): syntax error, unexpected token \"endforeach\" at C:/laragon/www/APK_POS2/storage/framework/views/304c161585f63d667a9c2c20e2307300.php:97)
[stacktrace]
#0 C:/laragon/www/APK_POS2/vendor/laravel/framework/src/Illuminate/Filesystem/Filesystem.php(124): Illuminate/Filesystem/Filesystem::{closure:Illuminate/Filesystem/Filesystem::getRequire():120}()
#1 C:/laragon/www/APK_POS2/vendor/laravel/framework/src/Illuminate/View/Engines/PhpEngine.php(57): Illuminate/Filesystem/Filesystem->getRequire('C://laragon//www//...', Array)
#2 C:/laragon/www/APK_POS2/vendor/laravel/framework/src/Illuminate/View/Engines/CompilerEngine.php(76): Illuminate/View/Engines/PhpEngine->evaluatePath('C://laragon//www//...', Array)
#3 C:/laragon/www/APK_POS2/vendor/laravel/framework/src/Illuminate/View/View.php(208): Illuminate/View/Engines/CompilerEngine->get('C://laragon//www//...', Array)
#4 C:/laragon/www/APK_POS2/vendor/laravel/framework/src/Illuminate/View/View.php(191): Illuminate/View/View->getContents()
#5 C:/laragon/www/APK_POS2/vendor/laravel/framework/src/Illuminate/View/View.php(160): Illuminate/View/View->renderContents()
#6 C:/laragon/www/APK_POS2/vendor/laravel/framework/src/Illuminate/Http/Response.php(78): Illuminate/View/View->render()
#7 C:/laragon/www/APK_POS2/vendor/laravel/framework/src/Illuminate/Http/Response.php(34): Illuminate/Http/Response->setContent(Object(Illuminate/View/View))
#8 C:/laragon/www/APK_POS2/vendor/laravel/framework/src/Illuminate/Routing/Router.php(939): Illuminate/Http/Response->__construct(Object(Illuminate/View/View), 200, Array)
#9 C:/laragon/www/APK_POS2/vendor/laravel/framework/src/Illuminate/Routing/Router.php(906): Illuminate/Routing/Router::toResponse(Object(Illuminate/Http/Request), Object(Illuminate/View/View))
#10 C:/laragon/www/APK_POS2/vendor/laravel/framework/src/Illuminate/Routing/Router.php(821): Illuminate/Routing/Router->prepareResponse(Object(Illuminate/Http/Request), Object(Illuminate/View/View))
#11 C:/laragon/www/APK_POS2/vendor/laravel/framework/src/Illuminate/Pipeline/Pipeline.php(180): Illuminate/Routing/Router->{closure:Illuminate/Routing/Router::runRouteWithinStack():821}(Object(Illuminate/Http/Request))
#12 C:/laragon/www/APK_POS2/app/Http/Middleware/RoleMiddleware.php(27): Illuminate/Pipeline/Pipeline->{closure:Illuminate/Pipeline/Pipeline::prepareDestination():178}(Object(Illuminate/Http/Request))
#13 C:/laragon/www/APK_POS2/vendor/laravel/framework/src/Illuminate/Pipeline/Pipeline.php(219): App/Http/Middleware/RoleMiddleware->handle(Object(Illuminate/Http/Request), Object(Closure), 'admin', 'kasir')
#14 C:/laragon/www/APK_POS2/vendor/laravel/framework/src/Illuminate/Routing/Middleware/SubstituteBindings.php(50): Illuminate/Pipeline/Pipeline->{closure:{closure:Illuminate/Pipeline/Pipeline::carry():194}:195}(Object(Illuminate/Http/Request))
#15 C:/laragon/www/APK_POS2/vendor/laravel/framework/src/Illuminate/Pipeline/Pipeline.php(219): Illuminate/Routing/Middleware/SubstituteBindings->handle(Object(Illuminate/Http/Request), Object(Closure))
#16 C:/laragon/www/APK_POS2/vendor/laravel/framework/src/Illuminate/Auth/Middleware/Authenticate.php(63): Illuminate/Pipeline/Pipeline->{closure:{closure:Illuminate/Pipeline/Pipeline::carry():194}:195}(Object(Illuminate/Http/Request))
#17 C:/laragon/www/APK_POS2/vendor/laravel/framework/src/Illuminate/Pipeline/Pipeline.php(219): Illuminate/Auth/Middleware/Authenticate->handle(Object(Illuminate/Http/Request), Object(Closure))
#18 C:/laragon/www/APK_POS2/vendor/laravel/framework/src/Illuminate/Foundation/Http/Middleware/VerifyCsrfToken.php(87): Illuminate/Pipeline/Pipeline->{closure:{closure:Illuminate/Pipeline/Pipeline::carry():194}:195}(Object(Illuminate/Http/Request))
#19 C:/laragon/www/APK_POS2/vendor/laravel/framework/src/Illuminate/Pipeline/Pipeline.php(219): Illuminate/Foundation/Http/Middleware/VerifyCsrfToken->handle(Object(Illuminate/Http/Request), Object(Closure))
#20 C:/laragon/www/APK_POS2/vendor/laravel/framework/src/Illuminate/View/Middleware/ShareErrorsFromSession.php(48): Illuminate/Pipeline/Pipeline->{closure:{closure:Illuminate/Pipeline/Pipeline::carry():194}:195}(Object(Illuminate/Http/Request))
#21 C:/laragon/www/APK_POS2/vendor/laravel/framework/src/Illuminate/Pipeline/Pipeline.php(219): Illuminate/View/Middleware/ShareErrorsFromSession->handle(Object(Illuminate/Http/Request), Object(Closure))
#22 C:/laragon/www/APK_POS2/vendor/laravel/framework/src/Illuminate/Session/Middleware/StartSession.php(120): Illuminate/Pipeline/Pipeline->{closure:{closure:Illuminate/Pipeline/Pipeline::carry():194}:195}(Object(Illuminate/Http/Request))
#23 C:/laragon/www/APK_POS2/vendor/laravel/framework/src/Illuminate/Session/Middleware/StartSession.php(63): Illuminate/Session/Middleware/StartSession->handleStatefulRequest(Object(Illuminate/Http/Request), Object(Illuminate/Session/Store), Object(Closure))
#24 C:/laragon/www/APK_POS2/vendor/laravel/framework/src/Illuminate/Pipeline/Pipeline.php(219): Illuminate/Session/Middleware/StartSession->handle(Object(Illuminate/Http/Request), Object(Closure))
#25 C:/laragon/www/APK_POS2/vendor/laravel/framework/src/Illuminate/Cookie/Middleware/AddQueuedCookiesToResponse.php(36): Illuminate/Pipeline/Pipeline->{closure:{closure:Illuminate/Pipeline/Pipeline::carry():194}:195}(Object(Illuminate/Http/Request))
#26 C:/laragon/www/APK_POS2/vendor/laravel/framework/src/Illuminate/Pipeline/Pipeline.php(219): Illuminate/Cookie/Middleware/AddQueuedCookiesToResponse->handle(Object(Illuminate/Http/Request), Object(Closure))
#27 C:/laragon/www/APK_POS2/vendor/laravel/framework/src/Illuminate/Cookie/Middleware/EncryptCookies.php(74): Illuminate/Pipeline/Pipeline->{closure:{closure:Illuminate/Pipeline/Pipeline::carry():194}:195}(Object(Illuminate/Http/Request))
#28 C:/laragon/www/APK_POS2/vendor/laravel/framework/src/Illuminate/Pipeline/Pipeline.php(219): Illuminate/Cookie/Middleware/EncryptCookies->handle(Object(Illuminate/Http/Request), Object(Closure))
#29 C:/laragon/www/APK_POS2/vendor/laravel/framework/src/Illuminate/Pipeline/Pipeline.php(137): Illuminate/Pipeline/Pipeline->{closure:{closure:Illuminate/Pipeline/Pipeline::carry():194}:195}(Object(Illuminate/Http/Request))
#30 C:/laragon/www/APK_POS2/vendor/laravel/framework/src/Illuminate/Routing/Router.php(821): Illuminate/Pipeline/Pipeline->then(Object(Closure))
#31 C:/laragon/www/APK_POS2/vendor/laravel/framework/src/Illuminate/Routing/Router.php(800): Illuminate/Routing/Router->runRouteWithinStack(Object(Illuminate/Routing/Route), Object(Illuminate/Http/Request))
#32 C:/laragon/www/APK_POS2/vendor/laravel/framework/src/Illuminate/Routing/Router.php(764): Illuminate/Routing/Router->runRoute(Object(Illuminate/Http/Request), Object(Illuminate/Routing/Route))
#33 C:/laragon/www/APK_POS2/vendor/laravel/framework/src/Illuminate/Routing/Router.php(753): Illuminate/Routing/Router->dispatchToRoute(Object(Illuminate/Http/Request))
#34 C:/laragon/www/APK_POS2/vendor/laravel/framework/src/Illuminate/Foundation/Http/Kernel.php(200): Illuminate/Routing/Router->dispatch(Object(Illuminate/Http/Request))
#35 C:/laragon/www/APK_POS2/vendor/laravel/framework/src/Illuminate/Pipeline/Pipeline.php(180): Illuminate/Foundation/Http/Kernel->{closure:Illuminate/Foundation/Http/Kernel::dispatchToRouter():197}(Object(Illuminate/Http/Request))
#36 C:/laragon/www/APK_POS2/vendor/laravel/framework/src/Illuminate/Foundation/Http/Middleware/TransformsRequest.php(21): Illuminate/Pipeline/Pipeline->{closure:Illuminate/Pipeline/Pipeline::prepareDestination():178}(Object(Illuminate/Http/Request))
#37 C:/laragon/www/APK_POS2/vendor/laravel/framework/src/Illuminate/Foundation/Http/Middleware/ConvertEmptyStringsToNull.php(31): Illuminate/Foundation/Http/Middleware/TransformsRequest->handle(Object(Illuminate/Http/Request), Object(Closure))
#38 C:/laragon/www/APK_POS2/vendor/laravel/framework/src/Illuminate/Pipeline/Pipeline.php(219): Illuminate/Foundation/Http/Middleware/ConvertEmptyStringsToNull->handle(Object(Illuminate/Http/Request), Object(Closure))
#39 C:/laragon/www/APK_POS2/vendor/laravel/framework/src/Illuminate/Foundation/Http/Middleware/TransformsRequest.php(21): Illuminate/Pipeline/Pipeline->{closure:{closure:Illuminate/Pipeline/Pipeline::carry():194}:195}(Object(Illuminate/Http/Request))
#40 C:/laragon/www/APK_POS2/vendor/laravel/framework/src/Illuminate/Foundation/Http/Middleware/TrimStrings.php(51): Illuminate/Foundation/Http/Middleware/TransformsRequest->handle(Object(Illuminate/Http/Request), Object(Closure))
#41 C:/laragon/www/APK_POS2/vendor/laravel/framework/src/Illuminate/Pipeline/Pipeline.php(219): Illuminate/Foundation/Http/Middleware/TrimStrings->handle(Object(Illuminate/Http/Request), Object(Closure))
#42 C:/laragon/www/APK_POS2/vendor/laravel/framework/src/Illuminate/Http/Middleware/ValidatePostSize.php(27): Illuminate/Pipeline/Pipeline->{closure:{closure:Illuminate/Pipeline/Pipeline::carry():194}:195}(Object(Illuminate/Http/Request))
#43 C:/laragon/www/APK_POS2/vendor/laravel/framework/src/Illuminate/Pipeline/Pipeline.php(219): Illuminate/Http/Middleware/ValidatePostSize->handle(Object(Illuminate/Http/Request), Object(Closure))
#44 C:/laragon/www/APK_POS2/vendor/laravel/framework/src/Illuminate/Foundation/Http/Middleware/PreventRequestsDuringMaintenance.php(109): Illuminate/Pipeline/Pipeline->{closure:{closure:Illuminate/Pipeline/Pipeline::carry():194}:195}(Object(Illuminate/Http/Request))
#45 C:/laragon/www/APK_POS2/vendor/laravel/framework/src/Illuminate/Pipeline/Pipeline.php(219): Illuminate/Foundation/Http/Middleware/PreventRequestsDuringMaintenance->handle(Object(Illuminate/Http/Request), Object(Closure))
#46 C:/laragon/www/APK_POS2/vendor/laravel/framework/src/Illuminate/Http/Middleware/HandleCors.php(61): Illuminate/Pipeline/Pipeline->{closure:{closure:Illuminate/Pipeline/Pipeline::carry():194}:195}(Object(Illuminate/Http/Request))
#47 C:/laragon/www/APK_POS2/vendor/laravel/framework/src/Illuminate/Pipeline/Pipeline.php(219): Illuminate/Http/Middleware/HandleCors->handle(Object(Illuminate/Http/Request), Object(Closure))
#48 C:/laragon/www/APK_POS2/vendor/laravel/framework/src/Illuminate/Http/Middleware/TrustProxies.php(58): Illuminate/Pipeline/Pipeline->{closure:{closure:Illuminate/Pipeline/Pipeline::carry():194}:195}(Object(Illuminate/Http/Request))
#49 C:/laragon/www/APK_POS2/vendor/laravel/framework/src/Illuminate/Pipeline/Pipeline.php(219): Illuminate/Http/Middleware/TrustProxies->handle(Object(Illuminate/Http/Request), Object(Closure))
#50 C:/laragon/www/APK_POS2/vendor/laravel/framework/src/Illuminate/Foundation/Http/Middleware/InvokeDeferredCallbacks.php(22): Illuminate/Pipeline/Pipeline->{closure:{closure:Illuminate/Pipeline/Pipeline::carry():194}:195}(Object(Illuminate/Http/Request))
#51 C:/laragon/www/APK_POS2/vendor/laravel/framework/src/Illuminate/Pipeline/Pipeline.php(219): Illuminate/Foundation/Http/Middleware/InvokeDeferredCallbacks->handle(Object(Illuminate/Http/Request), Object(Closure))
#52 C:/laragon/www/APK_POS2/vendor/laravel/framework/src/Illuminate/Http/Middleware/ValidatePathEncoding.php(26): Illuminate/Pipeline/Pipeline->{closure:{closure:Illuminate/Pipeline/Pipeline::carry():194}:195}(Object(Illuminate/Http/Request))
#53 C:/laragon/www/APK_POS2/vendor/laravel/framework/src/Illuminate/Pipeline/Pipeline.php(219): Illuminate/Http/Middleware/ValidatePathEncoding->handle(Object(Illuminate/Http/Request), Object(Closure))
#54 C:/laragon/www/APK_POS2/vendor/laravel/framework/src/Illuminate/Pipeline/Pipeline.php(137): Illuminate/Pipeline/Pipeline->{closure:{closure:Illuminate/Pipeline/Pipeline::carry():194}:195}(Object(Illuminate/Http/Request))
#55 C:/laragon/www/APK_POS2/vendor/laravel/framework/src/Illuminate/Foundation/Http/Kernel.php(175): Illuminate/Pipeline/Pipeline->then(Object(Closure))
#56 C:/laragon/www/APK_POS2/vendor/laravel/framework/src/Illuminate/Foundation/Http/Kernel.php(144): Illuminate/Foundation/Http/Kernel->sendRequestThroughRouter(Object(Illuminate/Http/Request))
#57 C:/laragon/www/APK_POS2/vendor/laravel/framework/src/Illuminate/Foundation/Application.php(1220): Illuminate/Foundation/Http/Kernel->handle(Object(Illuminate/Http/Request))
#58 C:/laragon/www/APK_POS2/public/index.php(20): Illuminate/Foundation/Application->handleRequest(Object(Illuminate/Http/Request))
#59 C:/laragon/www/APK_POS2/vendor/laravel/framework/src/Illuminate/Foundation/resources/server.php(23): require_once('C://laragon//www//...')
#60 {main}
"} 
[2026-08-06 06:28:51] local.ERROR: syntax error, unexpected token "endforeach" (View: C:\laragon\www\APK_POS2\resources\views\penjualan\index.blade.php) {"userId":1,"exception":"[object] (Illuminate\\View\\ViewException(code: 0): syntax error, unexpected token \"endforeach\" (View: C:\\laragon\\www\\APK_POS2\\resources\\views\\penjualan\\index.blade.php) at C:/laragon/www/APK_POS2/storage/framework/views/304c161585f63d667a9c2c20e2307300.php:97)
[stacktrace]
#0 C:/laragon/www/APK_POS2/vendor/laravel/framework/src/Illuminate/View/Engines/PhpEngine.php(59): Illuminate/View/Engines/CompilerEngine->handleViewException(Object(ParseError), 1)
#1 C:/laragon/www/APK_POS2/vendor/laravel/framework/src/Illuminate/View/Engines/CompilerEngine.php(76): Illuminate/View/Engines/PhpEngine->evaluatePath('C://laragon//www//...', Array)
#2 C:/laragon/www/APK_POS2/vendor/laravel/framework/src/Illuminate/View/View.php(208): Illuminate/View/Engines/CompilerEngine->get('C://laragon//www//...', Array)
#3 C:/laragon/www/APK_POS2/vendor/laravel/framework/src/Illuminate/View/View.php(191): Illuminate/View/View->getContents()
#4 C:/laragon/www/APK_POS2/vendor/laravel/framework/src/Illuminate/View/View.php(160): Illuminate/View/View->renderContents()
#5 C:/laragon/www/APK_POS2/vendor/laravel/framework/src/Illuminate/Http/Response.php(78): Illuminate/View/View->render()
#6 C:/laragon/www/APK_POS2/vendor/laravel/framework/src/Illuminate/Http/Response.php(34): Illuminate/Http/Response->setContent(Object(Illuminate/View/View))
#7 C:/laragon/www/APK_POS2/vendor/laravel/framework/src/Illuminate/Routing/Router.php(939): Illuminate/Http/Response->__construct(Object(Illuminate/View/View), 200, Array)
#8 C:/laragon/www/APK_POS2/vendor/laravel/framework/src/Illuminate/Routing/Router.php(906): Illuminate/Routing/Router::toResponse(Object(Illuminate/Http/Request), Object(Illuminate/View/View))
#9 C:/laragon/www/APK_POS2/vendor/laravel/framework/src/Illuminate/Routing/Router.php(821): Illuminate/Routing/Router->prepareResponse(Object(Illuminate/Http/Request), Object(Illuminate/View/View))
#10 C:/laragon/www/APK_POS2/vendor/laravel/framework/src/Illuminate/Pipeline/Pipeline.php(180): Illuminate/Routing/Router->{closure:Illuminate/Routing/Router::runRouteWithinStack():821}(Object(Illuminate/Http/Request))
#11 C:/laragon/www/APK_POS2/app/Http/Middleware/RoleMiddleware.php(27): Illuminate/Pipeline/Pipeline->{closure:Illuminate/Pipeline/Pipeline::prepareDestination():178}(Object(Illuminate/Http/Request))
#12 C:/laragon/www/APK_POS2/vendor/laravel/framework/src/Illuminate/Pipeline/Pipeline.php(219): App/Http/Middleware/RoleMiddleware->handle(Object(Illuminate/Http/Request), Object(Closure), 'admin', 'kasir')
#13 C:/laragon/www/APK_POS2/vendor/laravel/framework/src/Illuminate/Routing/Middleware/SubstituteBindings.php(50): Illuminate/Pipeline/Pipeline->{closure:{closure:Illuminate/Pipeline/Pipeline::carry():194}:195}(Object(Illuminate/Http/Request))
#14 C:/laragon/www/APK_POS2/vendor/laravel/framework/src/Illuminate/Pipeline/Pipeline.php(219): Illuminate/Routing/Middleware/SubstituteBindings->handle(Object(Illuminate/Http/Request), Object(Closure))
#15 C:/laragon/www/APK_POS2/vendor/laravel/framework/src/Illuminate/Auth/Middleware/Authenticate.php(63): Illuminate/Pipeline/Pipeline->{closure:{closure:Illuminate/Pipeline/Pipeline::carry():194}:195}(Object(Illuminate/Http/Request))
#16 C:/laragon/www/APK_POS2/vendor/laravel/framework/src/Illuminate/Pipeline/Pipeline.php(219): Illuminate/Auth/Middleware/Authenticate->handle(Object(Illuminate/Http/Request), Object(Closure))
#17 C:/laragon/www/APK_POS2/vendor/laravel/framework/src/Illuminate/Foundation/Http/Middleware/VerifyCsrfToken.php(87): Illuminate/Pipeline/Pipeline->{closure:{closure:Illuminate/Pipeline/Pipeline::carry():194}:195}(Object(Illuminate/Http/Request))
#18 C:/laragon/www/APK_POS2/vendor/laravel/framework/src/Illuminate/Pipeline/Pipeline.php(219): Illuminate/Foundation/Http/Middleware/VerifyCsrfToken->handle(Object(Illuminate/Http/Request), Object(Closure))
#19 C:/laragon/www/APK_POS2/vendor/laravel/framework/src/Illuminate/View/Middleware/ShareErrorsFromSession.php(48): Illuminate/Pipeline/Pipeline->{closure:{closure:Illuminate/Pipeline/Pipeline::carry():194}:195}(Object(Illuminate/Http/Request))
#20 C:/laragon/www/APK_POS2/vendor/laravel/framework/src/Illuminate/Pipeline/Pipeline.php(219): Illuminate/View/Middleware/ShareErrorsFromSession->handle(Object(Illuminate/Http/Request), Object(Closure))
#21 C:/laragon/www/APK_POS2/vendor/laravel/framework/src/Illuminate/Session/Middleware/StartSession.php(120): Illuminate/Pipeline/Pipeline->{closure:{closure:Illuminate/Pipeline/Pipeline::carry():194}:195}(Object(Illuminate/Http/Request))
#22 C:/laragon/www/APK_POS2/vendor/laravel/framework/src/Illuminate/Session/Middleware/StartSession.php(63): Illuminate/Session/Middleware/StartSession->handleStatefulRequest(Object(Illuminate/Http/Request), Object(Illuminate/Session/Store), Object(Closure))
#23 C:/laragon/www/APK_POS2/vendor/laravel/framework/src/Illuminate/Pipeline/Pipeline.php(219): Illuminate/Session/Middleware/StartSession->handle(Object(Illuminate/Http/Request), Object(Closure))
#24 C:/laragon/www/APK_POS2/vendor/laravel/framework/src/Illuminate/Cookie/Middleware/AddQueuedCookiesToResponse.php(36): Illuminate/Pipeline/Pipeline->{closure:{closure:Illuminate/Pipeline/Pipeline::carry():194}:195}(Object(Illuminate/Http/Request))
#25 C:/laragon/www/APK_POS2/vendor/laravel/framework/src/Illuminate/Pipeline/Pipeline.php(219): Illuminate/Cookie/Middleware/AddQueuedCookiesToResponse->handle(Object(Illuminate/Http/Request), Object(Closure))
#26 C:/laragon/www/APK_POS2/vendor/laravel/framework/src/Illuminate/Cookie/Middleware/EncryptCookies.php(74): Illuminate/Pipeline/Pipeline->{closure:{closure:Illuminate/Pipeline/Pipeline::carry():194}:195}(Object(Illuminate/Http/Request))
#27 C:/laragon/www/APK_POS2/vendor/laravel/framework/src/Illuminate/Pipeline/Pipeline.php(219): Illuminate/Cookie/Middleware/EncryptCookies->handle(Object(Illuminate/Http/Request), Object(Closure))
#28 C:/laragon/www/APK_POS2/vendor/laravel/framework/src/Illuminate/Pipeline/Pipeline.php(137): Illuminate/Pipeline/Pipeline->{closure:{closure:Illuminate/Pipeline/Pipeline::carry():194}:195}(Object(Illuminate/Http/Request))
#29 C:/laragon/www/APK_POS2/vendor/laravel/framework/src/Illuminate/Routing/Router.php(821): Illuminate/Pipeline/Pipeline->then(Object(Closure))
#30 C:/laragon/www/APK_POS2/vendor/laravel/framework/src/Illuminate/Routing/Router.php(800): Illuminate/Routing/Router->runRouteWithinStack(Object(Illuminate/Routing/Route), Object(Illuminate/Http/Request))
#31 C:/laragon/www/APK_POS2/vendor/laravel/framework/src/Illuminate/Routing/Router.php(764): Illuminate/Routing/Router->runRoute(Object(Illuminate/Http/Request), Object(Illuminate/Routing/Route))
#32 C:/laragon/www/APK_POS2/vendor/laravel/framework/src/Illuminate/Routing/Router.php(753): Illuminate/Routing/Router->dispatchToRoute(Object(Illuminate/Http/Request))
#33 C:/laragon/www/APK_POS2/vendor/laravel/framework/src/Illuminate/Foundation/Http/Kernel.php(200): Illuminate/Routing/Router->dispatch(Object(Illuminate/Http/Request))
#34 C:/laragon/www/APK_POS2/vendor/laravel/framework/src/Illuminate/Pipeline/Pipeline.php(180): Illuminate/Foundation/Http/Kernel->{closure:Illuminate/Foundation/Http/Kernel::dispatchToRouter():197}(Object(Illuminate/Http/Request))
#35 C:/laragon/www/APK_POS2/vendor/laravel/framework/src/Illuminate/Foundation/Http/Middleware/TransformsRequest.php(21): Illuminate/Pipeline/Pipeline->{closure:Illuminate/Pipeline/Pipeline::prepareDestination():178}(Object(Illuminate/Http/Request))
#36 C:/laragon/www/APK_POS2/vendor/laravel/framework/src/Illuminate/Foundation/Http/Middleware/ConvertEmptyStringsToNull.php(31): Illuminate/Foundation/Http/Middleware/TransformsRequest->handle(Object(Illuminate/Http/Request), Object(Closure))
#37 C:/laragon/www/APK_POS2/vendor/laravel/framework/src/Illuminate/Pipeline/Pipeline.php(219): Illuminate/Foundation/Http/Middleware/ConvertEmptyStringsToNull->handle(Object(Illuminate/Http/Request), Object(Closure))
#38 C:/laragon/www/APK_POS2/vendor/laravel/framework/src/Illuminate/Foundation/Http/Middleware/TransformsRequest.php(21): Illuminate/Pipeline/Pipeline->{closure:{closure:Illuminate/Pipeline/Pipeline::carry():194}:195}(Object(Illuminate/Http/Request))
#39 C:/laragon/www/APK_POS2/vendor/laravel/framework/src/Illuminate/Foundation/Http/Middleware/TrimStrings.php(51): Illuminate/Foundation/Http/Middleware/TransformsRequest->handle(Object(Illuminate/Http/Request), Object(Closure))
#40 C:/laragon/www/APK_POS2/vendor/laravel/framework/src/Illuminate/Pipeline/Pipeline.php(219): Illuminate/Foundation/Http/Middleware/TrimStrings->handle(Object(Illuminate/Http/Request), Object(Closure))
#41 C:/laragon/www/APK_POS2/vendor/laravel/framework/src/Illuminate/Http/Middleware/ValidatePostSize.php(27): Illuminate/Pipeline/Pipeline->{closure:{closure:Illuminate/Pipeline/Pipeline::carry():194}:195}(Object(Illuminate/Http/Request))
#42 C:/laragon/www/APK_POS2/vendor/laravel/framework/src/Illuminate/Pipeline/Pipeline.php(219): Illuminate/Http/Middleware/ValidatePostSize->handle(Object(Illuminate/Http/Request), Object(Closure))
#43 C:/laragon/www/APK_POS2/vendor/laravel/framework/src/Illuminate/Foundation/Http/Middleware/PreventRequestsDuringMaintenance.php(109): Illuminate/Pipeline/Pipeline->{closure:{closure:Illuminate/Pipeline/Pipeline::carry():194}:195}(Object(Illuminate/Http/Request))
#44 C:/laragon/www/APK_POS2/vendor/laravel/framework/src/Illuminate/Pipeline/Pipeline.php(219): Illuminate/Foundation/Http/Middleware/PreventRequestsDuringMaintenance->handle(Object(Illuminate/Http/Request), Object(Closure))
#45 C:/laragon/www/APK_POS2/vendor/laravel/framework/src/Illuminate/Http/Middleware/HandleCors.php(61): Illuminate/Pipeline/Pipeline->{closure:{closure:Illuminate/Pipeline/Pipeline::carry():194}:195}(Object(Illuminate/Http/Request))
#46 C:/laragon/www/APK_POS2/vendor/laravel/framework/src/Illuminate/Pipeline/Pipeline.php(219): Illuminate/Http/Middleware/HandleCors->handle(Object(Illuminate/Http/Request), Object(Closure))
#47 C:/laragon/www/APK_POS2/vendor/laravel/framework/src/Illuminate/Http/Middleware/TrustProxies.php(58): Illuminate/Pipeline/Pipeline->{closure:{closure:Illuminate/Pipeline/Pipeline::carry():194}:195}(Object(Illuminate/Http/Request))
#48 C:/laragon/www/APK_POS2/vendor/laravel/framework/src/Illuminate/Pipeline/Pipeline.php(219): Illuminate/Http/Middleware/TrustProxies->handle(Object(Illuminate/Http/Request), Object(Closure))
#49 C:/laragon/www/APK_POS2/vendor/laravel/framework/src/Illuminate/Foundation/Http/Middleware/InvokeDeferredCallbacks.php(22): Illuminate/Pipeline/Pipeline->{closure:{closure:Illuminate/Pipeline/Pipeline::carry():194}:195}(Object(Illuminate/Http/Request))
#50 C:/laragon/www/APK_POS2/vendor/laravel/framework/src/Illuminate/Pipeline/Pipeline.php(219): Illuminate/Foundation/Http/Middleware/InvokeDeferredCallbacks->handle(Object(Illuminate/Http/Request), Object(Closure))
#51 C:/laragon/www/APK_POS2/vendor/laravel/framework/src/Illuminate/Http/Middleware/ValidatePathEncoding.php(26): Illuminate/Pipeline/Pipeline->{closure:{closure:Illuminate/Pipeline/Pipeline::carry():194}:195}(Object(Illuminate/Http/Request))
#52 C:/laragon/www/APK_POS2/vendor/laravel/framework/src/Illuminate/Pipeline/Pipeline.php(219): Illuminate/Http/Middleware/ValidatePathEncoding->handle(Object(Illuminate/Http/Request), Object(Closure))
#53 C:/laragon/www/APK_POS2/vendor/laravel/framework/src/Illuminate/Pipeline/Pipeline.php(137): Illuminate/Pipeline/Pipeline->{closure:{closure:Illuminate/Pipeline/Pipeline::carry():194}:195}(Object(Illuminate/Http/Request))
#54 C:/laragon/www/APK_POS2/vendor/laravel/framework/src/Illuminate/Foundation/Http/Kernel.php(175): Illuminate/Pipeline/Pipeline->then(Object(Closure))
#55 C:/laragon/www/APK_POS2/vendor/laravel/framework/src/Illuminate/Foundation/Http/Kernel.php(144): Illuminate/Foundation/Http/Kernel->sendRequestThroughRouter(Object(Illuminate/Http/Request))
#56 C:/laragon/www/APK_POS2/vendor/laravel/framework/src/Illuminate/Foundation/Application.php(1220): Illuminate/Foundation/Http/Kernel->handle(Object(Illuminate/Http/Request))
#57 C:/laragon/www/APK_POS2/public/index.php(20): Illuminate/Foundation/Application->handleRequest(Object(Illuminate/Http/Request))
#58 C:/laragon/www/APK_POS2/vendor/laravel/framework/src/Illuminate/Foundation/resources/server.php(23): require_once('C://laragon//www//...')
#59 {main}

[previous exception] [object] (ParseError(code: 0): syntax error, unexpected token \"endforeach\" at C:/laragon/www/APK_POS2/storage/framework/views/304c161585f63d667a9c2c20e2307300.php:97)
[stacktrace]
#0 C:/laragon/www/APK_POS2/vendor/laravel/framework/src/Illuminate/Filesystem/Filesystem.php(124): Illuminate/Filesystem/Filesystem::{closure:Illuminate/Filesystem/Filesystem::getRequire():120}()
#1 C:/laragon/www/APK_POS2/vendor/laravel/framework/src/Illuminate/View/Engines/PhpEngine.php(57): Illuminate/Filesystem/Filesystem->getRequire('C://laragon//www//...', Array)
#2 C:/laragon/www/APK_POS2/vendor/laravel/framework/src/Illuminate/View/Engines/CompilerEngine.php(76): Illuminate/View/Engines/PhpEngine->evaluatePath('C://laragon//www//...', Array)
#3 C:/laragon/www/APK_POS2/vendor/laravel/framework/src/Illuminate/View/View.php(208): Illuminate/View/Engines/CompilerEngine->get('C://laragon//www//...', Array)
#4 C:/laragon/www/APK_POS2/vendor/laravel/framework/src/Illuminate/View/View.php(191): Illuminate/View/View->getContents()
#5 C:/laragon/www/APK_POS2/vendor/laravel/framework/src/Illuminate/View/View.php(160): Illuminate/View/View->renderContents()
#6 C:/laragon/www/APK_POS2/vendor/laravel/framework/src/Illuminate/Http/Response.php(78): Illuminate/View/View->render()
#7 C:/laragon/www/APK_POS2/vendor/laravel/framework/src/Illuminate/Http/Response.php(34): Illuminate/Http/Response->setContent(Object(Illuminate/View/View))
#8 C:/laragon/www/APK_POS2/vendor/laravel/framework/src/Illuminate/Routing/Router.php(939): Illuminate/Http/Response->__construct(Object(Illuminate/View/View), 200, Array)
#9 C:/laragon/www/APK_POS2/vendor/laravel/framework/src/Illuminate/Routing/Router.php(906): Illuminate/Routing/Router::toResponse(Object(Illuminate/Http/Request), Object(Illuminate/View/View))
#10 C:/laragon/www/APK_POS2/vendor/laravel/framework/src/Illuminate/Routing/Router.php(821): Illuminate/Routing/Router->prepareResponse(Object(Illuminate/Http/Request), Object(Illuminate/View/View))
#11 C:/laragon/www/APK_POS2/vendor/laravel/framework/src/Illuminate/Pipeline/Pipeline.php(180): Illuminate/Routing/Router->{closure:Illuminate/Routing/Router::runRouteWithinStack():821}(Object(Illuminate/Http/Request))
#12 C:/laragon/www/APK_POS2/app/Http/Middleware/RoleMiddleware.php(27): Illuminate/Pipeline/Pipeline->{closure:Illuminate/Pipeline/Pipeline::prepareDestination():178}(Object(Illuminate/Http/Request))
#13 C:/laragon/www/APK_POS2/vendor/laravel/framework/src/Illuminate/Pipeline/Pipeline.php(219): App/Http/Middleware/RoleMiddleware->handle(Object(Illuminate/Http/Request), Object(Closure), 'admin', 'kasir')
#14 C:/laragon/www/APK_POS2/vendor/laravel/framework/src/Illuminate/Routing/Middleware/SubstituteBindings.php(50): Illuminate/Pipeline/Pipeline->{closure:{closure:Illuminate/Pipeline/Pipeline::carry():194}:195}(Object(Illuminate/Http/Request))
#15 C:/laragon/www/APK_POS2/vendor/laravel/framework/src/Illuminate/Pipeline/Pipeline.php(219): Illuminate/Routing/Middleware/SubstituteBindings->handle(Object(Illuminate/Http/Request), Object(Closure))
#16 C:/laragon/www/APK_POS2/vendor/laravel/framework/src/Illuminate/Auth/Middleware/Authenticate.php(63): Illuminate/Pipeline/Pipeline->{closure:{closure:Illuminate/Pipeline/Pipeline::carry():194}:195}(Object(Illuminate/Http/Request))
#17 C:/laragon/www/APK_POS2/vendor/laravel/framework/src/Illuminate/Pipeline/Pipeline.php(219): Illuminate/Auth/Middleware/Authenticate->handle(Object(Illuminate/Http/Request), Object(Closure))
#18 C:/laragon/www/APK_POS2/vendor/laravel/framework/src/Illuminate/Foundation/Http/Middleware/VerifyCsrfToken.php(87): Illuminate/Pipeline/Pipeline->{closure:{closure:Illuminate/Pipeline/Pipeline::carry():194}:195}(Object(Illuminate/Http/Request))
#19 C:/laragon/www/APK_POS2/vendor/laravel/framework/src/Illuminate/Pipeline/Pipeline.php(219): Illuminate/Foundation/Http/Middleware/VerifyCsrfToken->handle(Object(Illuminate/Http/Request), Object(Closure))
#20 C:/laragon/www/APK_POS2/vendor/laravel/framework/src/Illuminate/View/Middleware/ShareErrorsFromSession.php(48): Illuminate/Pipeline/Pipeline->{closure:{closure:Illuminate/Pipeline/Pipeline::carry():194}:195}(Object(Illuminate/Http/Request))
#21 C:/laragon/www/APK_POS2/vendor/laravel/framework/src/Illuminate/Pipeline/Pipeline.php(219): Illuminate/View/Middleware/ShareErrorsFromSession->handle(Object(Illuminate/Http/Request), Object(Closure))
#22 C:/laragon/www/APK_POS2/vendor/laravel/framework/src/Illuminate/Session/Middleware/StartSession.php(120): Illuminate/Pipeline/Pipeline->{closure:{closure:Illuminate/Pipeline/Pipeline::carry():194}:195}(Object(Illuminate/Http/Request))
#23 C:/laragon/www/APK_POS2/vendor/laravel/framework/src/Illuminate/Session/Middleware/StartSession.php(63): Illuminate/Session/Middleware/StartSession->handleStatefulRequest(Object(Illuminate/Http/Request), Object(Illuminate/Session/Store), Object(Closure))
#24 C:/laragon/www/APK_POS2/vendor/laravel/framework/src/Illuminate/Pipeline/Pipeline.php(219): Illuminate/Session/Middleware/StartSession->handle(Object(Illuminate/Http/Request), Object(Closure))
#25 C:/laragon/www/APK_POS2/vendor/laravel/framework/src/Illuminate/Cookie/Middleware/AddQueuedCookiesToResponse.php(36): Illuminate/Pipeline/Pipeline->{closure:{closure:Illuminate/Pipeline/Pipeline::carry():194}:195}(Object(Illuminate/Http/Request))
#26 C:/laragon/www/APK_POS2/vendor/laravel/framework/src/Illuminate/Pipeline/Pipeline.php(219): Illuminate/Cookie/Middleware/AddQueuedCookiesToResponse->handle(Object(Illuminate/Http/Request), Object(Closure))
#27 C:/laragon/www/APK_POS2/vendor/laravel/framework/src/Illuminate/Cookie/Middleware/EncryptCookies.php(74): Illuminate/Pipeline/Pipeline->{closure:{closure:Illuminate/Pipeline/Pipeline::carry():194}:195}(Object(Illuminate/Http/Request))
#28 C:/laragon/www/APK_POS2/vendor/laravel/framework/src/Illuminate/Pipeline/Pipeline.php(219): Illuminate/Cookie/Middleware/EncryptCookies->handle(Object(Illuminate/Http/Request), Object(Closure))
#29 C:/laragon/www/APK_POS2/vendor/laravel/framework/src/Illuminate/Pipeline/Pipeline.php(137): Illuminate/Pipeline/Pipeline->{closure:{closure:Illuminate/Pipeline/Pipeline::carry():194}:195}(Object(Illuminate/Http/Request))
#30 C:/laragon/www/APK_POS2/vendor/laravel/framework/src/Illuminate/Routing/Router.php(821): Illuminate/Pipeline/Pipeline->then(Object(Closure))
#31 C:/laragon/www/APK_POS2/vendor/laravel/framework/src/Illuminate/Routing/Router.php(800): Illuminate/Routing/Router->runRouteWithinStack(Object(Illuminate/Routing/Route), Object(Illuminate/Http/Request))
#32 C:/laragon/www/APK_POS2/vendor/laravel/framework/src/Illuminate/Routing/Router.php(764): Illuminate/Routing/Router->runRoute(Object(Illuminate/Http/Request), Object(Illuminate/Routing/Route))
#33 C:/laragon/www/APK_POS2/vendor/laravel/framework/src/Illuminate/Routing/Router.php(753): Illuminate/Routing/Router->dispatchToRoute(Object(Illuminate/Http/Request))
#34 C:/laragon/www/APK_POS2/vendor/laravel/framework/src/Illuminate/Foundation/Http/Kernel.php(200): Illuminate/Routing/Router->dispatch(Object(Illuminate/Http/Request))
#35 C:/laragon/www/APK_POS2/vendor/laravel/framework/src/Illuminate/Pipeline/Pipeline.php(180): Illuminate/Foundation/Http/Kernel->{closure:Illuminate/Foundation/Http/Kernel::dispatchToRouter():197}(Object(Illuminate/Http/Request))
#36 C:/laragon/www/APK_POS2/vendor/laravel/framework/src/Illuminate/Foundation/Http/Middleware/TransformsRequest.php(21): Illuminate/Pipeline/Pipeline->{closure:Illuminate/Pipeline/Pipeline::prepareDestination():178}(Object(Illuminate/Http/Request))
#37 C:/laragon/www/APK_POS2/vendor/laravel/framework/src/Illuminate/Foundation/Http/Middleware/ConvertEmptyStringsToNull.php(31): Illuminate/Foundation/Http/Middleware/TransformsRequest->handle(Object(Illuminate/Http/Request), Object(Closure))
#38 C:/laragon/www/APK_POS2/vendor/laravel/framework/src/Illuminate/Pipeline/Pipeline.php(219): Illuminate/Foundation/Http/Middleware/ConvertEmptyStringsToNull->handle(Object(Illuminate/Http/Request), Object(Closure))
#39 C:/laragon/www/APK_POS2/vendor/laravel/framework/src/Illuminate/Foundation/Http/Middleware/TransformsRequest.php(21): Illuminate/Pipeline/Pipeline->{closure:{closure:Illuminate/Pipeline/Pipeline::carry():194}:195}(Object(Illuminate/Http/Request))
#40 C:/laragon/www/APK_POS2/vendor/laravel/framework/src/Illuminate/Foundation/Http/Middleware/TrimStrings.php(51): Illuminate/Foundation/Http/Middleware/TransformsRequest->handle(Object(Illuminate/Http/Request), Object(Closure))
#41 C:/laragon/www/APK_POS2/vendor/laravel/framework/src/Illuminate/Pipeline/Pipeline.php(219): Illuminate/Foundation/Http/Middleware/TrimStrings->handle(Object(Illuminate/Http/Request), Object(Closure))
#42 C:/laragon/www/APK_POS2/vendor/laravel/framework/src/Illuminate/Http/Middleware/ValidatePostSize.php(27): Illuminate/Pipeline/Pipeline->{closure:{closure:Illuminate/Pipeline/Pipeline::carry():194}:195}(Object(Illuminate/Http/Request))
#43 C:/laragon/www/APK_POS2/vendor/laravel/framework/src/Illuminate/Pipeline/Pipeline.php(219): Illuminate/Http/Middleware/ValidatePostSize->handle(Object(Illuminate/Http/Request), Object(Closure))
#44 C:/laragon/www/APK_POS2/vendor/laravel/framework/src/Illuminate/Foundation/Http/Middleware/PreventRequestsDuringMaintenance.php(109): Illuminate/Pipeline/Pipeline->{closure:{closure:Illuminate/Pipeline/Pipeline::carry():194}:195}(Object(Illuminate/Http/Request))
#45 C:/laragon/www/APK_POS2/vendor/laravel/framework/src/Illuminate/Pipeline/Pipeline.php(219): Illuminate/Foundation/Http/Middleware/PreventRequestsDuringMaintenance->handle(Object(Illuminate/Http/Request), Object(Closure))
#46 C:/laragon/www/APK_POS2/vendor/laravel/framework/src/Illuminate/Http/Middleware/HandleCors.php(61): Illuminate/Pipeline/Pipeline->{closure:{closure:Illuminate/Pipeline/Pipeline::carry():194}:195}(Object(Illuminate/Http/Request))
#47 C:/laragon/www/APK_POS2/vendor/laravel/framework/src/Illuminate/Pipeline/Pipeline.php(219): Illuminate/Http/Middleware/HandleCors->handle(Object(Illuminate/Http/Request), Object(Closure))
#48 C:/laragon/www/APK_POS2/vendor/laravel/framework/src/Illuminate/Http/Middleware/TrustProxies.php(58): Illuminate/Pipeline/Pipeline->{closure:{closure:Illuminate/Pipeline/Pipeline::carry():194}:195}(Object(Illuminate/Http/Request))
#49 C:/laragon/www/APK_POS2/vendor/laravel/framework/src/Illuminate/Pipeline/Pipeline.php(219): Illuminate/Http/Middleware/TrustProxies->handle(Object(Illuminate/Http/Request), Object(Closure))
#50 C:/laragon/www/APK_POS2/vendor/laravel/framework/src/Illuminate/Foundation/Http/Middleware/InvokeDeferredCallbacks.php(22): Illuminate/Pipeline/Pipeline->{closure:{closure:Illuminate/Pipeline/Pipeline::carry():194}:195}(Object(Illuminate/Http/Request))
#51 C:/laragon/www/APK_POS2/vendor/laravel/framework/src/Illuminate/Pipeline/Pipeline.php(219): Illuminate/Foundation/Http/Middleware/InvokeDeferredCallbacks->handle(Object(Illuminate/Http/Request), Object(Closure))
#52 C:/laragon/www/APK_POS2/vendor/laravel/framework/src/Illuminate/Http/Middleware/ValidatePathEncoding.php(26): Illuminate/Pipeline/Pipeline->{closure:{closure:Illuminate/Pipeline/Pipeline::carry():194}:195}(Object(Illuminate/Http/Request))
#53 C:/laragon/www/APK_POS2/vendor/laravel/framework/src/Illuminate/Pipeline/Pipeline.php(219): Illuminate/Http/Middleware/ValidatePathEncoding->handle(Object(Illuminate/Http/Request), Object(Closure))
#54 C:/laragon/www/APK_POS2/vendor/laravel/framework/src/Illuminate/Pipeline/Pipeline.php(137): Illuminate/Pipeline/Pipeline->{closure:{closure:Illuminate/Pipeline/Pipeline::carry():194}:195}(Object(Illuminate/Http/Request))
#55 C:/laragon/www/APK_POS2/vendor/laravel/framework/src/Illuminate/Foundation/Http/Kernel.php(175): Illuminate/Pipeline/Pipeline->then(Object(Closure))
#56 C:/laragon/www/APK_POS2/vendor/laravel/framework/src/Illuminate/Foundation/Http/Kernel.php(144): Illuminate/Foundation/Http/Kernel->sendRequestThroughRouter(Object(Illuminate/Http/Request))
#57 C:/laragon/www/APK_POS2/vendor/laravel/framework/src/Illuminate/Foundation/Application.php(1220): Illuminate/Foundation/Http/Kernel->handle(Object(Illuminate/Http/Request))
#58 C:/laragon/www/APK_POS2/public/index.php(20): Illuminate/Foundation/Application->handleRequest(Object(Illuminate/Http/Request))
#59 C:/laragon/www/APK_POS2/vendor/laravel/framework/src/Illuminate/Foundation/resources/server.php(23): require_once('C://laragon//www//...')
#60 {main}
"} 
[2026-08-06 06:37:37] local.ERROR: SQLSTATE[23000]: Integrity constraint violation: 1451 Cannot delete or update a parent row: a foreign key constraint fails (`pos_faizzz`.`item_penjualan`, CONSTRAINT `item_penjualan_produk_id_foreign` FOREIGN KEY (`produk_id`) REFERENCES `produk` (`id`)) (Connection: mysql, Host: 127.0.0.1, Port: 3306, Database: pos_faizzz, SQL: delete from `produk` where `id` = 16) {"userId":1,"exception":"[object] (Illuminate\\Database\\QueryException(code: 23000): SQLSTATE[23000]: Integrity constraint violation: 1451 Cannot delete or update a parent row: a foreign key constraint fails (`pos_faizzz`.`item_penjualan`, CONSTRAINT `item_penjualan_produk_id_foreign` FOREIGN KEY (`produk_id`) REFERENCES `produk` (`id`)) (Connection: mysql, Host: 127.0.0.1, Port: 3306, Database: pos_faizzz, SQL: delete from `produk` where `id` = 16) at C:/laragon/www/APK_POS2/vendor/laravel/framework/src/Illuminate/Database/Connection.php:838)
[stacktrace]
#0 C:/laragon/www/APK_POS2/vendor/laravel/framework/src/Illuminate/Database/Connection.php(794): Illuminate/Database/Connection->runQueryCallback('delete from `pr...', Array, Object(Closure))
#1 C:/laragon/www/APK_POS2/vendor/laravel/framework/src/Illuminate/Database/Connection.php(597): Illuminate/Database/Connection->run('delete from `pr...', Array, Object(Closure))
#2 C:/laragon/www/APK_POS2/vendor/laravel/framework/src/Illuminate/Database/Connection.php(561): Illuminate/Database/Connection->affectingStatement('delete from `pr...', Array)
#3 C:/laragon/www/APK_POS2/vendor/laravel/framework/src/Illuminate/Database/Query/Builder.php(4426): Illuminate/Database/Connection->delete('delete from `pr...', Array)
#4 C:/laragon/www/APK_POS2/vendor/laravel/framework/src/Illuminate/Database/Eloquent/Builder.php(1480): Illuminate/Database/Query/Builder->delete()
#5 C:/laragon/www/APK_POS2/vendor/laravel/framework/src/Illuminate/Database/Eloquent/Model.php(1578): Illuminate/Database/Eloquent/Builder->delete()
#6 C:/laragon/www/APK_POS2/vendor/laravel/framework/src/Illuminate/Database/Eloquent/Model.php(1510): Illuminate/Database/Eloquent/Model->performDeleteOnModel()
#7 C:/laragon/www/APK_POS2/app/Http/Controllers/ProdukController.php(109): Illuminate/Database/Eloquent/Model->delete()
#8 C:/laragon/www/APK_POS2/vendor/laravel/framework/src/Illuminate/Routing/ControllerDispatcher.php(46): App/Http/Controllers/ProdukController->destroy(Object(App/Models/Produk))
#9 C:/laragon/www/APK_POS2/vendor/laravel/framework/src/Illuminate/Routing/Route.php(265): Illuminate/Routing/ControllerDispatcher->dispatch(Object(Illuminate/Routing/Route), Object(App/Http/Controllers/ProdukController), 'destroy')
#10 C:/laragon/www/APK_POS2/vendor/laravel/framework/src/Illuminate/Routing/Route.php(211): Illuminate/Routing/Route->runController()
#11 C:/laragon/www/APK_POS2/vendor/laravel/framework/src/Illuminate/Routing/Router.php(822): Illuminate/Routing/Route->run()
#12 C:/laragon/www/APK_POS2/vendor/laravel/framework/src/Illuminate/Pipeline/Pipeline.php(180): Illuminate/Routing/Router->{closure:Illuminate/Routing/Router::runRouteWithinStack():821}(Object(Illuminate/Http/Request))
#13 C:/laragon/www/APK_POS2/app/Http/Middleware/RoleMiddleware.php(27): Illuminate/Pipeline/Pipeline->{closure:Illuminate/Pipeline/Pipeline::prepareDestination():178}(Object(Illuminate/Http/Request))
#14 C:/laragon/www/APK_POS2/vendor/laravel/framework/src/Illuminate/Pipeline/Pipeline.php(219): App/Http/Middleware/RoleMiddleware->handle(Object(Illuminate/Http/Request), Object(Closure), 'admin', 'kasir')
#15 C:/laragon/www/APK_POS2/vendor/laravel/framework/src/Illuminate/Routing/Middleware/SubstituteBindings.php(50): Illuminate/Pipeline/Pipeline->{closure:{closure:Illuminate/Pipeline/Pipeline::carry():194}:195}(Object(Illuminate/Http/Request))
#16 C:/laragon/www/APK_POS2/vendor/laravel/framework/src/Illuminate/Pipeline/Pipeline.php(219): Illuminate/Routing/Middleware/SubstituteBindings->handle(Object(Illuminate/Http/Request), Object(Closure))
#17 C:/laragon/www/APK_POS2/vendor/laravel/framework/src/Illuminate/Auth/Middleware/Authenticate.php(63): Illuminate/Pipeline/Pipeline->{closure:{closure:Illuminate/Pipeline/Pipeline::carry():194}:195}(Object(Illuminate/Http/Request))
#18 C:/laragon/www/APK_POS2/vendor/laravel/framework/src/Illuminate/Pipeline/Pipeline.php(219): Illuminate/Auth/Middleware/Authenticate->handle(Object(Illuminate/Http/Request), Object(Closure))
#19 C:/laragon/www/APK_POS2/vendor/laravel/framework/src/Illuminate/Foundation/Http/Middleware/VerifyCsrfToken.php(87): Illuminate/Pipeline/Pipeline->{closure:{closure:Illuminate/Pipeline/Pipeline::carry():194}:195}(Object(Illuminate/Http/Request))
#20 C:/laragon/www/APK_POS2/vendor/laravel/framework/src/Illuminate/Pipeline/Pipeline.php(219): Illuminate/Foundation/Http/Middleware/VerifyCsrfToken->handle(Object(Illuminate/Http/Request), Object(Closure))
#21 C:/laragon/www/APK_POS2/vendor/laravel/framework/src/Illuminate/View/Middleware/ShareErrorsFromSession.php(48): Illuminate/Pipeline/Pipeline->{closure:{closure:Illuminate/Pipeline/Pipeline::carry():194}:195}(Object(Illuminate/Http/Request))
#22 C:/laragon/www/APK_POS2/vendor/laravel/framework/src/Illuminate/Pipeline/Pipeline.php(219): Illuminate/View/Middleware/ShareErrorsFromSession->handle(Object(Illuminate/Http/Request), Object(Closure))
#23 C:/laragon/www/APK_POS2/vendor/laravel/framework/src/Illuminate/Session/Middleware/StartSession.php(120): Illuminate/Pipeline/Pipeline->{closure:{closure:Illuminate/Pipeline/Pipeline::carry():194}:195}(Object(Illuminate/Http/Request))
#24 C:/laragon/www/APK_POS2/vendor/laravel/framework/src/Illuminate/Session/Middleware/StartSession.php(63): Illuminate/Session/Middleware/StartSession->handleStatefulRequest(Object(Illuminate/Http/Request), Object(Illuminate/Session/Store), Object(Closure))
#25 C:/laragon/www/APK_POS2/vendor/laravel/framework/src/Illuminate/Pipeline/Pipeline.php(219): Illuminate/Session/Middleware/StartSession->handle(Object(Illuminate/Http/Request), Object(Closure))
#26 C:/laragon/www/APK_POS2/vendor/laravel/framework/src/Illuminate/Cookie/Middleware/AddQueuedCookiesToResponse.php(36): Illuminate/Pipeline/Pipeline->{closure:{closure:Illuminate/Pipeline/Pipeline::carry():194}:195}(Object(Illuminate/Http/Request))
#27 C:/laragon/www/APK_POS2/vendor/laravel/framework/src/Illuminate/Pipeline/Pipeline.php(219): Illuminate/Cookie/Middleware/AddQueuedCookiesToResponse->handle(Object(Illuminate/Http/Request), Object(Closure))
#28 C:/laragon/www/APK_POS2/vendor/laravel/framework/src/Illuminate/Cookie/Middleware/EncryptCookies.php(74): Illuminate/Pipeline/Pipeline->{closure:{closure:Illuminate/Pipeline/Pipeline::carry():194}:195}(Object(Illuminate/Http/Request))
#29 C:/laragon/www/APK_POS2/vendor/laravel/framework/src/Illuminate/Pipeline/Pipeline.php(219): Illuminate/Cookie/Middleware/EncryptCookies->handle(Object(Illuminate/Http/Request), Object(Closure))
#30 C:/laragon/www/APK_POS2/vendor/laravel/framework/src/Illuminate/Pipeline/Pipeline.php(137): Illuminate/Pipeline/Pipeline->{closure:{closure:Illuminate/Pipeline/Pipeline::carry():194}:195}(Object(Illuminate/Http/Request))
#31 C:/laragon/www/APK_POS2/vendor/laravel/framework/src/Illuminate/Routing/Router.php(821): Illuminate/Pipeline/Pipeline->then(Object(Closure))
#32 C:/laragon/www/APK_POS2/vendor/laravel/framework/src/Illuminate/Routing/Router.php(800): Illuminate/Routing/Router->runRouteWithinStack(Object(Illuminate/Routing/Route), Object(Illuminate/Http/Request))
#33 C:/laragon/www/APK_POS2/vendor/laravel/framework/src/Illuminate/Routing/Router.php(764): Illuminate/Routing/Router->runRoute(Object(Illuminate/Http/Request), Object(Illuminate/Routing/Route))
#34 C:/laragon/www/APK_POS2/vendor/laravel/framework/src/Illuminate/Routing/Router.php(753): Illuminate/Routing/Router->dispatchToRoute(Object(Illuminate/Http/Request))
#35 C:/laragon/www/APK_POS2/vendor/laravel/framework/src/Illuminate/Foundation/Http/Kernel.php(200): Illuminate/Routing/Router->dispatch(Object(Illuminate/Http/Request))
#36 C:/laragon/www/APK_POS2/vendor/laravel/framework/src/Illuminate/Pipeline/Pipeline.php(180): Illuminate/Foundation/Http/Kernel->{closure:Illuminate/Foundation/Http/Kernel::dispatchToRouter():197}(Object(Illuminate/Http/Request))
#37 C:/laragon/www/APK_POS2/vendor/laravel/framework/src/Illuminate/Foundation/Http/Middleware/TransformsRequest.php(21): Illuminate/Pipeline/Pipeline->{closure:Illuminate/Pipeline/Pipeline::prepareDestination():178}(Object(Illuminate/Http/Request))
#38 C:/laragon/www/APK_POS2/vendor/laravel/framework/src/Illuminate/Foundation/Http/Middleware/ConvertEmptyStringsToNull.php(31): Illuminate/Foundation/Http/Middleware/TransformsRequest->handle(Object(Illuminate/Http/Request), Object(Closure))
#39 C:/laragon/www/APK_POS2/vendor/laravel/framework/src/Illuminate/Pipeline/Pipeline.php(219): Illuminate/Foundation/Http/Middleware/ConvertEmptyStringsToNull->handle(Object(Illuminate/Http/Request), Object(Closure))
#40 C:/laragon/www/APK_POS2/vendor/laravel/framework/src/Illuminate/Foundation/Http/Middleware/TransformsRequest.php(21): Illuminate/Pipeline/Pipeline->{closure:{closure:Illuminate/Pipeline/Pipeline::carry():194}:195}(Object(Illuminate/Http/Request))
#41 C:/laragon/www/APK_POS2/vendor/laravel/framework/src/Illuminate/Foundation/Http/Middleware/TrimStrings.php(51): Illuminate/Foundation/Http/Middleware/TransformsRequest->handle(Object(Illuminate/Http/Request), Object(Closure))
#42 C:/laragon/www/APK_POS2/vendor/laravel/framework/src/Illuminate/Pipeline/Pipeline.php(219): Illuminate/Foundation/Http/Middleware/TrimStrings->handle(Object(Illuminate/Http/Request), Object(Closure))
#43 C:/laragon/www/APK_POS2/vendor/laravel/framework/src/Illuminate/Http/Middleware/ValidatePostSize.php(27): Illuminate/Pipeline/Pipeline->{closure:{closure:Illuminate/Pipeline/Pipeline::carry():194}:195}(Object(Illuminate/Http/Request))
#44 C:/laragon/www/APK_POS2/vendor/laravel/framework/src/Illuminate/Pipeline/Pipeline.php(219): Illuminate/Http/Middleware/ValidatePostSize->handle(Object(Illuminate/Http/Request), Object(Closure))
#45 C:/laragon/www/APK_POS2/vendor/laravel/framework/src/Illuminate/Foundation/Http/Middleware/PreventRequestsDuringMaintenance.php(109): Illuminate/Pipeline/Pipeline->{closure:{closure:Illuminate/Pipeline/Pipeline::carry():194}:195}(Object(Illuminate/Http/Request))
#46 C:/laragon/www/APK_POS2/vendor/laravel/framework/src/Illuminate/Pipeline/Pipeline.php(219): Illuminate/Foundation/Http/Middleware/PreventRequestsDuringMaintenance->handle(Object(Illuminate/Http/Request), Object(Closure))
#47 C:/laragon/www/APK_POS2/vendor/laravel/framework/src/Illuminate/Http/Middleware/HandleCors.php(61): Illuminate/Pipeline/Pipeline->{closure:{closure:Illuminate/Pipeline/Pipeline::carry():194}:195}(Object(Illuminate/Http/Request))
#48 C:/laragon/www/APK_POS2/vendor/laravel/framework/src/Illuminate/Pipeline/Pipeline.php(219): Illuminate/Http/Middleware/HandleCors->handle(Object(Illuminate/Http/Request), Object(Closure))
#49 C:/laragon/www/APK_POS2/vendor/laravel/framework/src/Illuminate/Http/Middleware/TrustProxies.php(58): Illuminate/Pipeline/Pipeline->{closure:{closure:Illuminate/Pipeline/Pipeline::carry():194}:195}(Object(Illuminate/Http/Request))
#50 C:/laragon/www/APK_POS2/vendor/laravel/framework/src/Illuminate/Pipeline/Pipeline.php(219): Illuminate/Http/Middleware/TrustProxies->handle(Object(Illuminate/Http/Request), Object(Closure))
#51 C:/laragon/www/APK_POS2/vendor/laravel/framework/src/Illuminate/Foundation/Http/Middleware/InvokeDeferredCallbacks.php(22): Illuminate/Pipeline/Pipeline->{closure:{closure:Illuminate/Pipeline/Pipeline::carry():194}:195}(Object(Illuminate/Http/Request))
#52 C:/laragon/www/APK_POS2/vendor/laravel/framework/src/Illuminate/Pipeline/Pipeline.php(219): Illuminate/Foundation/Http/Middleware/InvokeDeferredCallbacks->handle(Object(Illuminate/Http/Request), Object(Closure))
#53 C:/laragon/www/APK_POS2/vendor/laravel/framework/src/Illuminate/Http/Middleware/ValidatePathEncoding.php(26): Illuminate/Pipeline/Pipeline->{closure:{closure:Illuminate/Pipeline/Pipeline::carry():194}:195}(Object(Illuminate/Http/Request))
#54 C:/laragon/www/APK_POS2/vendor/laravel/framework/src/Illuminate/Pipeline/Pipeline.php(219): Illuminate/Http/Middleware/ValidatePathEncoding->handle(Object(Illuminate/Http/Request), Object(Closure))
#55 C:/laragon/www/APK_POS2/vendor/laravel/framework/src/Illuminate/Pipeline/Pipeline.php(137): Illuminate/Pipeline/Pipeline->{closure:{closure:Illuminate/Pipeline/Pipeline::carry():194}:195}(Object(Illuminate/Http/Request))
#56 C:/laragon/www/APK_POS2/vendor/laravel/framework/src/Illuminate/Foundation/Http/Kernel.php(175): Illuminate/Pipeline/Pipeline->then(Object(Closure))
#57 C:/laragon/www/APK_POS2/vendor/laravel/framework/src/Illuminate/Foundation/Http/Kernel.php(144): Illuminate/Foundation/Http/Kernel->sendRequestThroughRouter(Object(Illuminate/Http/Request))
#58 C:/laragon/www/APK_POS2/vendor/laravel/framework/src/Illuminate/Foundation/Application.php(1220): Illuminate/Foundation/Http/Kernel->handle(Object(Illuminate/Http/Request))
#59 C:/laragon/www/APK_POS2/public/index.php(20): Illuminate/Foundation/Application->handleRequest(Object(Illuminate/Http/Request))
#60 C:/laragon/www/APK_POS2/vendor/laravel/framework/src/Illuminate/Foundation/resources/server.php(23): require_once('C://laragon//www//...')
#61 {main}

[previous exception] [object] (PDOException(code: 23000): SQLSTATE[23000]: Integrity constraint violation: 1451 Cannot delete or update a parent row: a foreign key constraint fails (`pos_faizzz`.`item_penjualan`, CONSTRAINT `item_penjualan_produk_id_foreign` FOREIGN KEY (`produk_id`) REFERENCES `produk` (`id`)) at C:/laragon/www/APK_POS2/vendor/laravel/framework/src/Illuminate/Database/Connection.php:609)
[stacktrace]
#0 C:/laragon/www/APK_POS2/vendor/laravel/framework/src/Illuminate/Database/Connection.php(609): PDOStatement->execute()
#1 C:/laragon/www/APK_POS2/vendor/laravel/framework/src/Illuminate/Database/Connection.php(827): Illuminate/Database/Connection->{closure:Illuminate/Database/Connection::affectingStatement():597}('delete from `pr...', Array)
#2 C:/laragon/www/APK_POS2/vendor/laravel/framework/src/Illuminate/Database/Connection.php(794): Illuminate/Database/Connection->runQueryCallback('delete from `pr...', Array, Object(Closure))
#3 C:/laragon/www/APK_POS2/vendor/laravel/framework/src/Illuminate/Database/Connection.php(597): Illuminate/Database/Connection->run('delete from `pr...', Array, Object(Closure))
#4 C:/laragon/www/APK_POS2/vendor/laravel/framework/src/Illuminate/Database/Connection.php(561): Illuminate/Database/Connection->affectingStatement('delete from `pr...', Array)
#5 C:/laragon/www/APK_POS2/vendor/laravel/framework/src/Illuminate/Database/Query/Builder.php(4426): Illuminate/Database/Connection->delete('delete from `pr...', Array)
#6 C:/laragon/www/APK_POS2/vendor/laravel/framework/src/Illuminate/Database/Eloquent/Builder.php(1480): Illuminate/Database/Query/Builder->delete()
#7 C:/laragon/www/APK_POS2/vendor/laravel/framework/src/Illuminate/Database/Eloquent/Model.php(1578): Illuminate/Database/Eloquent/Builder->delete()
#8 C:/laragon/www/APK_POS2/vendor/laravel/framework/src/Illuminate/Database/Eloquent/Model.php(1510): Illuminate/Database/Eloquent/Model->performDeleteOnModel()
#9 C:/laragon/www/APK_POS2/app/Http/Controllers/ProdukController.php(109): Illuminate/Database/Eloquent/Model->delete()
#10 C:/laragon/www/APK_POS2/vendor/laravel/framework/src/Illuminate/Routing/ControllerDispatcher.php(46): App/Http/Controllers/ProdukController->destroy(Object(App/Models/Produk))
#11 C:/laragon/www/APK_POS2/vendor/laravel/framework/src/Illuminate/Routing/Route.php(265): Illuminate/Routing/ControllerDispatcher->dispatch(Object(Illuminate/Routing/Route), Object(App/Http/Controllers/ProdukController), 'destroy')
#12 C:/laragon/www/APK_POS2/vendor/laravel/framework/src/Illuminate/Routing/Route.php(211): Illuminate/Routing/Route->runController()
#13 C:/laragon/www/APK_POS2/vendor/laravel/framework/src/Illuminate/Routing/Router.php(822): Illuminate/Routing/Route->run()
#14 C:/laragon/www/APK_POS2/vendor/laravel/framework/src/Illuminate/Pipeline/Pipeline.php(180): Illuminate/Routing/Router->{closure:Illuminate/Routing/Router::runRouteWithinStack():821}(Object(Illuminate/Http/Request))
#15 C:/laragon/www/APK_POS2/app/Http/Middleware/RoleMiddleware.php(27): Illuminate/Pipeline/Pipeline->{closure:Illuminate/Pipeline/Pipeline::prepareDestination():178}(Object(Illuminate/Http/Request))
#16 C:/laragon/www/APK_POS2/vendor/laravel/framework/src/Illuminate/Pipeline/Pipeline.php(219): App/Http/Middleware/RoleMiddleware->handle(Object(Illuminate/Http/Request), Object(Closure), 'admin', 'kasir')
#17 C:/laragon/www/APK_POS2/vendor/laravel/framework/src/Illuminate/Routing/Middleware/SubstituteBindings.php(50): Illuminate/Pipeline/Pipeline->{closure:{closure:Illuminate/Pipeline/Pipeline::carry():194}:195}(Object(Illuminate/Http/Request))
#18 C:/laragon/www/APK_POS2/vendor/laravel/framework/src/Illuminate/Pipeline/Pipeline.php(219): Illuminate/Routing/Middleware/SubstituteBindings->handle(Object(Illuminate/Http/Request), Object(Closure))
#19 C:/laragon/www/APK_POS2/vendor/laravel/framework/src/Illuminate/Auth/Middleware/Authenticate.php(63): Illuminate/Pipeline/Pipeline->{closure:{closure:Illuminate/Pipeline/Pipeline::carry():194}:195}(Object(Illuminate/Http/Request))
#20 C:/laragon/www/APK_POS2/vendor/laravel/framework/src/Illuminate/Pipeline/Pipeline.php(219): Illuminate/Auth/Middleware/Authenticate->handle(Object(Illuminate/Http/Request), Object(Closure))
#21 C:/laragon/www/APK_POS2/vendor/laravel/framework/src/Illuminate/Foundation/Http/Middleware/VerifyCsrfToken.php(87): Illuminate/Pipeline/Pipeline->{closure:{closure:Illuminate/Pipeline/Pipeline::carry():194}:195}(Object(Illuminate/Http/Request))
#22 C:/laragon/www/APK_POS2/vendor/laravel/framework/src/Illuminate/Pipeline/Pipeline.php(219): Illuminate/Foundation/Http/Middleware/VerifyCsrfToken->handle(Object(Illuminate/Http/Request), Object(Closure))
#23 C:/laragon/www/APK_POS2/vendor/laravel/framework/src/Illuminate/View/Middleware/ShareErrorsFromSession.php(48): Illuminate/Pipeline/Pipeline->{closure:{closure:Illuminate/Pipeline/Pipeline::carry():194}:195}(Object(Illuminate/Http/Request))
#24 C:/laragon/www/APK_POS2/vendor/laravel/framework/src/Illuminate/Pipeline/Pipeline.php(219): Illuminate/View/Middleware/ShareErrorsFromSession->handle(Object(Illuminate/Http/Request), Object(Closure))
#25 C:/laragon/www/APK_POS2/vendor/laravel/framework/src/Illuminate/Session/Middleware/StartSession.php(120): Illuminate/Pipeline/Pipeline->{closure:{closure:Illuminate/Pipeline/Pipeline::carry():194}:195}(Object(Illuminate/Http/Request))
#26 C:/laragon/www/APK_POS2/vendor/laravel/framework/src/Illuminate/Session/Middleware/StartSession.php(63): Illuminate/Session/Middleware/StartSession->handleStatefulRequest(Object(Illuminate/Http/Request), Object(Illuminate/Session/Store), Object(Closure))
#27 C:/laragon/www/APK_POS2/vendor/laravel/framework/src/Illuminate/Pipeline/Pipeline.php(219): Illuminate/Session/Middleware/StartSession->handle(Object(Illuminate/Http/Request), Object(Closure))
#28 C:/laragon/www/APK_POS2/vendor/laravel/framework/src/Illuminate/Cookie/Middleware/AddQueuedCookiesToResponse.php(36): Illuminate/Pipeline/Pipeline->{closure:{closure:Illuminate/Pipeline/Pipeline::carry():194}:195}(Object(Illuminate/Http/Request))
#29 C:/laragon/www/APK_POS2/vendor/laravel/framework/src/Illuminate/Pipeline/Pipeline.php(219): Illuminate/Cookie/Middleware/AddQueuedCookiesToResponse->handle(Object(Illuminate/Http/Request), Object(Closure))
#30 C:/laragon/www/APK_POS2/vendor/laravel/framework/src/Illuminate/Cookie/Middleware/EncryptCookies.php(74): Illuminate/Pipeline/Pipeline->{closure:{closure:Illuminate/Pipeline/Pipeline::carry():194}:195}(Object(Illuminate/Http/Request))
#31 C:/laragon/www/APK_POS2/vendor/laravel/framework/src/Illuminate/Pipeline/Pipeline.php(219): Illuminate/Cookie/Middleware/EncryptCookies->handle(Object(Illuminate/Http/Request), Object(Closure))
#32 C:/laragon/www/APK_POS2/vendor/laravel/framework/src/Illuminate/Pipeline/Pipeline.php(137): Illuminate/Pipeline/Pipeline->{closure:{closure:Illuminate/Pipeline/Pipeline::carry():194}:195}(Object(Illuminate/Http/Request))
#33 C:/laragon/www/APK_POS2/vendor/laravel/framework/src/Illuminate/Routing/Router.php(821): Illuminate/Pipeline/Pipeline->then(Object(Closure))
#34 C:/laragon/www/APK_POS2/vendor/laravel/framework/src/Illuminate/Routing/Router.php(800): Illuminate/Routing/Router->runRouteWithinStack(Object(Illuminate/Routing/Route), Object(Illuminate/Http/Request))
#35 C:/laragon/www/APK_POS2/vendor/laravel/framework/src/Illuminate/Routing/Router.php(764): Illuminate/Routing/Router->runRoute(Object(Illuminate/Http/Request), Object(Illuminate/Routing/Route))
#36 C:/laragon/www/APK_POS2/vendor/laravel/framework/src/Illuminate/Routing/Router.php(753): Illuminate/Routing/Router->dispatchToRoute(Object(Illuminate/Http/Request))
#37 C:/laragon/www/APK_POS2/vendor/laravel/framework/src/Illuminate/Foundation/Http/Kernel.php(200): Illuminate/Routing/Router->dispatch(Object(Illuminate/Http/Request))
#38 C:/laragon/www/APK_POS2/vendor/laravel/framework/src/Illuminate/Pipeline/Pipeline.php(180): Illuminate/Foundation/Http/Kernel->{closure:Illuminate/Foundation/Http/Kernel::dispatchToRouter():197}(Object(Illuminate/Http/Request))
#39 C:/laragon/www/APK_POS2/vendor/laravel/framework/src/Illuminate/Foundation/Http/Middleware/TransformsRequest.php(21): Illuminate/Pipeline/Pipeline->{closure:Illuminate/Pipeline/Pipeline::prepareDestination():178}(Object(Illuminate/Http/Request))
#40 C:/laragon/www/APK_POS2/vendor/laravel/framework/src/Illuminate/Foundation/Http/Middleware/ConvertEmptyStringsToNull.php(31): Illuminate/Foundation/Http/Middleware/TransformsRequest->handle(Object(Illuminate/Http/Request), Object(Closure))
#41 C:/laragon/www/APK_POS2/vendor/laravel/framework/src/Illuminate/Pipeline/Pipeline.php(219): Illuminate/Foundation/Http/Middleware/ConvertEmptyStringsToNull->handle(Object(Illuminate/Http/Request), Object(Closure))
#42 C:/laragon/www/APK_POS2/vendor/laravel/framework/src/Illuminate/Foundation/Http/Middleware/TransformsRequest.php(21): Illuminate/Pipeline/Pipeline->{closure:{closure:Illuminate/Pipeline/Pipeline::carry():194}:195}(Object(Illuminate/Http/Request))
#43 C:/laragon/www/APK_POS2/vendor/laravel/framework/src/Illuminate/Foundation/Http/Middleware/TrimStrings.php(51): Illuminate/Foundation/Http/Middleware/TransformsRequest->handle(Object(Illuminate/Http/Request), Object(Closure))
#44 C:/laragon/www/APK_POS2/vendor/laravel/framework/src/Illuminate/Pipeline/Pipeline.php(219): Illuminate/Foundation/Http/Middleware/TrimStrings->handle(Object(Illuminate/Http/Request), Object(Closure))
#45 C:/laragon/www/APK_POS2/vendor/laravel/framework/src/Illuminate/Http/Middleware/ValidatePostSize.php(27): Illuminate/Pipeline/Pipeline->{closure:{closure:Illuminate/Pipeline/Pipeline::carry():194}:195}(Object(Illuminate/Http/Request))
#46 C:/laragon/www/APK_POS2/vendor/laravel/framework/src/Illuminate/Pipeline/Pipeline.php(219): Illuminate/Http/Middleware/ValidatePostSize->handle(Object(Illuminate/Http/Request), Object(Closure))
#47 C:/laragon/www/APK_POS2/vendor/laravel/framework/src/Illuminate/Foundation/Http/Middleware/PreventRequestsDuringMaintenance.php(109): Illuminate/Pipeline/Pipeline->{closure:{closure:Illuminate/Pipeline/Pipeline::carry():194}:195}(Object(Illuminate/Http/Request))
#48 C:/laragon/www/APK_POS2/vendor/laravel/framework/src/Illuminate/Pipeline/Pipeline.php(219): Illuminate/Foundation/Http/Middleware/PreventRequestsDuringMaintenance->handle(Object(Illuminate/Http/Request), Object(Closure))
#49 C:/laragon/www/APK_POS2/vendor/laravel/framework/src/Illuminate/Http/Middleware/HandleCors.php(61): Illuminate/Pipeline/Pipeline->{closure:{closure:Illuminate/Pipeline/Pipeline::carry():194}:195}(Object(Illuminate/Http/Request))
#50 C:/laragon/www/APK_POS2/vendor/laravel/framework/src/Illuminate/Pipeline/Pipeline.php(219): Illuminate/Http/Middleware/HandleCors->handle(Object(Illuminate/Http/Request), Object(Closure))
#51 C:/laragon/www/APK_POS2/vendor/laravel/framework/src/Illuminate/Http/Middleware/TrustProxies.php(58): Illuminate/Pipeline/Pipeline->{closure:{closure:Illuminate/Pipeline/Pipeline::carry():194}:195}(Object(Illuminate/Http/Request))
#52 C:/laragon/www/APK_POS2/vendor/laravel/framework/src/Illuminate/Pipeline/Pipeline.php(219): Illuminate/Http/Middleware/TrustProxies->handle(Object(Illuminate/Http/Request), Object(Closure))
#53 C:/laragon/www/APK_POS2/vendor/laravel/framework/src/Illuminate/Foundation/Http/Middleware/InvokeDeferredCallbacks.php(22): Illuminate/Pipeline/Pipeline->{closure:{closure:Illuminate/Pipeline/Pipeline::carry():194}:195}(Object(Illuminate/Http/Request))
#54 C:/laragon/www/APK_POS2/vendor/laravel/framework/src/Illuminate/Pipeline/Pipeline.php(219): Illuminate/Foundation/Http/Middleware/InvokeDeferredCallbacks->handle(Object(Illuminate/Http/Request), Object(Closure))
#55 C:/laragon/www/APK_POS2/vendor/laravel/framework/src/Illuminate/Http/Middleware/ValidatePathEncoding.php(26): Illuminate/Pipeline/Pipeline->{closure:{closure:Illuminate/Pipeline/Pipeline::carry():194}:195}(Object(Illuminate/Http/Request))
#56 C:/laragon/www/APK_POS2/vendor/laravel/framework/src/Illuminate/Pipeline/Pipeline.php(219): Illuminate/Http/Middleware/ValidatePathEncoding->handle(Object(Illuminate/Http/Request), Object(Closure))
#57 C:/laragon/www/APK_POS2/vendor/laravel/framework/src/Illuminate/Pipeline/Pipeline.php(137): Illuminate/Pipeline/Pipeline->{closure:{closure:Illuminate/Pipeline/Pipeline::carry():194}:195}(Object(Illuminate/Http/Request))
#58 C:/laragon/www/APK_POS2/vendor/laravel/framework/src/Illuminate/Foundation/Http/Kernel.php(175): Illuminate/Pipeline/Pipeline->then(Object(Closure))
#59 C:/laragon/www/APK_POS2/vendor/laravel/framework/src/Illuminate/Foundation/Http/Kernel.php(144): Illuminate/Foundation/Http/Kernel->sendRequestThroughRouter(Object(Illuminate/Http/Request))
#60 C:/laragon/www/APK_POS2/vendor/laravel/framework/src/Illuminate/Foundation/Application.php(1220): Illuminate/Foundation/Http/Kernel->handle(Object(Illuminate/Http/Request))
#61 C:/laragon/www/APK_POS2/public/index.php(20): Illuminate/Foundation/Application->handleRequest(Object(Illuminate/Http/Request))
#62 C:/laragon/www/APK_POS2/vendor/laravel/framework/src/Illuminate/Foundation/resources/server.php(23): require_once('C://laragon//www//...')
#63 {main}
"} 
[2026-08-06 06:50:24] local.ERROR: SQLSTATE[42S02]: Base table or view not found: 1146 Table 'pos_faizzz.sessions' doesn't exist (Connection: mysql, Host: 127.0.0.1, Port: 3306, Database: pos_faizzz, SQL: select * from `sessions` where `id` = zH1LvnKDAz9rw0qQ2AWoxupnQy4DcbAZiC4iWICF limit 1) {"exception":"[object] (Illuminate\\Database\\QueryException(code: 42S02): SQLSTATE[42S02]: Base table or view not found: 1146 Table 'pos_faizzz.sessions' doesn't exist (Connection: mysql, Host: 127.0.0.1, Port: 3306, Database: pos_faizzz, SQL: select * from `sessions` where `id` = zH1LvnKDAz9rw0qQ2AWoxupnQy4DcbAZiC4iWICF limit 1) at C:/laragon/www/APK_POS2/vendor/laravel/framework/src/Illuminate/Database/Connection.php:838)
[stacktrace]
#0 C:/laragon/www/APK_POS2/vendor/laravel/framework/src/Illuminate/Database/Connection.php(794): Illuminate/Database/Connection->runQueryCallback('select * from `...', Array, Object(Closure))
#1 C:/laragon/www/APK_POS2/vendor/laravel/framework/src/Illuminate/Database/Connection.php(411): Illuminate/Database/Connection->run('select * from `...', Array, Object(Closure))
#2 C:/laragon/www/APK_POS2/vendor/laravel/framework/src/Illuminate/Database/Query/Builder.php(3505): Illuminate/Database/Connection->select('select * from `...', Array, false)
#3 C:/laragon/www/APK_POS2/vendor/laravel/framework/src/Illuminate/Database/Query/Builder.php(3490): Illuminate/Database/Query/Builder->runSelect()
#4 C:/laragon/www/APK_POS2/vendor/laravel/framework/src/Illuminate/Database/Query/Builder.php(4080): Illuminate/Database/Query/Builder->{closure:Illuminate/Database/Query/Builder::get():3489}()
#5 C:/laragon/www/APK_POS2/vendor/laravel/framework/src/Illuminate/Database/Query/Builder.php(3489): Illuminate/Database/Query/Builder->onceWithColumns(Array, Object(Closure))
#6 C:/laragon/www/APK_POS2/vendor/laravel/framework/src/Illuminate/Database/Concerns/BuildsQueries.php(366): Illuminate/Database/Query/Builder->get(Array)
#7 C:/laragon/www/APK_POS2/vendor/laravel/framework/src/Illuminate/Database/Query/Builder.php(3412): Illuminate/Database/Query/Builder->first(Array)
#8 C:/laragon/www/APK_POS2/vendor/laravel/framework/src/Illuminate/Session/DatabaseSessionHandler.php(96): Illuminate/Database/Query/Builder->find('zH1LvnKDAz9rw0q...')
#9 C:/laragon/www/APK_POS2/vendor/laravel/framework/src/Illuminate/Session/Store.php(128): Illuminate/Session/DatabaseSessionHandler->read('zH1LvnKDAz9rw0q...')
#10 C:/laragon/www/APK_POS2/vendor/laravel/framework/src/Illuminate/Session/Store.php(116): Illuminate/Session/Store->readFromHandler()
#11 C:/laragon/www/APK_POS2/vendor/laravel/framework/src/Illuminate/Session/Store.php(100): Illuminate/Session/Store->loadSession()
#12 C:/laragon/www/APK_POS2/vendor/laravel/framework/src/Illuminate/Session/Middleware/StartSession.php(146): Illuminate/Session/Store->start()
#13 C:/laragon/www/APK_POS2/vendor/laravel/framework/src/Illuminate/Support/helpers.php(393): Illuminate/Session/Middleware/StartSession->{closure:Illuminate/Session/Middleware/StartSession::startSession():143}(Object(Illuminate/Session/Store))
#14 C:/laragon/www/APK_POS2/vendor/laravel/framework/src/Illuminate/Session/Middleware/StartSession.php(143): tap(Object(Illuminate/Session/Store), Object(Closure))
#15 C:/laragon/www/APK_POS2/vendor/laravel/framework/src/Illuminate/Session/Middleware/StartSession.php(115): Illuminate/Session/Middleware/StartSession->startSession(Object(Illuminate/Http/Request), Object(Illuminate/Session/Store))
#16 C:/laragon/www/APK_POS2/vendor/laravel/framework/src/Illuminate/Session/Middleware/StartSession.php(63): Illuminate/Session/Middleware/StartSession->handleStatefulRequest(Object(Illuminate/Http/Request), Object(Illuminate/Session/Store), Object(Closure))
#17 C:/laragon/www/APK_POS2/vendor/laravel/framework/src/Illuminate/Pipeline/Pipeline.php(219): Illuminate/Session/Middleware/StartSession->handle(Object(Illuminate/Http/Request), Object(Closure))
#18 C:/laragon/www/APK_POS2/vendor/laravel/framework/src/Illuminate/Cookie/Middleware/AddQueuedCookiesToResponse.php(36): Illuminate/Pipeline/Pipeline->{closure:{closure:Illuminate/Pipeline/Pipeline::carry():194}:195}(Object(Illuminate/Http/Request))
#19 C:/laragon/www/APK_POS2/vendor/laravel/framework/src/Illuminate/Pipeline/Pipeline.php(219): Illuminate/Cookie/Middleware/AddQueuedCookiesToResponse->handle(Object(Illuminate/Http/Request), Object(Closure))
#20 C:/laragon/www/APK_POS2/vendor/laravel/framework/src/Illuminate/Cookie/Middleware/EncryptCookies.php(74): Illuminate/Pipeline/Pipeline->{closure:{closure:Illuminate/Pipeline/Pipeline::carry():194}:195}(Object(Illuminate/Http/Request))
#21 C:/laragon/www/APK_POS2/vendor/laravel/framework/src/Illuminate/Pipeline/Pipeline.php(219): Illuminate/Cookie/Middleware/EncryptCookies->handle(Object(Illuminate/Http/Request), Object(Closure))
#22 C:/laragon/www/APK_POS2/vendor/laravel/framework/src/Illuminate/Pipeline/Pipeline.php(137): Illuminate/Pipeline/Pipeline->{closure:{closure:Illuminate/Pipeline/Pipeline::carry():194}:195}(Object(Illuminate/Http/Request))
#23 C:/laragon/www/APK_POS2/vendor/laravel/framework/src/Illuminate/Routing/Router.php(821): Illuminate/Pipeline/Pipeline->then(Object(Closure))
#24 C:/laragon/www/APK_POS2/vendor/laravel/framework/src/Illuminate/Routing/Router.php(800): Illuminate/Routing/Router->runRouteWithinStack(Object(Illuminate/Routing/Route), Object(Illuminate/Http/Request))
#25 C:/laragon/www/APK_POS2/vendor/laravel/framework/src/Illuminate/Routing/Router.php(764): Illuminate/Routing/Router->runRoute(Object(Illuminate/Http/Request), Object(Illuminate/Routing/Route))
#26 C:/laragon/www/APK_POS2/vendor/laravel/framework/src/Illuminate/Routing/Router.php(753): Illuminate/Routing/Router->dispatchToRoute(Object(Illuminate/Http/Request))
#27 C:/laragon/www/APK_POS2/vendor/laravel/framework/src/Illuminate/Foundation/Http/Kernel.php(200): Illuminate/Routing/Router->dispatch(Object(Illuminate/Http/Request))
#28 C:/laragon/www/APK_POS2/vendor/laravel/framework/src/Illuminate/Pipeline/Pipeline.php(180): Illuminate/Foundation/Http/Kernel->{closure:Illuminate/Foundation/Http/Kernel::dispatchToRouter():197}(Object(Illuminate/Http/Request))
#29 C:/laragon/www/APK_POS2/vendor/laravel/framework/src/Illuminate/Foundation/Http/Middleware/TransformsRequest.php(21): Illuminate/Pipeline/Pipeline->{closure:Illuminate/Pipeline/Pipeline::prepareDestination():178}(Object(Illuminate/Http/Request))
#30 C:/laragon/www/APK_POS2/vendor/laravel/framework/src/Illuminate/Foundation/Http/Middleware/ConvertEmptyStringsToNull.php(31): Illuminate/Foundation/Http/Middleware/TransformsRequest->handle(Object(Illuminate/Http/Request), Object(Closure))
#31 C:/laragon/www/APK_POS2/vendor/laravel/framework/src/Illuminate/Pipeline/Pipeline.php(219): Illuminate/Foundation/Http/Middleware/ConvertEmptyStringsToNull->handle(Object(Illuminate/Http/Request), Object(Closure))
#32 C:/laragon/www/APK_POS2/vendor/laravel/framework/src/Illuminate/Foundation/Http/Middleware/TransformsRequest.php(21): Illuminate/Pipeline/Pipeline->{closure:{closure:Illuminate/Pipeline/Pipeline::carry():194}:195}(Object(Illuminate/Http/Request))
#33 C:/laragon/www/APK_POS2/vendor/laravel/framework/src/Illuminate/Foundation/Http/Middleware/TrimStrings.php(51): Illuminate/Foundation/Http/Middleware/TransformsRequest->handle(Object(Illuminate/Http/Request), Object(Closure))
#34 C:/laragon/www/APK_POS2/vendor/laravel/framework/src/Illuminate/Pipeline/Pipeline.php(219): Illuminate/Foundation/Http/Middleware/TrimStrings->handle(Object(Illuminate/Http/Request), Object(Closure))
#35 C:/laragon/www/APK_POS2/vendor/laravel/framework/src/Illuminate/Http/Middleware/ValidatePostSize.php(27): Illuminate/Pipeline/Pipeline->{closure:{closure:Illuminate/Pipeline/Pipeline::carry():194}:195}(Object(Illuminate/Http/Request))
#36 C:/laragon/www/APK_POS2/vendor/laravel/framework/src/Illuminate/Pipeline/Pipeline.php(219): Illuminate/Http/Middleware/ValidatePostSize->handle(Object(Illuminate/Http/Request), Object(Closure))
#37 C:/laragon/www/APK_POS2/vendor/laravel/framework/src/Illuminate/Foundation/Http/Middleware/PreventRequestsDuringMaintenance.php(109): Illuminate/Pipeline/Pipeline->{closure:{closure:Illuminate/Pipeline/Pipeline::carry():194}:195}(Object(Illuminate/Http/Request))
#38 C:/laragon/www/APK_POS2/vendor/laravel/framework/src/Illuminate/Pipeline/Pipeline.php(219): Illuminate/Foundation/Http/Middleware/PreventRequestsDuringMaintenance->handle(Object(Illuminate/Http/Request), Object(Closure))
#39 C:/laragon/www/APK_POS2/vendor/laravel/framework/src/Illuminate/Http/Middleware/HandleCors.php(61): Illuminate/Pipeline/Pipeline->{closure:{closure:Illuminate/Pipeline/Pipeline::carry():194}:195}(Object(Illuminate/Http/Request))
#40 C:/laragon/www/APK_POS2/vendor/laravel/framework/src/Illuminate/Pipeline/Pipeline.php(219): Illuminate/Http/Middleware/HandleCors->handle(Object(Illuminate/Http/Request), Object(Closure))
#41 C:/laragon/www/APK_POS2/vendor/laravel/framework/src/Illuminate/Http/Middleware/TrustProxies.php(58): Illuminate/Pipeline/Pipeline->{closure:{closure:Illuminate/Pipeline/Pipeline::carry():194}:195}(Object(Illuminate/Http/Request))
#42 C:/laragon/www/APK_POS2/vendor/laravel/framework/src/Illuminate/Pipeline/Pipeline.php(219): Illuminate/Http/Middleware/TrustProxies->handle(Object(Illuminate/Http/Request), Object(Closure))
#43 C:/laragon/www/APK_POS2/vendor/laravel/framework/src/Illuminate/Foundation/Http/Middleware/InvokeDeferredCallbacks.php(22): Illuminate/Pipeline/Pipeline->{closure:{closure:Illuminate/Pipeline/Pipeline::carry():194}:195}(Object(Illuminate/Http/Request))
#44 C:/laragon/www/APK_POS2/vendor/laravel/framework/src/Illuminate/Pipeline/Pipeline.php(219): Illuminate/Foundation/Http/Middleware/InvokeDeferredCallbacks->handle(Object(Illuminate/Http/Request), Object(Closure))
#45 C:/laragon/www/APK_POS2/vendor/laravel/framework/src/Illuminate/Http/Middleware/ValidatePathEncoding.php(26): Illuminate/Pipeline/Pipeline->{closure:{closure:Illuminate/Pipeline/Pipeline::carry():194}:195}(Object(Illuminate/Http/Request))
#46 C:/laragon/www/APK_POS2/vendor/laravel/framework/src/Illuminate/Pipeline/Pipeline.php(219): Illuminate/Http/Middleware/ValidatePathEncoding->handle(Object(Illuminate/Http/Request), Object(Closure))
#47 C:/laragon/www/APK_POS2/vendor/laravel/framework/src/Illuminate/Pipeline/Pipeline.php(137): Illuminate/Pipeline/Pipeline->{closure:{closure:Illuminate/Pipeline/Pipeline::carry():194}:195}(Object(Illuminate/Http/Request))
#48 C:/laragon/www/APK_POS2/vendor/laravel/framework/src/Illuminate/Foundation/Http/Kernel.php(175): Illuminate/Pipeline/Pipeline->then(Object(Closure))
#49 C:/laragon/www/APK_POS2/vendor/laravel/framework/src/Illuminate/Foundation/Http/Kernel.php(144): Illuminate/Foundation/Http/Kernel->sendRequestThroughRouter(Object(Illuminate/Http/Request))
#50 C:/laragon/www/APK_POS2/vendor/laravel/framework/src/Illuminate/Foundation/Application.php(1220): Illuminate/Foundation/Http/Kernel->handle(Object(Illuminate/Http/Request))
#51 C:/laragon/www/APK_POS2/public/index.php(20): Illuminate/Foundation/Application->handleRequest(Object(Illuminate/Http/Request))
#52 C:/laragon/www/APK_POS2/vendor/laravel/framework/src/Illuminate/Foundation/resources/server.php(23): require_once('C://laragon//www//...')
#53 {main}

[previous exception] [object] (PDOException(code: 42S02): SQLSTATE[42S02]: Base table or view not found: 1146 Table 'pos_faizzz.sessions' doesn't exist at C:/laragon/www/APK_POS2/vendor/laravel/framework/src/Illuminate/Database/Connection.php:420)
[stacktrace]
#0 C:/laragon/www/APK_POS2/vendor/laravel/framework/src/Illuminate/Database/Connection.php(420): PDO->prepare('select * from `...')
#1 C:/laragon/www/APK_POS2/vendor/laravel/framework/src/Illuminate/Database/Connection.php(827): Illuminate/Database/Connection->{closure:Illuminate/Database/Connection::select():411}('select * from `...', Array)
#2 C:/laragon/www/APK_POS2/vendor/laravel/framework/src/Illuminate/Database/Connection.php(794): Illuminate/Database/Connection->runQueryCallback('select * from `...', Array, Object(Closure))
#3 C:/laragon/www/APK_POS2/vendor/laravel/framework/src/Illuminate/Database/Connection.php(411): Illuminate/Database/Connection->run('select * from `...', Array, Object(Closure))
#4 C:/laragon/www/APK_POS2/vendor/laravel/framework/src/Illuminate/Database/Query/Builder.php(3505): Illuminate/Database/Connection->select('select * from `...', Array, false)
#5 C:/laragon/www/APK_POS2/vendor/laravel/framework/src/Illuminate/Database/Query/Builder.php(3490): Illuminate/Database/Query/Builder->runSelect()
#6 C:/laragon/www/APK_POS2/vendor/laravel/framework/src/Illuminate/Database/Query/Builder.php(4080): Illuminate/Database/Query/Builder->{closure:Illuminate/Database/Query/Builder::get():3489}()
#7 C:/laragon/www/APK_POS2/vendor/laravel/framework/src/Illuminate/Database/Query/Builder.php(3489): Illuminate/Database/Query/Builder->onceWithColumns(Array, Object(Closure))
#8 C:/laragon/www/APK_POS2/vendor/laravel/framework/src/Illuminate/Database/Concerns/BuildsQueries.php(366): Illuminate/Database/Query/Builder->get(Array)
#9 C:/laragon/www/APK_POS2/vendor/laravel/framework/src/Illuminate/Database/Query/Builder.php(3412): Illuminate/Database/Query/Builder->first(Array)
#10 C:/laragon/www/APK_POS2/vendor/laravel/framework/src/Illuminate/Session/DatabaseSessionHandler.php(96): Illuminate/Database/Query/Builder->find('zH1LvnKDAz9rw0q...')
#11 C:/laragon/www/APK_POS2/vendor/laravel/framework/src/Illuminate/Session/Store.php(128): Illuminate/Session/DatabaseSessionHandler->read('zH1LvnKDAz9rw0q...')
#12 C:/laragon/www/APK_POS2/vendor/laravel/framework/src/Illuminate/Session/Store.php(116): Illuminate/Session/Store->readFromHandler()
#13 C:/laragon/www/APK_POS2/vendor/laravel/framework/src/Illuminate/Session/Store.php(100): Illuminate/Session/Store->loadSession()
#14 C:/laragon/www/APK_POS2/vendor/laravel/framework/src/Illuminate/Session/Middleware/StartSession.php(146): Illuminate/Session/Store->start()
#15 C:/laragon/www/APK_POS2/vendor/laravel/framework/src/Illuminate/Support/helpers.php(393): Illuminate/Session/Middleware/StartSession->{closure:Illuminate/Session/Middleware/StartSession::startSession():143}(Object(Illuminate/Session/Store))
#16 C:/laragon/www/APK_POS2/vendor/laravel/framework/src/Illuminate/Session/Middleware/StartSession.php(143): tap(Object(Illuminate/Session/Store), Object(Closure))
#17 C:/laragon/www/APK_POS2/vendor/laravel/framework/src/Illuminate/Session/Middleware/StartSession.php(115): Illuminate/Session/Middleware/StartSession->startSession(Object(Illuminate/Http/Request), Object(Illuminate/Session/Store))
#18 C:/laragon/www/APK_POS2/vendor/laravel/framework/src/Illuminate/Session/Middleware/StartSession.php(63): Illuminate/Session/Middleware/StartSession->handleStatefulRequest(Object(Illuminate/Http/Request), Object(Illuminate/Session/Store), Object(Closure))
#19 C:/laragon/www/APK_POS2/vendor/laravel/framework/src/Illuminate/Pipeline/Pipeline.php(219): Illuminate/Session/Middleware/StartSession->handle(Object(Illuminate/Http/Request), Object(Closure))
#20 C:/laragon/www/APK_POS2/vendor/laravel/framework/src/Illuminate/Cookie/Middleware/AddQueuedCookiesToResponse.php(36): Illuminate/Pipeline/Pipeline->{closure:{closure:Illuminate/Pipeline/Pipeline::carry():194}:195}(Object(Illuminate/Http/Request))
#21 C:/laragon/www/APK_POS2/vendor/laravel/framework/src/Illuminate/Pipeline/Pipeline.php(219): Illuminate/Cookie/Middleware/AddQueuedCookiesToResponse->handle(Object(Illuminate/Http/Request), Object(Closure))
#22 C:/laragon/www/APK_POS2/vendor/laravel/framework/src/Illuminate/Cookie/Middleware/EncryptCookies.php(74): Illuminate/Pipeline/Pipeline->{closure:{closure:Illuminate/Pipeline/Pipeline::carry():194}:195}(Object(Illuminate/Http/Request))
#23 C:/laragon/www/APK_POS2/vendor/laravel/framework/src/Illuminate/Pipeline/Pipeline.php(219): Illuminate/Cookie/Middleware/EncryptCookies->handle(Object(Illuminate/Http/Request), Object(Closure))
#24 C:/laragon/www/APK_POS2/vendor/laravel/framework/src/Illuminate/Pipeline/Pipeline.php(137): Illuminate/Pipeline/Pipeline->{closure:{closure:Illuminate/Pipeline/Pipeline::carry():194}:195}(Object(Illuminate/Http/Request))
#25 C:/laragon/www/APK_POS2/vendor/laravel/framework/src/Illuminate/Routing/Router.php(821): Illuminate/Pipeline/Pipeline->then(Object(Closure))
#26 C:/laragon/www/APK_POS2/vendor/laravel/framework/src/Illuminate/Routing/Router.php(800): Illuminate/Routing/Router->runRouteWithinStack(Object(Illuminate/Routing/Route), Object(Illuminate/Http/Request))
#27 C:/laragon/www/APK_POS2/vendor/laravel/framework/src/Illuminate/Routing/Router.php(764): Illuminate/Routing/Router->runRoute(Object(Illuminate/Http/Request), Object(Illuminate/Routing/Route))
#28 C:/laragon/www/APK_POS2/vendor/laravel/framework/src/Illuminate/Routing/Router.php(753): Illuminate/Routing/Router->dispatchToRoute(Object(Illuminate/Http/Request))
#29 C:/laragon/www/APK_POS2/vendor/laravel/framework/src/Illuminate/Foundation/Http/Kernel.php(200): Illuminate/Routing/Router->dispatch(Object(Illuminate/Http/Request))
#30 C:/laragon/www/APK_POS2/vendor/laravel/framework/src/Illuminate/Pipeline/Pipeline.php(180): Illuminate/Foundation/Http/Kernel->{closure:Illuminate/Foundation/Http/Kernel::dispatchToRouter():197}(Object(Illuminate/Http/Request))
#31 C:/laragon/www/APK_POS2/vendor/laravel/framework/src/Illuminate/Foundation/Http/Middleware/TransformsRequest.php(21): Illuminate/Pipeline/Pipeline->{closure:Illuminate/Pipeline/Pipeline::prepareDestination():178}(Object(Illuminate/Http/Request))
#32 C:/laragon/www/APK_POS2/vendor/laravel/framework/src/Illuminate/Foundation/Http/Middleware/ConvertEmptyStringsToNull.php(31): Illuminate/Foundation/Http/Middleware/TransformsRequest->handle(Object(Illuminate/Http/Request), Object(Closure))
#33 C:/laragon/www/APK_POS2/vendor/laravel/framework/src/Illuminate/Pipeline/Pipeline.php(219): Illuminate/Foundation/Http/Middleware/ConvertEmptyStringsToNull->handle(Object(Illuminate/Http/Request), Object(Closure))
#34 C:/laragon/www/APK_POS2/vendor/laravel/framework/src/Illuminate/Foundation/Http/Middleware/TransformsRequest.php(21): Illuminate/Pipeline/Pipeline->{closure:{closure:Illuminate/Pipeline/Pipeline::carry():194}:195}(Object(Illuminate/Http/Request))
#35 C:/laragon/www/APK_POS2/vendor/laravel/framework/src/Illuminate/Foundation/Http/Middleware/TrimStrings.php(51): Illuminate/Foundation/Http/Middleware/TransformsRequest->handle(Object(Illuminate/Http/Request), Object(Closure))
#36 C:/laragon/www/APK_POS2/vendor/laravel/framework/src/Illuminate/Pipeline/Pipeline.php(219): Illuminate/Foundation/Http/Middleware/TrimStrings->handle(Object(Illuminate/Http/Request), Object(Closure))
#37 C:/laragon/www/APK_POS2/vendor/laravel/framework/src/Illuminate/Http/Middleware/ValidatePostSize.php(27): Illuminate/Pipeline/Pipeline->{closure:{closure:Illuminate/Pipeline/Pipeline::carry():194}:195}(Object(Illuminate/Http/Request))
#38 C:/laragon/www/APK_POS2/vendor/laravel/framework/src/Illuminate/Pipeline/Pipeline.php(219): Illuminate/Http/Middleware/ValidatePostSize->handle(Object(Illuminate/Http/Request), Object(Closure))
#39 C:/laragon/www/APK_POS2/vendor/laravel/framework/src/Illuminate/Foundation/Http/Middleware/PreventRequestsDuringMaintenance.php(109): Illuminate/Pipeline/Pipeline->{closure:{closure:Illuminate/Pipeline/Pipeline::carry():194}:195}(Object(Illuminate/Http/Request))
#40 C:/laragon/www/APK_POS2/vendor/laravel/framework/src/Illuminate/Pipeline/Pipeline.php(219): Illuminate/Foundation/Http/Middleware/PreventRequestsDuringMaintenance->handle(Object(Illuminate/Http/Request), Object(Closure))
#41 C:/laragon/www/APK_POS2/vendor/laravel/framework/src/Illuminate/Http/Middleware/HandleCors.php(61): Illuminate/Pipeline/Pipeline->{closure:{closure:Illuminate/Pipeline/Pipeline::carry():194}:195}(Object(Illuminate/Http/Request))
#42 C:/laragon/www/APK_POS2/vendor/laravel/framework/src/Illuminate/Pipeline/Pipeline.php(219): Illuminate/Http/Middleware/HandleCors->handle(Object(Illuminate/Http/Request), Object(Closure))
#43 C:/laragon/www/APK_POS2/vendor/laravel/framework/src/Illuminate/Http/Middleware/TrustProxies.php(58): Illuminate/Pipeline/Pipeline->{closure:{closure:Illuminate/Pipeline/Pipeline::carry():194}:195}(Object(Illuminate/Http/Request))
#44 C:/laragon/www/APK_POS2/vendor/laravel/framework/src/Illuminate/Pipeline/Pipeline.php(219): Illuminate/Http/Middleware/TrustProxies->handle(Object(Illuminate/Http/Request), Object(Closure))
#45 C:/laragon/www/APK_POS2/vendor/laravel/framework/src/Illuminate/Foundation/Http/Middleware/InvokeDeferredCallbacks.php(22): Illuminate/Pipeline/Pipeline->{closure:{closure:Illuminate/Pipeline/Pipeline::carry():194}:195}(Object(Illuminate/Http/Request))
#46 C:/laragon/www/APK_POS2/vendor/laravel/framework/src/Illuminate/Pipeline/Pipeline.php(219): Illuminate/Foundation/Http/Middleware/InvokeDeferredCallbacks->handle(Object(Illuminate/Http/Request), Object(Closure))
#47 C:/laragon/www/APK_POS2/vendor/laravel/framework/src/Illuminate/Http/Middleware/ValidatePathEncoding.php(26): Illuminate/Pipeline/Pipeline->{closure:{closure:Illuminate/Pipeline/Pipeline::carry():194}:195}(Object(Illuminate/Http/Request))
#48 C:/laragon/www/APK_POS2/vendor/laravel/framework/src/Illuminate/Pipeline/Pipeline.php(219): Illuminate/Http/Middleware/ValidatePathEncoding->handle(Object(Illuminate/Http/Request), Object(Closure))
#49 C:/laragon/www/APK_POS2/vendor/laravel/framework/src/Illuminate/Pipeline/Pipeline.php(137): Illuminate/Pipeline/Pipeline->{closure:{closure:Illuminate/Pipeline/Pipeline::carry():194}:195}(Object(Illuminate/Http/Request))
#50 C:/laragon/www/APK_POS2/vendor/laravel/framework/src/Illuminate/Foundation/Http/Kernel.php(175): Illuminate/Pipeline/Pipeline->then(Object(Closure))
#51 C:/laragon/www/APK_POS2/vendor/laravel/framework/src/Illuminate/Foundation/Http/Kernel.php(144): Illuminate/Foundation/Http/Kernel->sendRequestThroughRouter(Object(Illuminate/Http/Request))
#52 C:/laragon/www/APK_POS2/vendor/laravel/framework/src/Illuminate/Foundation/Application.php(1220): Illuminate/Foundation/Http/Kernel->handle(Object(Illuminate/Http/Request))
#53 C:/laragon/www/APK_POS2/public/index.php(20): Illuminate/Foundation/Application->handleRequest(Object(Illuminate/Http/Request))
#54 C:/laragon/www/APK_POS2/vendor/laravel/framework/src/Illuminate/Foundation/resources/server.php(23): require_once('C://laragon//www//...')
#55 {main}
"} 
[2026-08-06 06:51:58] local.ERROR: SQLSTATE[23000]: Integrity constraint violation: 1452 Cannot add or update a child row: a foreign key constraint fails (`pos_faizzz`.`users`, CONSTRAINT `users_role_id_foreign` FOREIGN KEY (`role_id`) REFERENCES `roles` (`id`)) (Connection: mysql, Host: 127.0.0.1, Port: 3306, Database: pos_faizzz, SQL: insert into `users` (`name`, `email`, `email_verified_at`, `password`, `remember_token`, `role_id`, `updated_at`, `created_at`) values (fauzan, fauzan@gmail.com, 2026-08-06 06:51:58, $2y$12$Yw4cAU0ZoxNXhEngBttliO8CN1V/YEa7Rtmy1RVoRYgsGpCiiKvii, e51bXNWnen, 1, 2026-08-06 06:51:58, 2026-08-06 06:51:58)) {"exception":"[object] (Illuminate\\Database\\QueryException(code: 23000): SQLSTATE[23000]: Integrity constraint violation: 1452 Cannot add or update a child row: a foreign key constraint fails (`pos_faizzz`.`users`, CONSTRAINT `users_role_id_foreign` FOREIGN KEY (`role_id`) REFERENCES `roles` (`id`)) (Connection: mysql, Host: 127.0.0.1, Port: 3306, Database: pos_faizzz, SQL: insert into `users` (`name`, `email`, `email_verified_at`, `password`, `remember_token`, `role_id`, `updated_at`, `created_at`) values (fauzan, fauzan@gmail.com, 2026-08-06 06:51:58, $2y$12$Yw4cAU0ZoxNXhEngBttliO8CN1V/YEa7Rtmy1RVoRYgsGpCiiKvii, e51bXNWnen, 1, 2026-08-06 06:51:58, 2026-08-06 06:51:58)) at C:/laragon/www/APK_POS2/vendor/laravel/framework/src/Illuminate/Database/Connection.php:838)
[stacktrace]
#0 C:/laragon/www/APK_POS2/vendor/laravel/framework/src/Illuminate/Database/Connection.php(794): Illuminate/Database/Connection->runQueryCallback('insert into `us...', Array, Object(Closure))
#1 C:/laragon/www/APK_POS2/vendor/laravel/framework/src/Illuminate/Database/MySqlConnection.php(42): Illuminate/Database/Connection->run('insert into `us...', Array, Object(Closure))
#2 C:/laragon/www/APK_POS2/vendor/laravel/framework/src/Illuminate/Database/Query/Processors/MySqlProcessor.php(35): Illuminate/Database/MySqlConnection->insert('insert into `us...', Array, 'id')
#3 C:/laragon/www/APK_POS2/vendor/laravel/framework/src/Illuminate/Database/Query/Builder.php(4170): Illuminate/Database/Query/Processors/MySqlProcessor->processInsertGetId(Object(Illuminate/Database/Query/Builder), 'insert into `us...', Array, 'id')
#4 C:/laragon/www/APK_POS2/vendor/laravel/framework/src/Illuminate/Database/Eloquent/Builder.php(2237): Illuminate/Database/Query/Builder->insertGetId(Array, 'id')
#5 C:/laragon/www/APK_POS2/vendor/laravel/framework/src/Illuminate/Database/Eloquent/Model.php(1436): Illuminate/Database/Eloquent/Builder->__call('insertGetId', Array)
#6 C:/laragon/www/APK_POS2/vendor/laravel/framework/src/Illuminate/Database/Eloquent/Model.php(1401): Illuminate/Database/Eloquent/Model->insertAndSetId(Object(Illuminate/Database/Eloquent/Builder), Array)
#7 C:/laragon/www/APK_POS2/vendor/laravel/framework/src/Illuminate/Database/Eloquent/Model.php(1240): Illuminate/Database/Eloquent/Model->performInsert(Object(Illuminate/Database/Eloquent/Builder))
#8 C:/laragon/www/APK_POS2/vendor/laravel/framework/src/Illuminate/Database/Eloquent/Factories/Factory.php(370): Illuminate/Database/Eloquent/Model->save()
#9 C:/laragon/www/APK_POS2/vendor/laravel/framework/src/Illuminate/Collections/Traits/EnumeratesValues.php(275): Illuminate/Database/Eloquent/Factories/Factory->{closure:Illuminate/Database/Eloquent/Factories/Factory::store():365}(Object(App/Models/User), 0)
#10 C:/laragon/www/APK_POS2/vendor/laravel/framework/src/Illuminate/Database/Eloquent/Factories/Factory.php(365): Illuminate/Support/Collection->each(Object(Closure))
#11 C:/laragon/www/APK_POS2/vendor/laravel/framework/src/Illuminate/Database/Eloquent/Factories/Factory.php(321): Illuminate/Database/Eloquent/Factories/Factory->store(Object(Illuminate/Support/Collection))
#12 C:/laragon/www/APK_POS2/vendor/laravel/framework/src/Illuminate/Database/Eloquent/Factories/Factory.php(315): Illuminate/Database/Eloquent/Factories/Factory->create(Array, NULL)
#13 C:/laragon/www/APK_POS2/database/seeders/UserSeeder.php(16): Illuminate/Database/Eloquent/Factories/Factory->create(Array)
#14 C:/laragon/www/APK_POS2/vendor/laravel/framework/src/Illuminate/Container/BoundMethod.php(36): Database/Seeders/UserSeeder->run()
#15 C:/laragon/www/APK_POS2/vendor/laravel/framework/src/Illuminate/Container/Util.php(43): Illuminate/Container/BoundMethod::{closure:Illuminate/Container/BoundMethod::call():35}()
#16 C:/laragon/www/APK_POS2/vendor/laravel/framework/src/Illuminate/Container/BoundMethod.php(96): Illuminate/Container/Util::unwrapIfClosure(Object(Closure))
#17 C:/laragon/www/APK_POS2/vendor/laravel/framework/src/Illuminate/Container/BoundMethod.php(35): Illuminate/Container/BoundMethod::callBoundMethod(Object(Illuminate/Foundation/Application), Array, Object(Closure))
#18 C:/laragon/www/APK_POS2/vendor/laravel/framework/src/Illuminate/Container/Container.php(799): Illuminate/Container/BoundMethod::call(Object(Illuminate/Foundation/Application), Array, Array, NULL)
#19 C:/laragon/www/APK_POS2/vendor/laravel/framework/src/Illuminate/Database/Seeder.php(184): Illuminate/Container/Container->call(Array, Array)
#20 C:/laragon/www/APK_POS2/vendor/laravel/framework/src/Illuminate/Database/Seeder.php(193): Illuminate/Database/Seeder->{closure:Illuminate/Database/Seeder::__invoke():183}()
#21 C:/laragon/www/APK_POS2/vendor/laravel/framework/src/Illuminate/Database/Console/Seeds/SeedCommand.php(71): Illuminate/Database/Seeder->__invoke()
#22 C:/laragon/www/APK_POS2/vendor/laravel/framework/src/Illuminate/Database/Eloquent/Concerns/GuardsAttributes.php(157): Illuminate/Database/Console/Seeds/SeedCommand->{closure:Illuminate/Database/Console/Seeds/SeedCommand::handle():70}()
#23 C:/laragon/www/APK_POS2/vendor/laravel/framework/src/Illuminate/Database/Console/Seeds/SeedCommand.php(70): Illuminate/Database/Eloquent/Model::unguarded(Object(Closure))
#24 C:/laragon/www/APK_POS2/vendor/laravel/framework/src/Illuminate/Container/BoundMethod.php(36): Illuminate/Database/Console/Seeds/SeedCommand->handle()
#25 C:/laragon/www/APK_POS2/vendor/laravel/framework/src/Illuminate/Container/Util.php(43): Illuminate/Container/BoundMethod::{closure:Illuminate/Container/BoundMethod::call():35}()
#26 C:/laragon/www/APK_POS2/vendor/laravel/framework/src/Illuminate/Container/BoundMethod.php(96): Illuminate/Container/Util::unwrapIfClosure(Object(Closure))
#27 C:/laragon/www/APK_POS2/vendor/laravel/framework/src/Illuminate/Container/BoundMethod.php(35): Illuminate/Container/BoundMethod::callBoundMethod(Object(Illuminate/Foundation/Application), Array, Object(Closure))
#28 C:/laragon/www/APK_POS2/vendor/laravel/framework/src/Illuminate/Container/Container.php(799): Illuminate/Container/BoundMethod::call(Object(Illuminate/Foundation/Application), Array, Array, NULL)
#29 C:/laragon/www/APK_POS2/vendor/laravel/framework/src/Illuminate/Console/Command.php(211): Illuminate/Container/Container->call(Array)
#30 C:/laragon/www/APK_POS2/vendor/symfony/console/Command/Command.php(341): Illuminate/Console/Command->execute(Object(Symfony/Component/Console/Input/ArgvInput), Object(Illuminate/Console/OutputStyle))
#31 C:/laragon/www/APK_POS2/vendor/laravel/framework/src/Illuminate/Console/Command.php(180): Symfony/Component/Console/Command/Command->run(Object(Symfony/Component/Console/Input/ArgvInput), Object(Illuminate/Console/OutputStyle))
#32 C:/laragon/www/APK_POS2/vendor/symfony/console/Application.php(1117): Illuminate/Console/Command->run(Object(Symfony/Component/Console/Input/ArgvInput), Object(Symfony/Component/Console/Output/ConsoleOutput))
#33 C:/laragon/www/APK_POS2/vendor/symfony/console/Application.php(356): Symfony/Component/Console/Application->doRunCommand(Object(Illuminate/Database/Console/Seeds/SeedCommand), Object(Symfony/Component/Console/Input/ArgvInput), Object(Symfony/Component/Console/Output/ConsoleOutput))
#34 C:/laragon/www/APK_POS2/vendor/symfony/console/Application.php(195): Symfony/Component/Console/Application->doRun(Object(Symfony/Component/Console/Input/ArgvInput), Object(Symfony/Component/Console/Output/ConsoleOutput))
#35 C:/laragon/www/APK_POS2/vendor/laravel/framework/src/Illuminate/Foundation/Console/Kernel.php(198): Symfony/Component/Console/Application->run(Object(Symfony/Component/Console/Input/ArgvInput), Object(Symfony/Component/Console/Output/ConsoleOutput))
#36 C:/laragon/www/APK_POS2/vendor/laravel/framework/src/Illuminate/Foundation/Application.php(1235): Illuminate/Foundation/Console/Kernel->handle(Object(Symfony/Component/Console/Input/ArgvInput), Object(Symfony/Component/Console/Output/ConsoleOutput))
#37 C:/laragon/www/APK_POS2/artisan(16): Illuminate/Foundation/Application->handleCommand(Object(Symfony/Component/Console/Input/ArgvInput))
#38 {main}

[previous exception] [object] (PDOException(code: 23000): SQLSTATE[23000]: Integrity constraint violation: 1452 Cannot add or update a child row: a foreign key constraint fails (`pos_faizzz`.`users`, CONSTRAINT `users_role_id_foreign` FOREIGN KEY (`role_id`) REFERENCES `roles` (`id`)) at C:/laragon/www/APK_POS2/vendor/laravel/framework/src/Illuminate/Database/MySqlConnection.php:53)
[stacktrace]
#0 C:/laragon/www/APK_POS2/vendor/laravel/framework/src/Illuminate/Database/MySqlConnection.php(53): PDOStatement->execute()
#1 C:/laragon/www/APK_POS2/vendor/laravel/framework/src/Illuminate/Database/Connection.php(827): Illuminate/Database/MySqlConnection->{closure:Illuminate/Database/MySqlConnection::insert():42}('insert into `us...', Array)
#2 C:/laragon/www/APK_POS2/vendor/laravel/framework/src/Illuminate/Database/Connection.php(794): Illuminate/Database/Connection->runQueryCallback('insert into `us...', Array, Object(Closure))
#3 C:/laragon/www/APK_POS2/vendor/laravel/framework/src/Illuminate/Database/MySqlConnection.php(42): Illuminate/Database/Connection->run('insert into `us...', Array, Object(Closure))
#4 C:/laragon/www/APK_POS2/vendor/laravel/framework/src/Illuminate/Database/Query/Processors/MySqlProcessor.php(35): Illuminate/Database/MySqlConnection->insert('insert into `us...', Array, 'id')
#5 C:/laragon/www/APK_POS2/vendor/laravel/framework/src/Illuminate/Database/Query/Builder.php(4170): Illuminate/Database/Query/Processors/MySqlProcessor->processInsertGetId(Object(Illuminate/Database/Query/Builder), 'insert into `us...', Array, 'id')
#6 C:/laragon/www/APK_POS2/vendor/laravel/framework/src/Illuminate/Database/Eloquent/Builder.php(2237): Illuminate/Database/Query/Builder->insertGetId(Array, 'id')
#7 C:/laragon/www/APK_POS2/vendor/laravel/framework/src/Illuminate/Database/Eloquent/Model.php(1436): Illuminate/Database/Eloquent/Builder->__call('insertGetId', Array)
#8 C:/laragon/www/APK_POS2/vendor/laravel/framework/src/Illuminate/Database/Eloquent/Model.php(1401): Illuminate/Database/Eloquent/Model->insertAndSetId(Object(Illuminate/Database/Eloquent/Builder), Array)
#9 C:/laragon/www/APK_POS2/vendor/laravel/framework/src/Illuminate/Database/Eloquent/Model.php(1240): Illuminate/Database/Eloquent/Model->performInsert(Object(Illuminate/Database/Eloquent/Builder))
#10 C:/laragon/www/APK_POS2/vendor/laravel/framework/src/Illuminate/Database/Eloquent/Factories/Factory.php(370): Illuminate/Database/Eloquent/Model->save()
#11 C:/laragon/www/APK_POS2/vendor/laravel/framework/src/Illuminate/Collections/Traits/EnumeratesValues.php(275): Illuminate/Database/Eloquent/Factories/Factory->{closure:Illuminate/Database/Eloquent/Factories/Factory::store():365}(Object(App/Models/User), 0)
#12 C:/laragon/www/APK_POS2/vendor/laravel/framework/src/Illuminate/Database/Eloquent/Factories/Factory.php(365): Illuminate/Support/Collection->each(Object(Closure))
#13 C:/laragon/www/APK_POS2/vendor/laravel/framework/src/Illuminate/Database/Eloquent/Factories/Factory.php(321): Illuminate/Database/Eloquent/Factories/Factory->store(Object(Illuminate/Support/Collection))
#14 C:/laragon/www/APK_POS2/vendor/laravel/framework/src/Illuminate/Database/Eloquent/Factories/Factory.php(315): Illuminate/Database/Eloquent/Factories/Factory->create(Array, NULL)
#15 C:/laragon/www/APK_POS2/database/seeders/UserSeeder.php(16): Illuminate/Database/Eloquent/Factories/Factory->create(Array)
#16 C:/laragon/www/APK_POS2/vendor/laravel/framework/src/Illuminate/Container/BoundMethod.php(36): Database/Seeders/UserSeeder->run()
#17 C:/laragon/www/APK_POS2/vendor/laravel/framework/src/Illuminate/Container/Util.php(43): Illuminate/Container/BoundMethod::{closure:Illuminate/Container/BoundMethod::call():35}()
#18 C:/laragon/www/APK_POS2/vendor/laravel/framework/src/Illuminate/Container/BoundMethod.php(96): Illuminate/Container/Util::unwrapIfClosure(Object(Closure))
#19 C:/laragon/www/APK_POS2/vendor/laravel/framework/src/Illuminate/Container/BoundMethod.php(35): Illuminate/Container/BoundMethod::callBoundMethod(Object(Illuminate/Foundation/Application), Array, Object(Closure))
#20 C:/laragon/www/APK_POS2/vendor/laravel/framework/src/Illuminate/Container/Container.php(799): Illuminate/Container/BoundMethod::call(Object(Illuminate/Foundation/Application), Array, Array, NULL)
#21 C:/laragon/www/APK_POS2/vendor/laravel/framework/src/Illuminate/Database/Seeder.php(184): Illuminate/Container/Container->call(Array, Array)
#22 C:/laragon/www/APK_POS2/vendor/laravel/framework/src/Illuminate/Database/Seeder.php(193): Illuminate/Database/Seeder->{closure:Illuminate/Database/Seeder::__invoke():183}()
#23 C:/laragon/www/APK_POS2/vendor/laravel/framework/src/Illuminate/Database/Console/Seeds/SeedCommand.php(71): Illuminate/Database/Seeder->__invoke()
#24 C:/laragon/www/APK_POS2/vendor/laravel/framework/src/Illuminate/Database/Eloquent/Concerns/GuardsAttributes.php(157): Illuminate/Database/Console/Seeds/SeedCommand->{closure:Illuminate/Database/Console/Seeds/SeedCommand::handle():70}()
#25 C:/laragon/www/APK_POS2/vendor/laravel/framework/src/Illuminate/Database/Console/Seeds/SeedCommand.php(70): Illuminate/Database/Eloquent/Model::unguarded(Object(Closure))
#26 C:/laragon/www/APK_POS2/vendor/laravel/framework/src/Illuminate/Container/BoundMethod.php(36): Illuminate/Database/Console/Seeds/SeedCommand->handle()
#27 C:/laragon/www/APK_POS2/vendor/laravel/framework/src/Illuminate/Container/Util.php(43): Illuminate/Container/BoundMethod::{closure:Illuminate/Container/BoundMethod::call():35}()
#28 C:/laragon/www/APK_POS2/vendor/laravel/framework/src/Illuminate/Container/BoundMethod.php(96): Illuminate/Container/Util::unwrapIfClosure(Object(Closure))
#29 C:/laragon/www/APK_POS2/vendor/laravel/framework/src/Illuminate/Container/BoundMethod.php(35): Illuminate/Container/BoundMethod::callBoundMethod(Object(Illuminate/Foundation/Application), Array, Object(Closure))
#30 C:/laragon/www/APK_POS2/vendor/laravel/framework/src/Illuminate/Container/Container.php(799): Illuminate/Container/BoundMethod::call(Object(Illuminate/Foundation/Application), Array, Array, NULL)
#31 C:/laragon/www/APK_POS2/vendor/laravel/framework/src/Illuminate/Console/Command.php(211): Illuminate/Container/Container->call(Array)
#32 C:/laragon/www/APK_POS2/vendor/symfony/console/Command/Command.php(341): Illuminate/Console/Command->execute(Object(Symfony/Component/Console/Input/ArgvInput), Object(Illuminate/Console/OutputStyle))
#33 C:/laragon/www/APK_POS2/vendor/laravel/framework/src/Illuminate/Console/Command.php(180): Symfony/Component/Console/Command/Command->run(Object(Symfony/Component/Console/Input/ArgvInput), Object(Illuminate/Console/OutputStyle))
#34 C:/laragon/www/APK_POS2/vendor/symfony/console/Application.php(1117): Illuminate/Console/Command->run(Object(Symfony/Component/Console/Input/ArgvInput), Object(Symfony/Component/Console/Output/ConsoleOutput))
#35 C:/laragon/www/APK_POS2/vendor/symfony/console/Application.php(356): Symfony/Component/Console/Application->doRunCommand(Object(Illuminate/Database/Console/Seeds/SeedCommand), Object(Symfony/Component/Console/Input/ArgvInput), Object(Symfony/Component/Console/Output/ConsoleOutput))
#36 C:/laragon/www/APK_POS2/vendor/symfony/console/Application.php(195): Symfony/Component/Console/Application->doRun(Object(Symfony/Component/Console/Input/ArgvInput), Object(Symfony/Component/Console/Output/ConsoleOutput))
#37 C:/laragon/www/APK_POS2/vendor/laravel/framework/src/Illuminate/Foundation/Console/Kernel.php(198): Symfony/Component/Console/Application->run(Object(Symfony/Component/Console/Input/ArgvInput), Object(Symfony/Component/Console/Output/ConsoleOutput))
#38 C:/laragon/www/APK_POS2/vendor/laravel/framework/src/Illuminate/Foundation/Application.php(1235): Illuminate/Foundation/Console/Kernel->handle(Object(Symfony/Component/Console/Input/ArgvInput), Object(Symfony/Component/Console/Output/ConsoleOutput))
#39 C:/laragon/www/APK_POS2/artisan(16): Illuminate/Foundation/Application->handleCommand(Object(Symfony/Component/Console/Input/ArgvInput))
#40 {main}
"} 
[2026-08-06 06:57:39] local.ERROR: SQLSTATE[23000]: Integrity constraint violation: 1451 Cannot delete or update a parent row: a foreign key constraint fails (`pos_faizzz`.`item_penjualan`, CONSTRAINT `item_penjualan_produk_id_foreign` FOREIGN KEY (`produk_id`) REFERENCES `produk` (`id`)) (Connection: mysql, Host: 127.0.0.1, Port: 3306, Database: pos_faizzz, SQL: delete from `produk` where `id` = 1) {"userId":2,"exception":"[object] (Illuminate\\Database\\QueryException(code: 23000): SQLSTATE[23000]: Integrity constraint violation: 1451 Cannot delete or update a parent row: a foreign key constraint fails (`pos_faizzz`.`item_penjualan`, CONSTRAINT `item_penjualan_produk_id_foreign` FOREIGN KEY (`produk_id`) REFERENCES `produk` (`id`)) (Connection: mysql, Host: 127.0.0.1, Port: 3306, Database: pos_faizzz, SQL: delete from `produk` where `id` = 1) at C:/laragon/www/APK_POS2/vendor/laravel/framework/src/Illuminate/Database/Connection.php:838)
[stacktrace]
#0 C:/laragon/www/APK_POS2/vendor/laravel/framework/src/Illuminate/Database/Connection.php(794): Illuminate/Database/Connection->runQueryCallback('delete from `pr...', Array, Object(Closure))
#1 C:/laragon/www/APK_POS2/vendor/laravel/framework/src/Illuminate/Database/Connection.php(597): Illuminate/Database/Connection->run('delete from `pr...', Array, Object(Closure))
#2 C:/laragon/www/APK_POS2/vendor/laravel/framework/src/Illuminate/Database/Connection.php(561): Illuminate/Database/Connection->affectingStatement('delete from `pr...', Array)
#3 C:/laragon/www/APK_POS2/vendor/laravel/framework/src/Illuminate/Database/Query/Builder.php(4426): Illuminate/Database/Connection->delete('delete from `pr...', Array)
#4 C:/laragon/www/APK_POS2/vendor/laravel/framework/src/Illuminate/Database/Eloquent/Builder.php(1480): Illuminate/Database/Query/Builder->delete()
#5 C:/laragon/www/APK_POS2/vendor/laravel/framework/src/Illuminate/Database/Eloquent/Model.php(1578): Illuminate/Database/Eloquent/Builder->delete()
#6 C:/laragon/www/APK_POS2/vendor/laravel/framework/src/Illuminate/Database/Eloquent/Model.php(1510): Illuminate/Database/Eloquent/Model->performDeleteOnModel()
#7 C:/laragon/www/APK_POS2/app/Http/Controllers/ProdukController.php(109): Illuminate/Database/Eloquent/Model->delete()
#8 C:/laragon/www/APK_POS2/vendor/laravel/framework/src/Illuminate/Routing/ControllerDispatcher.php(46): App/Http/Controllers/ProdukController->destroy(Object(App/Models/Produk))
#9 C:/laragon/www/APK_POS2/vendor/laravel/framework/src/Illuminate/Routing/Route.php(265): Illuminate/Routing/ControllerDispatcher->dispatch(Object(Illuminate/Routing/Route), Object(App/Http/Controllers/ProdukController), 'destroy')
#10 C:/laragon/www/APK_POS2/vendor/laravel/framework/src/Illuminate/Routing/Route.php(211): Illuminate/Routing/Route->runController()
#11 C:/laragon/www/APK_POS2/vendor/laravel/framework/src/Illuminate/Routing/Router.php(822): Illuminate/Routing/Route->run()
#12 C:/laragon/www/APK_POS2/vendor/laravel/framework/src/Illuminate/Pipeline/Pipeline.php(180): Illuminate/Routing/Router->{closure:Illuminate/Routing/Router::runRouteWithinStack():821}(Object(Illuminate/Http/Request))
#13 C:/laragon/www/APK_POS2/app/Http/Middleware/RoleMiddleware.php(27): Illuminate/Pipeline/Pipeline->{closure:Illuminate/Pipeline/Pipeline::prepareDestination():178}(Object(Illuminate/Http/Request))
#14 C:/laragon/www/APK_POS2/vendor/laravel/framework/src/Illuminate/Pipeline/Pipeline.php(219): App/Http/Middleware/RoleMiddleware->handle(Object(Illuminate/Http/Request), Object(Closure), 'admin', 'kasir')
#15 C:/laragon/www/APK_POS2/vendor/laravel/framework/src/Illuminate/Routing/Middleware/SubstituteBindings.php(50): Illuminate/Pipeline/Pipeline->{closure:{closure:Illuminate/Pipeline/Pipeline::carry():194}:195}(Object(Illuminate/Http/Request))
#16 C:/laragon/www/APK_POS2/vendor/laravel/framework/src/Illuminate/Pipeline/Pipeline.php(219): Illuminate/Routing/Middleware/SubstituteBindings->handle(Object(Illuminate/Http/Request), Object(Closure))
#17 C:/laragon/www/APK_POS2/vendor/laravel/framework/src/Illuminate/Auth/Middleware/Authenticate.php(63): Illuminate/Pipeline/Pipeline->{closure:{closure:Illuminate/Pipeline/Pipeline::carry():194}:195}(Object(Illuminate/Http/Request))
#18 C:/laragon/www/APK_POS2/vendor/laravel/framework/src/Illuminate/Pipeline/Pipeline.php(219): Illuminate/Auth/Middleware/Authenticate->handle(Object(Illuminate/Http/Request), Object(Closure))
#19 C:/laragon/www/APK_POS2/vendor/laravel/framework/src/Illuminate/Foundation/Http/Middleware/VerifyCsrfToken.php(87): Illuminate/Pipeline/Pipeline->{closure:{closure:Illuminate/Pipeline/Pipeline::carry():194}:195}(Object(Illuminate/Http/Request))
#20 C:/laragon/www/APK_POS2/vendor/laravel/framework/src/Illuminate/Pipeline/Pipeline.php(219): Illuminate/Foundation/Http/Middleware/VerifyCsrfToken->handle(Object(Illuminate/Http/Request), Object(Closure))
#21 C:/laragon/www/APK_POS2/vendor/laravel/framework/src/Illuminate/View/Middleware/ShareErrorsFromSession.php(48): Illuminate/Pipeline/Pipeline->{closure:{closure:Illuminate/Pipeline/Pipeline::carry():194}:195}(Object(Illuminate/Http/Request))
#22 C:/laragon/www/APK_POS2/vendor/laravel/framework/src/Illuminate/Pipeline/Pipeline.php(219): Illuminate/View/Middleware/ShareErrorsFromSession->handle(Object(Illuminate/Http/Request), Object(Closure))
#23 C:/laragon/www/APK_POS2/vendor/laravel/framework/src/Illuminate/Session/Middleware/StartSession.php(120): Illuminate/Pipeline/Pipeline->{closure:{closure:Illuminate/Pipeline/Pipeline::carry():194}:195}(Object(Illuminate/Http/Request))
#24 C:/laragon/www/APK_POS2/vendor/laravel/framework/src/Illuminate/Session/Middleware/StartSession.php(63): Illuminate/Session/Middleware/StartSession->handleStatefulRequest(Object(Illuminate/Http/Request), Object(Illuminate/Session/Store), Object(Closure))
#25 C:/laragon/www/APK_POS2/vendor/laravel/framework/src/Illuminate/Pipeline/Pipeline.php(219): Illuminate/Session/Middleware/StartSession->handle(Object(Illuminate/Http/Request), Object(Closure))
#26 C:/laragon/www/APK_POS2/vendor/laravel/framework/src/Illuminate/Cookie/Middleware/AddQueuedCookiesToResponse.php(36): Illuminate/Pipeline/Pipeline->{closure:{closure:Illuminate/Pipeline/Pipeline::carry():194}:195}(Object(Illuminate/Http/Request))
#27 C:/laragon/www/APK_POS2/vendor/laravel/framework/src/Illuminate/Pipeline/Pipeline.php(219): Illuminate/Cookie/Middleware/AddQueuedCookiesToResponse->handle(Object(Illuminate/Http/Request), Object(Closure))
#28 C:/laragon/www/APK_POS2/vendor/laravel/framework/src/Illuminate/Cookie/Middleware/EncryptCookies.php(74): Illuminate/Pipeline/Pipeline->{closure:{closure:Illuminate/Pipeline/Pipeline::carry():194}:195}(Object(Illuminate/Http/Request))
#29 C:/laragon/www/APK_POS2/vendor/laravel/framework/src/Illuminate/Pipeline/Pipeline.php(219): Illuminate/Cookie/Middleware/EncryptCookies->handle(Object(Illuminate/Http/Request), Object(Closure))
#30 C:/laragon/www/APK_POS2/vendor/laravel/framework/src/Illuminate/Pipeline/Pipeline.php(137): Illuminate/Pipeline/Pipeline->{closure:{closure:Illuminate/Pipeline/Pipeline::carry():194}:195}(Object(Illuminate/Http/Request))
#31 C:/laragon/www/APK_POS2/vendor/laravel/framework/src/Illuminate/Routing/Router.php(821): Illuminate/Pipeline/Pipeline->then(Object(Closure))
#32 C:/laragon/www/APK_POS2/vendor/laravel/framework/src/Illuminate/Routing/Router.php(800): Illuminate/Routing/Router->runRouteWithinStack(Object(Illuminate/Routing/Route), Object(Illuminate/Http/Request))
#33 C:/laragon/www/APK_POS2/vendor/laravel/framework/src/Illuminate/Routing/Router.php(764): Illuminate/Routing/Router->runRoute(Object(Illuminate/Http/Request), Object(Illuminate/Routing/Route))
#34 C:/laragon/www/APK_POS2/vendor/laravel/framework/src/Illuminate/Routing/Router.php(753): Illuminate/Routing/Router->dispatchToRoute(Object(Illuminate/Http/Request))
#35 C:/laragon/www/APK_POS2/vendor/laravel/framework/src/Illuminate/Foundation/Http/Kernel.php(200): Illuminate/Routing/Router->dispatch(Object(Illuminate/Http/Request))
#36 C:/laragon/www/APK_POS2/vendor/laravel/framework/src/Illuminate/Pipeline/Pipeline.php(180): Illuminate/Foundation/Http/Kernel->{closure:Illuminate/Foundation/Http/Kernel::dispatchToRouter():197}(Object(Illuminate/Http/Request))
#37 C:/laragon/www/APK_POS2/vendor/laravel/framework/src/Illuminate/Foundation/Http/Middleware/TransformsRequest.php(21): Illuminate/Pipeline/Pipeline->{closure:Illuminate/Pipeline/Pipeline::prepareDestination():178}(Object(Illuminate/Http/Request))
#38 C:/laragon/www/APK_POS2/vendor/laravel/framework/src/Illuminate/Foundation/Http/Middleware/ConvertEmptyStringsToNull.php(31): Illuminate/Foundation/Http/Middleware/TransformsRequest->handle(Object(Illuminate/Http/Request), Object(Closure))
#39 C:/laragon/www/APK_POS2/vendor/laravel/framework/src/Illuminate/Pipeline/Pipeline.php(219): Illuminate/Foundation/Http/Middleware/ConvertEmptyStringsToNull->handle(Object(Illuminate/Http/Request), Object(Closure))
#40 C:/laragon/www/APK_POS2/vendor/laravel/framework/src/Illuminate/Foundation/Http/Middleware/TransformsRequest.php(21): Illuminate/Pipeline/Pipeline->{closure:{closure:Illuminate/Pipeline/Pipeline::carry():194}:195}(Object(Illuminate/Http/Request))
#41 C:/laragon/www/APK_POS2/vendor/laravel/framework/src/Illuminate/Foundation/Http/Middleware/TrimStrings.php(51): Illuminate/Foundation/Http/Middleware/TransformsRequest->handle(Object(Illuminate/Http/Request), Object(Closure))
#42 C:/laragon/www/APK_POS2/vendor/laravel/framework/src/Illuminate/Pipeline/Pipeline.php(219): Illuminate/Foundation/Http/Middleware/TrimStrings->handle(Object(Illuminate/Http/Request), Object(Closure))
#43 C:/laragon/www/APK_POS2/vendor/laravel/framework/src/Illuminate/Http/Middleware/ValidatePostSize.php(27): Illuminate/Pipeline/Pipeline->{closure:{closure:Illuminate/Pipeline/Pipeline::carry():194}:195}(Object(Illuminate/Http/Request))
#44 C:/laragon/www/APK_POS2/vendor/laravel/framework/src/Illuminate/Pipeline/Pipeline.php(219): Illuminate/Http/Middleware/ValidatePostSize->handle(Object(Illuminate/Http/Request), Object(Closure))
#45 C:/laragon/www/APK_POS2/vendor/laravel/framework/src/Illuminate/Foundation/Http/Middleware/PreventRequestsDuringMaintenance.php(109): Illuminate/Pipeline/Pipeline->{closure:{closure:Illuminate/Pipeline/Pipeline::carry():194}:195}(Object(Illuminate/Http/Request))
#46 C:/laragon/www/APK_POS2/vendor/laravel/framework/src/Illuminate/Pipeline/Pipeline.php(219): Illuminate/Foundation/Http/Middleware/PreventRequestsDuringMaintenance->handle(Object(Illuminate/Http/Request), Object(Closure))
#47 C:/laragon/www/APK_POS2/vendor/laravel/framework/src/Illuminate/Http/Middleware/HandleCors.php(61): Illuminate/Pipeline/Pipeline->{closure:{closure:Illuminate/Pipeline/Pipeline::carry():194}:195}(Object(Illuminate/Http/Request))
#48 C:/laragon/www/APK_POS2/vendor/laravel/framework/src/Illuminate/Pipeline/Pipeline.php(219): Illuminate/Http/Middleware/HandleCors->handle(Object(Illuminate/Http/Request), Object(Closure))
#49 C:/laragon/www/APK_POS2/vendor/laravel/framework/src/Illuminate/Http/Middleware/TrustProxies.php(58): Illuminate/Pipeline/Pipeline->{closure:{closure:Illuminate/Pipeline/Pipeline::carry():194}:195}(Object(Illuminate/Http/Request))
#50 C:/laragon/www/APK_POS2/vendor/laravel/framework/src/Illuminate/Pipeline/Pipeline.php(219): Illuminate/Http/Middleware/TrustProxies->handle(Object(Illuminate/Http/Request), Object(Closure))
#51 C:/laragon/www/APK_POS2/vendor/laravel/framework/src/Illuminate/Foundation/Http/Middleware/InvokeDeferredCallbacks.php(22): Illuminate/Pipeline/Pipeline->{closure:{closure:Illuminate/Pipeline/Pipeline::carry():194}:195}(Object(Illuminate/Http/Request))
#52 C:/laragon/www/APK_POS2/vendor/laravel/framework/src/Illuminate/Pipeline/Pipeline.php(219): Illuminate/Foundation/Http/Middleware/InvokeDeferredCallbacks->handle(Object(Illuminate/Http/Request), Object(Closure))
#53 C:/laragon/www/APK_POS2/vendor/laravel/framework/src/Illuminate/Http/Middleware/ValidatePathEncoding.php(26): Illuminate/Pipeline/Pipeline->{closure:{closure:Illuminate/Pipeline/Pipeline::carry():194}:195}(Object(Illuminate/Http/Request))
#54 C:/laragon/www/APK_POS2/vendor/laravel/framework/src/Illuminate/Pipeline/Pipeline.php(219): Illuminate/Http/Middleware/ValidatePathEncoding->handle(Object(Illuminate/Http/Request), Object(Closure))
#55 C:/laragon/www/APK_POS2/vendor/laravel/framework/src/Illuminate/Pipeline/Pipeline.php(137): Illuminate/Pipeline/Pipeline->{closure:{closure:Illuminate/Pipeline/Pipeline::carry():194}:195}(Object(Illuminate/Http/Request))
#56 C:/laragon/www/APK_POS2/vendor/laravel/framework/src/Illuminate/Foundation/Http/Kernel.php(175): Illuminate/Pipeline/Pipeline->then(Object(Closure))
#57 C:/laragon/www/APK_POS2/vendor/laravel/framework/src/Illuminate/Foundation/Http/Kernel.php(144): Illuminate/Foundation/Http/Kernel->sendRequestThroughRouter(Object(Illuminate/Http/Request))
#58 C:/laragon/www/APK_POS2/vendor/laravel/framework/src/Illuminate/Foundation/Application.php(1220): Illuminate/Foundation/Http/Kernel->handle(Object(Illuminate/Http/Request))
#59 C:/laragon/www/APK_POS2/public/index.php(20): Illuminate/Foundation/Application->handleRequest(Object(Illuminate/Http/Request))
#60 C:/laragon/www/APK_POS2/vendor/laravel/framework/src/Illuminate/Foundation/resources/server.php(23): require_once('C://laragon//www//...')
#61 {main}

[previous exception] [object] (PDOException(code: 23000): SQLSTATE[23000]: Integrity constraint violation: 1451 Cannot delete or update a parent row: a foreign key constraint fails (`pos_faizzz`.`item_penjualan`, CONSTRAINT `item_penjualan_produk_id_foreign` FOREIGN KEY (`produk_id`) REFERENCES `produk` (`id`)) at C:/laragon/www/APK_POS2/vendor/laravel/framework/src/Illuminate/Database/Connection.php:609)
[stacktrace]
#0 C:/laragon/www/APK_POS2/vendor/laravel/framework/src/Illuminate/Database/Connection.php(609): PDOStatement->execute()
#1 C:/laragon/www/APK_POS2/vendor/laravel/framework/src/Illuminate/Database/Connection.php(827): Illuminate/Database/Connection->{closure:Illuminate/Database/Connection::affectingStatement():597}('delete from `pr...', Array)
#2 C:/laragon/www/APK_POS2/vendor/laravel/framework/src/Illuminate/Database/Connection.php(794): Illuminate/Database/Connection->runQueryCallback('delete from `pr...', Array, Object(Closure))
#3 C:/laragon/www/APK_POS2/vendor/laravel/framework/src/Illuminate/Database/Connection.php(597): Illuminate/Database/Connection->run('delete from `pr...', Array, Object(Closure))
#4 C:/laragon/www/APK_POS2/vendor/laravel/framework/src/Illuminate/Database/Connection.php(561): Illuminate/Database/Connection->affectingStatement('delete from `pr...', Array)
#5 C:/laragon/www/APK_POS2/vendor/laravel/framework/src/Illuminate/Database/Query/Builder.php(4426): Illuminate/Database/Connection->delete('delete from `pr...', Array)
#6 C:/laragon/www/APK_POS2/vendor/laravel/framework/src/Illuminate/Database/Eloquent/Builder.php(1480): Illuminate/Database/Query/Builder->delete()
#7 C:/laragon/www/APK_POS2/vendor/laravel/framework/src/Illuminate/Database/Eloquent/Model.php(1578): Illuminate/Database/Eloquent/Builder->delete()
#8 C:/laragon/www/APK_POS2/vendor/laravel/framework/src/Illuminate/Database/Eloquent/Model.php(1510): Illuminate/Database/Eloquent/Model->performDeleteOnModel()
#9 C:/laragon/www/APK_POS2/app/Http/Controllers/ProdukController.php(109): Illuminate/Database/Eloquent/Model->delete()
#10 C:/laragon/www/APK_POS2/vendor/laravel/framework/src/Illuminate/Routing/ControllerDispatcher.php(46): App/Http/Controllers/ProdukController->destroy(Object(App/Models/Produk))
#11 C:/laragon/www/APK_POS2/vendor/laravel/framework/src/Illuminate/Routing/Route.php(265): Illuminate/Routing/ControllerDispatcher->dispatch(Object(Illuminate/Routing/Route), Object(App/Http/Controllers/ProdukController), 'destroy')
#12 C:/laragon/www/APK_POS2/vendor/laravel/framework/src/Illuminate/Routing/Route.php(211): Illuminate/Routing/Route->runController()
#13 C:/laragon/www/APK_POS2/vendor/laravel/framework/src/Illuminate/Routing/Router.php(822): Illuminate/Routing/Route->run()
#14 C:/laragon/www/APK_POS2/vendor/laravel/framework/src/Illuminate/Pipeline/Pipeline.php(180): Illuminate/Routing/Router->{closure:Illuminate/Routing/Router::runRouteWithinStack():821}(Object(Illuminate/Http/Request))
#15 C:/laragon/www/APK_POS2/app/Http/Middleware/RoleMiddleware.php(27): Illuminate/Pipeline/Pipeline->{closure:Illuminate/Pipeline/Pipeline::prepareDestination():178}(Object(Illuminate/Http/Request))
#16 C:/laragon/www/APK_POS2/vendor/laravel/framework/src/Illuminate/Pipeline/Pipeline.php(219): App/Http/Middleware/RoleMiddleware->handle(Object(Illuminate/Http/Request), Object(Closure), 'admin', 'kasir')
#17 C:/laragon/www/APK_POS2/vendor/laravel/framework/src/Illuminate/Routing/Middleware/SubstituteBindings.php(50): Illuminate/Pipeline/Pipeline->{closure:{closure:Illuminate/Pipeline/Pipeline::carry():194}:195}(Object(Illuminate/Http/Request))
#18 C:/laragon/www/APK_POS2/vendor/laravel/framework/src/Illuminate/Pipeline/Pipeline.php(219): Illuminate/Routing/Middleware/SubstituteBindings->handle(Object(Illuminate/Http/Request), Object(Closure))
#19 C:/laragon/www/APK_POS2/vendor/laravel/framework/src/Illuminate/Auth/Middleware/Authenticate.php(63): Illuminate/Pipeline/Pipeline->{closure:{closure:Illuminate/Pipeline/Pipeline::carry():194}:195}(Object(Illuminate/Http/Request))
#20 C:/laragon/www/APK_POS2/vendor/laravel/framework/src/Illuminate/Pipeline/Pipeline.php(219): Illuminate/Auth/Middleware/Authenticate->handle(Object(Illuminate/Http/Request), Object(Closure))
#21 C:/laragon/www/APK_POS2/vendor/laravel/framework/src/Illuminate/Foundation/Http/Middleware/VerifyCsrfToken.php(87): Illuminate/Pipeline/Pipeline->{closure:{closure:Illuminate/Pipeline/Pipeline::carry():194}:195}(Object(Illuminate/Http/Request))
#22 C:/laragon/www/APK_POS2/vendor/laravel/framework/src/Illuminate/Pipeline/Pipeline.php(219): Illuminate/Foundation/Http/Middleware/VerifyCsrfToken->handle(Object(Illuminate/Http/Request), Object(Closure))
#23 C:/laragon/www/APK_POS2/vendor/laravel/framework/src/Illuminate/View/Middleware/ShareErrorsFromSession.php(48): Illuminate/Pipeline/Pipeline->{closure:{closure:Illuminate/Pipeline/Pipeline::carry():194}:195}(Object(Illuminate/Http/Request))
#24 C:/laragon/www/APK_POS2/vendor/laravel/framework/src/Illuminate/Pipeline/Pipeline.php(219): Illuminate/View/Middleware/ShareErrorsFromSession->handle(Object(Illuminate/Http/Request), Object(Closure))
#25 C:/laragon/www/APK_POS2/vendor/laravel/framework/src/Illuminate/Session/Middleware/StartSession.php(120): Illuminate/Pipeline/Pipeline->{closure:{closure:Illuminate/Pipeline/Pipeline::carry():194}:195}(Object(Illuminate/Http/Request))
#26 C:/laragon/www/APK_POS2/vendor/laravel/framework/src/Illuminate/Session/Middleware/StartSession.php(63): Illuminate/Session/Middleware/StartSession->handleStatefulRequest(Object(Illuminate/Http/Request), Object(Illuminate/Session/Store), Object(Closure))
#27 C:/laragon/www/APK_POS2/vendor/laravel/framework/src/Illuminate/Pipeline/Pipeline.php(219): Illuminate/Session/Middleware/StartSession->handle(Object(Illuminate/Http/Request), Object(Closure))
#28 C:/laragon/www/APK_POS2/vendor/laravel/framework/src/Illuminate/Cookie/Middleware/AddQueuedCookiesToResponse.php(36): Illuminate/Pipeline/Pipeline->{closure:{closure:Illuminate/Pipeline/Pipeline::carry():194}:195}(Object(Illuminate/Http/Request))
#29 C:/laragon/www/APK_POS2/vendor/laravel/framework/src/Illuminate/Pipeline/Pipeline.php(219): Illuminate/Cookie/Middleware/AddQueuedCookiesToResponse->handle(Object(Illuminate/Http/Request), Object(Closure))
#30 C:/laragon/www/APK_POS2/vendor/laravel/framework/src/Illuminate/Cookie/Middleware/EncryptCookies.php(74): Illuminate/Pipeline/Pipeline->{closure:{closure:Illuminate/Pipeline/Pipeline::carry():194}:195}(Object(Illuminate/Http/Request))
#31 C:/laragon/www/APK_POS2/vendor/laravel/framework/src/Illuminate/Pipeline/Pipeline.php(219): Illuminate/Cookie/Middleware/EncryptCookies->handle(Object(Illuminate/Http/Request), Object(Closure))
#32 C:/laragon/www/APK_POS2/vendor/laravel/framework/src/Illuminate/Pipeline/Pipeline.php(137): Illuminate/Pipeline/Pipeline->{closure:{closure:Illuminate/Pipeline/Pipeline::carry():194}:195}(Object(Illuminate/Http/Request))
#33 C:/laragon/www/APK_POS2/vendor/laravel/framework/src/Illuminate/Routing/Router.php(821): Illuminate/Pipeline/Pipeline->then(Object(Closure))
#34 C:/laragon/www/APK_POS2/vendor/laravel/framework/src/Illuminate/Routing/Router.php(800): Illuminate/Routing/Router->runRouteWithinStack(Object(Illuminate/Routing/Route), Object(Illuminate/Http/Request))
#35 C:/laragon/www/APK_POS2/vendor/laravel/framework/src/Illuminate/Routing/Router.php(764): Illuminate/Routing/Router->runRoute(Object(Illuminate/Http/Request), Object(Illuminate/Routing/Route))
#36 C:/laragon/www/APK_POS2/vendor/laravel/framework/src/Illuminate/Routing/Router.php(753): Illuminate/Routing/Router->dispatchToRoute(Object(Illuminate/Http/Request))
#37 C:/laragon/www/APK_POS2/vendor/laravel/framework/src/Illuminate/Foundation/Http/Kernel.php(200): Illuminate/Routing/Router->dispatch(Object(Illuminate/Http/Request))
#38 C:/laragon/www/APK_POS2/vendor/laravel/framework/src/Illuminate/Pipeline/Pipeline.php(180): Illuminate/Foundation/Http/Kernel->{closure:Illuminate/Foundation/Http/Kernel::dispatchToRouter():197}(Object(Illuminate/Http/Request))
#39 C:/laragon/www/APK_POS2/vendor/laravel/framework/src/Illuminate/Foundation/Http/Middleware/TransformsRequest.php(21): Illuminate/Pipeline/Pipeline->{closure:Illuminate/Pipeline/Pipeline::prepareDestination():178}(Object(Illuminate/Http/Request))
#40 C:/laragon/www/APK_POS2/vendor/laravel/framework/src/Illuminate/Foundation/Http/Middleware/ConvertEmptyStringsToNull.php(31): Illuminate/Foundation/Http/Middleware/TransformsRequest->handle(Object(Illuminate/Http/Request), Object(Closure))
#41 C:/laragon/www/APK_POS2/vendor/laravel/framework/src/Illuminate/Pipeline/Pipeline.php(219): Illuminate/Foundation/Http/Middleware/ConvertEmptyStringsToNull->handle(Object(Illuminate/Http/Request), Object(Closure))
#42 C:/laragon/www/APK_POS2/vendor/laravel/framework/src/Illuminate/Foundation/Http/Middleware/TransformsRequest.php(21): Illuminate/Pipeline/Pipeline->{closure:{closure:Illuminate/Pipeline/Pipeline::carry():194}:195}(Object(Illuminate/Http/Request))
#43 C:/laragon/www/APK_POS2/vendor/laravel/framework/src/Illuminate/Foundation/Http/Middleware/TrimStrings.php(51): Illuminate/Foundation/Http/Middleware/TransformsRequest->handle(Object(Illuminate/Http/Request), Object(Closure))
#44 C:/laragon/www/APK_POS2/vendor/laravel/framework/src/Illuminate/Pipeline/Pipeline.php(219): Illuminate/Foundation/Http/Middleware/TrimStrings->handle(Object(Illuminate/Http/Request), Object(Closure))
#45 C:/laragon/www/APK_POS2/vendor/laravel/framework/src/Illuminate/Http/Middleware/ValidatePostSize.php(27): Illuminate/Pipeline/Pipeline->{closure:{closure:Illuminate/Pipeline/Pipeline::carry():194}:195}(Object(Illuminate/Http/Request))
#46 C:/laragon/www/APK_POS2/vendor/laravel/framework/src/Illuminate/Pipeline/Pipeline.php(219): Illuminate/Http/Middleware/ValidatePostSize->handle(Object(Illuminate/Http/Request), Object(Closure))
#47 C:/laragon/www/APK_POS2/vendor/laravel/framework/src/Illuminate/Foundation/Http/Middleware/PreventRequestsDuringMaintenance.php(109): Illuminate/Pipeline/Pipeline->{closure:{closure:Illuminate/Pipeline/Pipeline::carry():194}:195}(Object(Illuminate/Http/Request))
#48 C:/laragon/www/APK_POS2/vendor/laravel/framework/src/Illuminate/Pipeline/Pipeline.php(219): Illuminate/Foundation/Http/Middleware/PreventRequestsDuringMaintenance->handle(Object(Illuminate/Http/Request), Object(Closure))
#49 C:/laragon/www/APK_POS2/vendor/laravel/framework/src/Illuminate/Http/Middleware/HandleCors.php(61): Illuminate/Pipeline/Pipeline->{closure:{closure:Illuminate/Pipeline/Pipeline::carry():194}:195}(Object(Illuminate/Http/Request))
#50 C:/laragon/www/APK_POS2/vendor/laravel/framework/src/Illuminate/Pipeline/Pipeline.php(219): Illuminate/Http/Middleware/HandleCors->handle(Object(Illuminate/Http/Request), Object(Closure))
#51 C:/laragon/www/APK_POS2/vendor/laravel/framework/src/Illuminate/Http/Middleware/TrustProxies.php(58): Illuminate/Pipeline/Pipeline->{closure:{closure:Illuminate/Pipeline/Pipeline::carry():194}:195}(Object(Illuminate/Http/Request))
#52 C:/laragon/www/APK_POS2/vendor/laravel/framework/src/Illuminate/Pipeline/Pipeline.php(219): Illuminate/Http/Middleware/TrustProxies->handle(Object(Illuminate/Http/Request), Object(Closure))
#53 C:/laragon/www/APK_POS2/vendor/laravel/framework/src/Illuminate/Foundation/Http/Middleware/InvokeDeferredCallbacks.php(22): Illuminate/Pipeline/Pipeline->{closure:{closure:Illuminate/Pipeline/Pipeline::carry():194}:195}(Object(Illuminate/Http/Request))
#54 C:/laragon/www/APK_POS2/vendor/laravel/framework/src/Illuminate/Pipeline/Pipeline.php(219): Illuminate/Foundation/Http/Middleware/InvokeDeferredCallbacks->handle(Object(Illuminate/Http/Request), Object(Closure))
#55 C:/laragon/www/APK_POS2/vendor/laravel/framework/src/Illuminate/Http/Middleware/ValidatePathEncoding.php(26): Illuminate/Pipeline/Pipeline->{closure:{closure:Illuminate/Pipeline/Pipeline::carry():194}:195}(Object(Illuminate/Http/Request))
#56 C:/laragon/www/APK_POS2/vendor/laravel/framework/src/Illuminate/Pipeline/Pipeline.php(219): Illuminate/Http/Middleware/ValidatePathEncoding->handle(Object(Illuminate/Http/Request), Object(Closure))
#57 C:/laragon/www/APK_POS2/vendor/laravel/framework/src/Illuminate/Pipeline/Pipeline.php(137): Illuminate/Pipeline/Pipeline->{closure:{closure:Illuminate/Pipeline/Pipeline::carry():194}:195}(Object(Illuminate/Http/Request))
#58 C:/laragon/www/APK_POS2/vendor/laravel/framework/src/Illuminate/Foundation/Http/Kernel.php(175): Illuminate/Pipeline/Pipeline->then(Object(Closure))
#59 C:/laragon/www/APK_POS2/vendor/laravel/framework/src/Illuminate/Foundation/Http/Kernel.php(144): Illuminate/Foundation/Http/Kernel->sendRequestThroughRouter(Object(Illuminate/Http/Request))
#60 C:/laragon/www/APK_POS2/vendor/laravel/framework/src/Illuminate/Foundation/Application.php(1220): Illuminate/Foundation/Http/Kernel->handle(Object(Illuminate/Http/Request))
#61 C:/laragon/www/APK_POS2/public/index.php(20): Illuminate/Foundation/Application->handleRequest(Object(Illuminate/Http/Request))
#62 C:/laragon/www/APK_POS2/vendor/laravel/framework/src/Illuminate/Foundation/resources/server.php(23): require_once('C://laragon//www//...')
#63 {main}
"} 
[2026-08-06 07:04:12] local.ERROR: SQLSTATE[23000]: Integrity constraint violation: 1451 Cannot delete or update a parent row: a foreign key constraint fails (`pos_faizzz`.`item_penjualan`, CONSTRAINT `item_penjualan_produk_id_foreign` FOREIGN KEY (`produk_id`) REFERENCES `produk` (`id`)) (Connection: mysql, Host: 127.0.0.1, Port: 3306, Database: pos_faizzz, SQL: delete from `produk` where `id` = 1) {"userId":2,"exception":"[object] (Illuminate\\Database\\QueryException(code: 23000): SQLSTATE[23000]: Integrity constraint violation: 1451 Cannot delete or update a parent row: a foreign key constraint fails (`pos_faizzz`.`item_penjualan`, CONSTRAINT `item_penjualan_produk_id_foreign` FOREIGN KEY (`produk_id`) REFERENCES `produk` (`id`)) (Connection: mysql, Host: 127.0.0.1, Port: 3306, Database: pos_faizzz, SQL: delete from `produk` where `id` = 1) at C:/laragon/www/APK_POS2/vendor/laravel/framework/src/Illuminate/Database/Connection.php:838)
[stacktrace]
#0 C:/laragon/www/APK_POS2/vendor/laravel/framework/src/Illuminate/Database/Connection.php(794): Illuminate/Database/Connection->runQueryCallback('delete from `pr...', Array, Object(Closure))
#1 C:/laragon/www/APK_POS2/vendor/laravel/framework/src/Illuminate/Database/Connection.php(597): Illuminate/Database/Connection->run('delete from `pr...', Array, Object(Closure))
#2 C:/laragon/www/APK_POS2/vendor/laravel/framework/src/Illuminate/Database/Connection.php(561): Illuminate/Database/Connection->affectingStatement('delete from `pr...', Array)
#3 C:/laragon/www/APK_POS2/vendor/laravel/framework/src/Illuminate/Database/Query/Builder.php(4426): Illuminate/Database/Connection->delete('delete from `pr...', Array)
#4 C:/laragon/www/APK_POS2/vendor/laravel/framework/src/Illuminate/Database/Eloquent/Builder.php(1480): Illuminate/Database/Query/Builder->delete()
#5 C:/laragon/www/APK_POS2/vendor/laravel/framework/src/Illuminate/Database/Eloquent/Model.php(1578): Illuminate/Database/Eloquent/Builder->delete()
#6 C:/laragon/www/APK_POS2/vendor/laravel/framework/src/Illuminate/Database/Eloquent/Model.php(1510): Illuminate/Database/Eloquent/Model->performDeleteOnModel()
#7 C:/laragon/www/APK_POS2/app/Http/Controllers/ProdukController.php(110): Illuminate/Database/Eloquent/Model->delete()
#8 C:/laragon/www/APK_POS2/vendor/laravel/framework/src/Illuminate/Routing/ControllerDispatcher.php(46): App/Http/Controllers/ProdukController->destroy(Object(App/Models/Produk))
#9 C:/laragon/www/APK_POS2/vendor/laravel/framework/src/Illuminate/Routing/Route.php(265): Illuminate/Routing/ControllerDispatcher->dispatch(Object(Illuminate/Routing/Route), Object(App/Http/Controllers/ProdukController), 'destroy')
#10 C:/laragon/www/APK_POS2/vendor/laravel/framework/src/Illuminate/Routing/Route.php(211): Illuminate/Routing/Route->runController()
#11 C:/laragon/www/APK_POS2/vendor/laravel/framework/src/Illuminate/Routing/Router.php(822): Illuminate/Routing/Route->run()
#12 C:/laragon/www/APK_POS2/vendor/laravel/framework/src/Illuminate/Pipeline/Pipeline.php(180): Illuminate/Routing/Router->{closure:Illuminate/Routing/Router::runRouteWithinStack():821}(Object(Illuminate/Http/Request))
#13 C:/laragon/www/APK_POS2/app/Http/Middleware/RoleMiddleware.php(27): Illuminate/Pipeline/Pipeline->{closure:Illuminate/Pipeline/Pipeline::prepareDestination():178}(Object(Illuminate/Http/Request))
#14 C:/laragon/www/APK_POS2/vendor/laravel/framework/src/Illuminate/Pipeline/Pipeline.php(219): App/Http/Middleware/RoleMiddleware->handle(Object(Illuminate/Http/Request), Object(Closure), 'admin', 'kasir')
#15 C:/laragon/www/APK_POS2/vendor/laravel/framework/src/Illuminate/Routing/Middleware/SubstituteBindings.php(50): Illuminate/Pipeline/Pipeline->{closure:{closure:Illuminate/Pipeline/Pipeline::carry():194}:195}(Object(Illuminate/Http/Request))
#16 C:/laragon/www/APK_POS2/vendor/laravel/framework/src/Illuminate/Pipeline/Pipeline.php(219): Illuminate/Routing/Middleware/SubstituteBindings->handle(Object(Illuminate/Http/Request), Object(Closure))
#17 C:/laragon/www/APK_POS2/vendor/laravel/framework/src/Illuminate/Auth/Middleware/Authenticate.php(63): Illuminate/Pipeline/Pipeline->{closure:{closure:Illuminate/Pipeline/Pipeline::carry():194}:195}(Object(Illuminate/Http/Request))
#18 C:/laragon/www/APK_POS2/vendor/laravel/framework/src/Illuminate/Pipeline/Pipeline.php(219): Illuminate/Auth/Middleware/Authenticate->handle(Object(Illuminate/Http/Request), Object(Closure))
#19 C:/laragon/www/APK_POS2/vendor/laravel/framework/src/Illuminate/Foundation/Http/Middleware/VerifyCsrfToken.php(87): Illuminate/Pipeline/Pipeline->{closure:{closure:Illuminate/Pipeline/Pipeline::carry():194}:195}(Object(Illuminate/Http/Request))
#20 C:/laragon/www/APK_POS2/vendor/laravel/framework/src/Illuminate/Pipeline/Pipeline.php(219): Illuminate/Foundation/Http/Middleware/VerifyCsrfToken->handle(Object(Illuminate/Http/Request), Object(Closure))
#21 C:/laragon/www/APK_POS2/vendor/laravel/framework/src/Illuminate/View/Middleware/ShareErrorsFromSession.php(48): Illuminate/Pipeline/Pipeline->{closure:{closure:Illuminate/Pipeline/Pipeline::carry():194}:195}(Object(Illuminate/Http/Request))
#22 C:/laragon/www/APK_POS2/vendor/laravel/framework/src/Illuminate/Pipeline/Pipeline.php(219): Illuminate/View/Middleware/ShareErrorsFromSession->handle(Object(Illuminate/Http/Request), Object(Closure))
#23 C:/laragon/www/APK_POS2/vendor/laravel/framework/src/Illuminate/Session/Middleware/StartSession.php(120): Illuminate/Pipeline/Pipeline->{closure:{closure:Illuminate/Pipeline/Pipeline::carry():194}:195}(Object(Illuminate/Http/Request))
#24 C:/laragon/www/APK_POS2/vendor/laravel/framework/src/Illuminate/Session/Middleware/StartSession.php(63): Illuminate/Session/Middleware/StartSession->handleStatefulRequest(Object(Illuminate/Http/Request), Object(Illuminate/Session/Store), Object(Closure))
#25 C:/laragon/www/APK_POS2/vendor/laravel/framework/src/Illuminate/Pipeline/Pipeline.php(219): Illuminate/Session/Middleware/StartSession->handle(Object(Illuminate/Http/Request), Object(Closure))
#26 C:/laragon/www/APK_POS2/vendor/laravel/framework/src/Illuminate/Cookie/Middleware/AddQueuedCookiesToResponse.php(36): Illuminate/Pipeline/Pipeline->{closure:{closure:Illuminate/Pipeline/Pipeline::carry():194}:195}(Object(Illuminate/Http/Request))
#27 C:/laragon/www/APK_POS2/vendor/laravel/framework/src/Illuminate/Pipeline/Pipeline.php(219): Illuminate/Cookie/Middleware/AddQueuedCookiesToResponse->handle(Object(Illuminate/Http/Request), Object(Closure))
#28 C:/laragon/www/APK_POS2/vendor/laravel/framework/src/Illuminate/Cookie/Middleware/EncryptCookies.php(74): Illuminate/Pipeline/Pipeline->{closure:{closure:Illuminate/Pipeline/Pipeline::carry():194}:195}(Object(Illuminate/Http/Request))
#29 C:/laragon/www/APK_POS2/vendor/laravel/framework/src/Illuminate/Pipeline/Pipeline.php(219): Illuminate/Cookie/Middleware/EncryptCookies->handle(Object(Illuminate/Http/Request), Object(Closure))
#30 C:/laragon/www/APK_POS2/vendor/laravel/framework/src/Illuminate/Pipeline/Pipeline.php(137): Illuminate/Pipeline/Pipeline->{closure:{closure:Illuminate/Pipeline/Pipeline::carry():194}:195}(Object(Illuminate/Http/Request))
#31 C:/laragon/www/APK_POS2/vendor/laravel/framework/src/Illuminate/Routing/Router.php(821): Illuminate/Pipeline/Pipeline->then(Object(Closure))
#32 C:/laragon/www/APK_POS2/vendor/laravel/framework/src/Illuminate/Routing/Router.php(800): Illuminate/Routing/Router->runRouteWithinStack(Object(Illuminate/Routing/Route), Object(Illuminate/Http/Request))
#33 C:/laragon/www/APK_POS2/vendor/laravel/framework/src/Illuminate/Routing/Router.php(764): Illuminate/Routing/Router->runRoute(Object(Illuminate/Http/Request), Object(Illuminate/Routing/Route))
#34 C:/laragon/www/APK_POS2/vendor/laravel/framework/src/Illuminate/Routing/Router.php(753): Illuminate/Routing/Router->dispatchToRoute(Object(Illuminate/Http/Request))
#35 C:/laragon/www/APK_POS2/vendor/laravel/framework/src/Illuminate/Foundation/Http/Kernel.php(200): Illuminate/Routing/Router->dispatch(Object(Illuminate/Http/Request))
#36 C:/laragon/www/APK_POS2/vendor/laravel/framework/src/Illuminate/Pipeline/Pipeline.php(180): Illuminate/Foundation/Http/Kernel->{closure:Illuminate/Foundation/Http/Kernel::dispatchToRouter():197}(Object(Illuminate/Http/Request))
#37 C:/laragon/www/APK_POS2/vendor/laravel/framework/src/Illuminate/Foundation/Http/Middleware/TransformsRequest.php(21): Illuminate/Pipeline/Pipeline->{closure:Illuminate/Pipeline/Pipeline::prepareDestination():178}(Object(Illuminate/Http/Request))
#38 C:/laragon/www/APK_POS2/vendor/laravel/framework/src/Illuminate/Foundation/Http/Middleware/ConvertEmptyStringsToNull.php(31): Illuminate/Foundation/Http/Middleware/TransformsRequest->handle(Object(Illuminate/Http/Request), Object(Closure))
#39 C:/laragon/www/APK_POS2/vendor/laravel/framework/src/Illuminate/Pipeline/Pipeline.php(219): Illuminate/Foundation/Http/Middleware/ConvertEmptyStringsToNull->handle(Object(Illuminate/Http/Request), Object(Closure))
#40 C:/laragon/www/APK_POS2/vendor/laravel/framework/src/Illuminate/Foundation/Http/Middleware/TransformsRequest.php(21): Illuminate/Pipeline/Pipeline->{closure:{closure:Illuminate/Pipeline/Pipeline::carry():194}:195}(Object(Illuminate/Http/Request))
#41 C:/laragon/www/APK_POS2/vendor/laravel/framework/src/Illuminate/Foundation/Http/Middleware/TrimStrings.php(51): Illuminate/Foundation/Http/Middleware/TransformsRequest->handle(Object(Illuminate/Http/Request), Object(Closure))
#42 C:/laragon/www/APK_POS2/vendor/laravel/framework/src/Illuminate/Pipeline/Pipeline.php(219): Illuminate/Foundation/Http/Middleware/TrimStrings->handle(Object(Illuminate/Http/Request), Object(Closure))
#43 C:/laragon/www/APK_POS2/vendor/laravel/framework/src/Illuminate/Http/Middleware/ValidatePostSize.php(27): Illuminate/Pipeline/Pipeline->{closure:{closure:Illuminate/Pipeline/Pipeline::carry():194}:195}(Object(Illuminate/Http/Request))
#44 C:/laragon/www/APK_POS2/vendor/laravel/framework/src/Illuminate/Pipeline/Pipeline.php(219): Illuminate/Http/Middleware/ValidatePostSize->handle(Object(Illuminate/Http/Request), Object(Closure))
#45 C:/laragon/www/APK_POS2/vendor/laravel/framework/src/Illuminate/Foundation/Http/Middleware/PreventRequestsDuringMaintenance.php(109): Illuminate/Pipeline/Pipeline->{closure:{closure:Illuminate/Pipeline/Pipeline::carry():194}:195}(Object(Illuminate/Http/Request))
#46 C:/laragon/www/APK_POS2/vendor/laravel/framework/src/Illuminate/Pipeline/Pipeline.php(219): Illuminate/Foundation/Http/Middleware/PreventRequestsDuringMaintenance->handle(Object(Illuminate/Http/Request), Object(Closure))
#47 C:/laragon/www/APK_POS2/vendor/laravel/framework/src/Illuminate/Http/Middleware/HandleCors.php(61): Illuminate/Pipeline/Pipeline->{closure:{closure:Illuminate/Pipeline/Pipeline::carry():194}:195}(Object(Illuminate/Http/Request))
#48 C:/laragon/www/APK_POS2/vendor/laravel/framework/src/Illuminate/Pipeline/Pipeline.php(219): Illuminate/Http/Middleware/HandleCors->handle(Object(Illuminate/Http/Request), Object(Closure))
#49 C:/laragon/www/APK_POS2/vendor/laravel/framework/src/Illuminate/Http/Middleware/TrustProxies.php(58): Illuminate/Pipeline/Pipeline->{closure:{closure:Illuminate/Pipeline/Pipeline::carry():194}:195}(Object(Illuminate/Http/Request))
#50 C:/laragon/www/APK_POS2/vendor/laravel/framework/src/Illuminate/Pipeline/Pipeline.php(219): Illuminate/Http/Middleware/TrustProxies->handle(Object(Illuminate/Http/Request), Object(Closure))
#51 C:/laragon/www/APK_POS2/vendor/laravel/framework/src/Illuminate/Foundation/Http/Middleware/InvokeDeferredCallbacks.php(22): Illuminate/Pipeline/Pipeline->{closure:{closure:Illuminate/Pipeline/Pipeline::carry():194}:195}(Object(Illuminate/Http/Request))
#52 C:/laragon/www/APK_POS2/vendor/laravel/framework/src/Illuminate/Pipeline/Pipeline.php(219): Illuminate/Foundation/Http/Middleware/InvokeDeferredCallbacks->handle(Object(Illuminate/Http/Request), Object(Closure))
#53 C:/laragon/www/APK_POS2/vendor/laravel/framework/src/Illuminate/Http/Middleware/ValidatePathEncoding.php(26): Illuminate/Pipeline/Pipeline->{closure:{closure:Illuminate/Pipeline/Pipeline::carry():194}:195}(Object(Illuminate/Http/Request))
#54 C:/laragon/www/APK_POS2/vendor/laravel/framework/src/Illuminate/Pipeline/Pipeline.php(219): Illuminate/Http/Middleware/ValidatePathEncoding->handle(Object(Illuminate/Http/Request), Object(Closure))
#55 C:/laragon/www/APK_POS2/vendor/laravel/framework/src/Illuminate/Pipeline/Pipeline.php(137): Illuminate/Pipeline/Pipeline->{closure:{closure:Illuminate/Pipeline/Pipeline::carry():194}:195}(Object(Illuminate/Http/Request))
#56 C:/laragon/www/APK_POS2/vendor/laravel/framework/src/Illuminate/Foundation/Http/Kernel.php(175): Illuminate/Pipeline/Pipeline->then(Object(Closure))
#57 C:/laragon/www/APK_POS2/vendor/laravel/framework/src/Illuminate/Foundation/Http/Kernel.php(144): Illuminate/Foundation/Http/Kernel->sendRequestThroughRouter(Object(Illuminate/Http/Request))
#58 C:/laragon/www/APK_POS2/vendor/laravel/framework/src/Illuminate/Foundation/Application.php(1220): Illuminate/Foundation/Http/Kernel->handle(Object(Illuminate/Http/Request))
#59 C:/laragon/www/APK_POS2/public/index.php(20): Illuminate/Foundation/Application->handleRequest(Object(Illuminate/Http/Request))
#60 C:/laragon/www/APK_POS2/vendor/laravel/framework/src/Illuminate/Foundation/resources/server.php(23): require_once('C://laragon//www//...')
#61 {main}

[previous exception] [object] (PDOException(code: 23000): SQLSTATE[23000]: Integrity constraint violation: 1451 Cannot delete or update a parent row: a foreign key constraint fails (`pos_faizzz`.`item_penjualan`, CONSTRAINT `item_penjualan_produk_id_foreign` FOREIGN KEY (`produk_id`) REFERENCES `produk` (`id`)) at C:/laragon/www/APK_POS2/vendor/laravel/framework/src/Illuminate/Database/Connection.php:609)
[stacktrace]
#0 C:/laragon/www/APK_POS2/vendor/laravel/framework/src/Illuminate/Database/Connection.php(609): PDOStatement->execute()
#1 C:/laragon/www/APK_POS2/vendor/laravel/framework/src/Illuminate/Database/Connection.php(827): Illuminate/Database/Connection->{closure:Illuminate/Database/Connection::affectingStatement():597}('delete from `pr...', Array)
#2 C:/laragon/www/APK_POS2/vendor/laravel/framework/src/Illuminate/Database/Connection.php(794): Illuminate/Database/Connection->runQueryCallback('delete from `pr...', Array, Object(Closure))
#3 C:/laragon/www/APK_POS2/vendor/laravel/framework/src/Illuminate/Database/Connection.php(597): Illuminate/Database/Connection->run('delete from `pr...', Array, Object(Closure))
#4 C:/laragon/www/APK_POS2/vendor/laravel/framework/src/Illuminate/Database/Connection.php(561): Illuminate/Database/Connection->affectingStatement('delete from `pr...', Array)
#5 C:/laragon/www/APK_POS2/vendor/laravel/framework/src/Illuminate/Database/Query/Builder.php(4426): Illuminate/Database/Connection->delete('delete from `pr...', Array)
#6 C:/laragon/www/APK_POS2/vendor/laravel/framework/src/Illuminate/Database/Eloquent/Builder.php(1480): Illuminate/Database/Query/Builder->delete()
#7 C:/laragon/www/APK_POS2/vendor/laravel/framework/src/Illuminate/Database/Eloquent/Model.php(1578): Illuminate/Database/Eloquent/Builder->delete()
#8 C:/laragon/www/APK_POS2/vendor/laravel/framework/src/Illuminate/Database/Eloquent/Model.php(1510): Illuminate/Database/Eloquent/Model->performDeleteOnModel()
#9 C:/laragon/www/APK_POS2/app/Http/Controllers/ProdukController.php(110): Illuminate/Database/Eloquent/Model->delete()
#10 C:/laragon/www/APK_POS2/vendor/laravel/framework/src/Illuminate/Routing/ControllerDispatcher.php(46): App/Http/Controllers/ProdukController->destroy(Object(App/Models/Produk))
#11 C:/laragon/www/APK_POS2/vendor/laravel/framework/src/Illuminate/Routing/Route.php(265): Illuminate/Routing/ControllerDispatcher->dispatch(Object(Illuminate/Routing/Route), Object(App/Http/Controllers/ProdukController), 'destroy')
#12 C:/laragon/www/APK_POS2/vendor/laravel/framework/src/Illuminate/Routing/Route.php(211): Illuminate/Routing/Route->runController()
#13 C:/laragon/www/APK_POS2/vendor/laravel/framework/src/Illuminate/Routing/Router.php(822): Illuminate/Routing/Route->run()
#14 C:/laragon/www/APK_POS2/vendor/laravel/framework/src/Illuminate/Pipeline/Pipeline.php(180): Illuminate/Routing/Router->{closure:Illuminate/Routing/Router::runRouteWithinStack():821}(Object(Illuminate/Http/Request))
#15 C:/laragon/www/APK_POS2/app/Http/Middleware/RoleMiddleware.php(27): Illuminate/Pipeline/Pipeline->{closure:Illuminate/Pipeline/Pipeline::prepareDestination():178}(Object(Illuminate/Http/Request))
#16 C:/laragon/www/APK_POS2/vendor/laravel/framework/src/Illuminate/Pipeline/Pipeline.php(219): App/Http/Middleware/RoleMiddleware->handle(Object(Illuminate/Http/Request), Object(Closure), 'admin', 'kasir')
#17 C:/laragon/www/APK_POS2/vendor/laravel/framework/src/Illuminate/Routing/Middleware/SubstituteBindings.php(50): Illuminate/Pipeline/Pipeline->{closure:{closure:Illuminate/Pipeline/Pipeline::carry():194}:195}(Object(Illuminate/Http/Request))
#18 C:/laragon/www/APK_POS2/vendor/laravel/framework/src/Illuminate/Pipeline/Pipeline.php(219): Illuminate/Routing/Middleware/SubstituteBindings->handle(Object(Illuminate/Http/Request), Object(Closure))
#19 C:/laragon/www/APK_POS2/vendor/laravel/framework/src/Illuminate/Auth/Middleware/Authenticate.php(63): Illuminate/Pipeline/Pipeline->{closure:{closure:Illuminate/Pipeline/Pipeline::carry():194}:195}(Object(Illuminate/Http/Request))
#20 C:/laragon/www/APK_POS2/vendor/laravel/framework/src/Illuminate/Pipeline/Pipeline.php(219): Illuminate/Auth/Middleware/Authenticate->handle(Object(Illuminate/Http/Request), Object(Closure))
#21 C:/laragon/www/APK_POS2/vendor/laravel/framework/src/Illuminate/Foundation/Http/Middleware/VerifyCsrfToken.php(87): Illuminate/Pipeline/Pipeline->{closure:{closure:Illuminate/Pipeline/Pipeline::carry():194}:195}(Object(Illuminate/Http/Request))
#22 C:/laragon/www/APK_POS2/vendor/laravel/framework/src/Illuminate/Pipeline/Pipeline.php(219): Illuminate/Foundation/Http/Middleware/VerifyCsrfToken->handle(Object(Illuminate/Http/Request), Object(Closure))
#23 C:/laragon/www/APK_POS2/vendor/laravel/framework/src/Illuminate/View/Middleware/ShareErrorsFromSession.php(48): Illuminate/Pipeline/Pipeline->{closure:{closure:Illuminate/Pipeline/Pipeline::carry():194}:195}(Object(Illuminate/Http/Request))
#24 C:/laragon/www/APK_POS2/vendor/laravel/framework/src/Illuminate/Pipeline/Pipeline.php(219): Illuminate/View/Middleware/ShareErrorsFromSession->handle(Object(Illuminate/Http/Request), Object(Closure))
#25 C:/laragon/www/APK_POS2/vendor/laravel/framework/src/Illuminate/Session/Middleware/StartSession.php(120): Illuminate/Pipeline/Pipeline->{closure:{closure:Illuminate/Pipeline/Pipeline::carry():194}:195}(Object(Illuminate/Http/Request))
#26 C:/laragon/www/APK_POS2/vendor/laravel/framework/src/Illuminate/Session/Middleware/StartSession.php(63): Illuminate/Session/Middleware/StartSession->handleStatefulRequest(Object(Illuminate/Http/Request), Object(Illuminate/Session/Store), Object(Closure))
#27 C:/laragon/www/APK_POS2/vendor/laravel/framework/src/Illuminate/Pipeline/Pipeline.php(219): Illuminate/Session/Middleware/StartSession->handle(Object(Illuminate/Http/Request), Object(Closure))
#28 C:/laragon/www/APK_POS2/vendor/laravel/framework/src/Illuminate/Cookie/Middleware/AddQueuedCookiesToResponse.php(36): Illuminate/Pipeline/Pipeline->{closure:{closure:Illuminate/Pipeline/Pipeline::carry():194}:195}(Object(Illuminate/Http/Request))
#29 C:/laragon/www/APK_POS2/vendor/laravel/framework/src/Illuminate/Pipeline/Pipeline.php(219): Illuminate/Cookie/Middleware/AddQueuedCookiesToResponse->handle(Object(Illuminate/Http/Request), Object(Closure))
#30 C:/laragon/www/APK_POS2/vendor/laravel/framework/src/Illuminate/Cookie/Middleware/EncryptCookies.php(74): Illuminate/Pipeline/Pipeline->{closure:{closure:Illuminate/Pipeline/Pipeline::carry():194}:195}(Object(Illuminate/Http/Request))
#31 C:/laragon/www/APK_POS2/vendor/laravel/framework/src/Illuminate/Pipeline/Pipeline.php(219): Illuminate/Cookie/Middleware/EncryptCookies->handle(Object(Illuminate/Http/Request), Object(Closure))
#32 C:/laragon/www/APK_POS2/vendor/laravel/framework/src/Illuminate/Pipeline/Pipeline.php(137): Illuminate/Pipeline/Pipeline->{closure:{closure:Illuminate/Pipeline/Pipeline::carry():194}:195}(Object(Illuminate/Http/Request))
#33 C:/laragon/www/APK_POS2/vendor/laravel/framework/src/Illuminate/Routing/Router.php(821): Illuminate/Pipeline/Pipeline->then(Object(Closure))
#34 C:/laragon/www/APK_POS2/vendor/laravel/framework/src/Illuminate/Routing/Router.php(800): Illuminate/Routing/Router->runRouteWithinStack(Object(Illuminate/Routing/Route), Object(Illuminate/Http/Request))
#35 C:/laragon/www/APK_POS2/vendor/laravel/framework/src/Illuminate/Routing/Router.php(764): Illuminate/Routing/Router->runRoute(Object(Illuminate/Http/Request), Object(Illuminate/Routing/Route))
#36 C:/laragon/www/APK_POS2/vendor/laravel/framework/src/Illuminate/Routing/Router.php(753): Illuminate/Routing/Router->dispatchToRoute(Object(Illuminate/Http/Request))
#37 C:/laragon/www/APK_POS2/vendor/laravel/framework/src/Illuminate/Foundation/Http/Kernel.php(200): Illuminate/Routing/Router->dispatch(Object(Illuminate/Http/Request))
#38 C:/laragon/www/APK_POS2/vendor/laravel/framework/src/Illuminate/Pipeline/Pipeline.php(180): Illuminate/Foundation/Http/Kernel->{closure:Illuminate/Foundation/Http/Kernel::dispatchToRouter():197}(Object(Illuminate/Http/Request))
#39 C:/laragon/www/APK_POS2/vendor/laravel/framework/src/Illuminate/Foundation/Http/Middleware/TransformsRequest.php(21): Illuminate/Pipeline/Pipeline->{closure:Illuminate/Pipeline/Pipeline::prepareDestination():178}(Object(Illuminate/Http/Request))
#40 C:/laragon/www/APK_POS2/vendor/laravel/framework/src/Illuminate/Foundation/Http/Middleware/ConvertEmptyStringsToNull.php(31): Illuminate/Foundation/Http/Middleware/TransformsRequest->handle(Object(Illuminate/Http/Request), Object(Closure))
#41 C:/laragon/www/APK_POS2/vendor/laravel/framework/src/Illuminate/Pipeline/Pipeline.php(219): Illuminate/Foundation/Http/Middleware/ConvertEmptyStringsToNull->handle(Object(Illuminate/Http/Request), Object(Closure))
#42 C:/laragon/www/APK_POS2/vendor/laravel/framework/src/Illuminate/Foundation/Http/Middleware/TransformsRequest.php(21): Illuminate/Pipeline/Pipeline->{closure:{closure:Illuminate/Pipeline/Pipeline::carry():194}:195}(Object(Illuminate/Http/Request))
#43 C:/laragon/www/APK_POS2/vendor/laravel/framework/src/Illuminate/Foundation/Http/Middleware/TrimStrings.php(51): Illuminate/Foundation/Http/Middleware/TransformsRequest->handle(Object(Illuminate/Http/Request), Object(Closure))
#44 C:/laragon/www/APK_POS2/vendor/laravel/framework/src/Illuminate/Pipeline/Pipeline.php(219): Illuminate/Foundation/Http/Middleware/TrimStrings->handle(Object(Illuminate/Http/Request), Object(Closure))
#45 C:/laragon/www/APK_POS2/vendor/laravel/framework/src/Illuminate/Http/Middleware/ValidatePostSize.php(27): Illuminate/Pipeline/Pipeline->{closure:{closure:Illuminate/Pipeline/Pipeline::carry():194}:195}(Object(Illuminate/Http/Request))
#46 C:/laragon/www/APK_POS2/vendor/laravel/framework/src/Illuminate/Pipeline/Pipeline.php(219): Illuminate/Http/Middleware/ValidatePostSize->handle(Object(Illuminate/Http/Request), Object(Closure))
#47 C:/laragon/www/APK_POS2/vendor/laravel/framework/src/Illuminate/Foundation/Http/Middleware/PreventRequestsDuringMaintenance.php(109): Illuminate/Pipeline/Pipeline->{closure:{closure:Illuminate/Pipeline/Pipeline::carry():194}:195}(Object(Illuminate/Http/Request))
#48 C:/laragon/www/APK_POS2/vendor/laravel/framework/src/Illuminate/Pipeline/Pipeline.php(219): Illuminate/Foundation/Http/Middleware/PreventRequestsDuringMaintenance->handle(Object(Illuminate/Http/Request), Object(Closure))
#49 C:/laragon/www/APK_POS2/vendor/laravel/framework/src/Illuminate/Http/Middleware/HandleCors.php(61): Illuminate/Pipeline/Pipeline->{closure:{closure:Illuminate/Pipeline/Pipeline::carry():194}:195}(Object(Illuminate/Http/Request))
#50 C:/laragon/www/APK_POS2/vendor/laravel/framework/src/Illuminate/Pipeline/Pipeline.php(219): Illuminate/Http/Middleware/HandleCors->handle(Object(Illuminate/Http/Request), Object(Closure))
#51 C:/laragon/www/APK_POS2/vendor/laravel/framework/src/Illuminate/Http/Middleware/TrustProxies.php(58): Illuminate/Pipeline/Pipeline->{closure:{closure:Illuminate/Pipeline/Pipeline::carry():194}:195}(Object(Illuminate/Http/Request))
#52 C:/laragon/www/APK_POS2/vendor/laravel/framework/src/Illuminate/Pipeline/Pipeline.php(219): Illuminate/Http/Middleware/TrustProxies->handle(Object(Illuminate/Http/Request), Object(Closure))
#53 C:/laragon/www/APK_POS2/vendor/laravel/framework/src/Illuminate/Foundation/Http/Middleware/InvokeDeferredCallbacks.php(22): Illuminate/Pipeline/Pipeline->{closure:{closure:Illuminate/Pipeline/Pipeline::carry():194}:195}(Object(Illuminate/Http/Request))
#54 C:/laragon/www/APK_POS2/vendor/laravel/framework/src/Illuminate/Pipeline/Pipeline.php(219): Illuminate/Foundation/Http/Middleware/InvokeDeferredCallbacks->handle(Object(Illuminate/Http/Request), Object(Closure))
#55 C:/laragon/www/APK_POS2/vendor/laravel/framework/src/Illuminate/Http/Middleware/ValidatePathEncoding.php(26): Illuminate/Pipeline/Pipeline->{closure:{closure:Illuminate/Pipeline/Pipeline::carry():194}:195}(Object(Illuminate/Http/Request))
#56 C:/laragon/www/APK_POS2/vendor/laravel/framework/src/Illuminate/Pipeline/Pipeline.php(219): Illuminate/Http/Middleware/ValidatePathEncoding->handle(Object(Illuminate/Http/Request), Object(Closure))
#57 C:/laragon/www/APK_POS2/vendor/laravel/framework/src/Illuminate/Pipeline/Pipeline.php(137): Illuminate/Pipeline/Pipeline->{closure:{closure:Illuminate/Pipeline/Pipeline::carry():194}:195}(Object(Illuminate/Http/Request))
#58 C:/laragon/www/APK_POS2/vendor/laravel/framework/src/Illuminate/Foundation/Http/Kernel.php(175): Illuminate/Pipeline/Pipeline->then(Object(Closure))
#59 C:/laragon/www/APK_POS2/vendor/laravel/framework/src/Illuminate/Foundation/Http/Kernel.php(144): Illuminate/Foundation/Http/Kernel->sendRequestThroughRouter(Object(Illuminate/Http/Request))
#60 C:/laragon/www/APK_POS2/vendor/laravel/framework/src/Illuminate/Foundation/Application.php(1220): Illuminate/Foundation/Http/Kernel->handle(Object(Illuminate/Http/Request))
#61 C:/laragon/www/APK_POS2/public/index.php(20): Illuminate/Foundation/Application->handleRequest(Object(Illuminate/Http/Request))
#62 C:/laragon/www/APK_POS2/vendor/laravel/framework/src/Illuminate/Foundation/resources/server.php(23): require_once('C://laragon//www//...')
#63 {main}
"} 
[2026-08-06 07:04:35] local.ERROR: SQLSTATE[23000]: Integrity constraint violation: 1451 Cannot delete or update a parent row: a foreign key constraint fails (`pos_faizzz`.`item_penjualan`, CONSTRAINT `item_penjualan_produk_id_foreign` FOREIGN KEY (`produk_id`) REFERENCES `produk` (`id`)) (Connection: mysql, Host: 127.0.0.1, Port: 3306, Database: pos_faizzz, SQL: delete from `produk` where `id` = 1) {"userId":2,"exception":"[object] (Illuminate\\Database\\QueryException(code: 23000): SQLSTATE[23000]: Integrity constraint violation: 1451 Cannot delete or update a parent row: a foreign key constraint fails (`pos_faizzz`.`item_penjualan`, CONSTRAINT `item_penjualan_produk_id_foreign` FOREIGN KEY (`produk_id`) REFERENCES `produk` (`id`)) (Connection: mysql, Host: 127.0.0.1, Port: 3306, Database: pos_faizzz, SQL: delete from `produk` where `id` = 1) at C:/laragon/www/APK_POS2/vendor/laravel/framework/src/Illuminate/Database/Connection.php:838)
[stacktrace]
#0 C:/laragon/www/APK_POS2/vendor/laravel/framework/src/Illuminate/Database/Connection.php(794): Illuminate/Database/Connection->runQueryCallback('delete from `pr...', Array, Object(Closure))
#1 C:/laragon/www/APK_POS2/vendor/laravel/framework/src/Illuminate/Database/Connection.php(597): Illuminate/Database/Connection->run('delete from `pr...', Array, Object(Closure))
#2 C:/laragon/www/APK_POS2/vendor/laravel/framework/src/Illuminate/Database/Connection.php(561): Illuminate/Database/Connection->affectingStatement('delete from `pr...', Array)
#3 C:/laragon/www/APK_POS2/vendor/laravel/framework/src/Illuminate/Database/Query/Builder.php(4426): Illuminate/Database/Connection->delete('delete from `pr...', Array)
#4 C:/laragon/www/APK_POS2/vendor/laravel/framework/src/Illuminate/Database/Eloquent/Builder.php(1480): Illuminate/Database/Query/Builder->delete()
#5 C:/laragon/www/APK_POS2/vendor/laravel/framework/src/Illuminate/Database/Eloquent/Model.php(1578): Illuminate/Database/Eloquent/Builder->delete()
#6 C:/laragon/www/APK_POS2/vendor/laravel/framework/src/Illuminate/Database/Eloquent/Model.php(1510): Illuminate/Database/Eloquent/Model->performDeleteOnModel()
#7 C:/laragon/www/APK_POS2/app/Http/Controllers/ProdukController.php(110): Illuminate/Database/Eloquent/Model->delete()
#8 C:/laragon/www/APK_POS2/vendor/laravel/framework/src/Illuminate/Routing/ControllerDispatcher.php(46): App/Http/Controllers/ProdukController->destroy(Object(App/Models/Produk))
#9 C:/laragon/www/APK_POS2/vendor/laravel/framework/src/Illuminate/Routing/Route.php(265): Illuminate/Routing/ControllerDispatcher->dispatch(Object(Illuminate/Routing/Route), Object(App/Http/Controllers/ProdukController), 'destroy')
#10 C:/laragon/www/APK_POS2/vendor/laravel/framework/src/Illuminate/Routing/Route.php(211): Illuminate/Routing/Route->runController()
#11 C:/laragon/www/APK_POS2/vendor/laravel/framework/src/Illuminate/Routing/Router.php(822): Illuminate/Routing/Route->run()
#12 C:/laragon/www/APK_POS2/vendor/laravel/framework/src/Illuminate/Pipeline/Pipeline.php(180): Illuminate/Routing/Router->{closure:Illuminate/Routing/Router::runRouteWithinStack():821}(Object(Illuminate/Http/Request))
#13 C:/laragon/www/APK_POS2/app/Http/Middleware/RoleMiddleware.php(27): Illuminate/Pipeline/Pipeline->{closure:Illuminate/Pipeline/Pipeline::prepareDestination():178}(Object(Illuminate/Http/Request))
#14 C:/laragon/www/APK_POS2/vendor/laravel/framework/src/Illuminate/Pipeline/Pipeline.php(219): App/Http/Middleware/RoleMiddleware->handle(Object(Illuminate/Http/Request), Object(Closure), 'admin', 'kasir')
#15 C:/laragon/www/APK_POS2/vendor/laravel/framework/src/Illuminate/Routing/Middleware/SubstituteBindings.php(50): Illuminate/Pipeline/Pipeline->{closure:{closure:Illuminate/Pipeline/Pipeline::carry():194}:195}(Object(Illuminate/Http/Request))
#16 C:/laragon/www/APK_POS2/vendor/laravel/framework/src/Illuminate/Pipeline/Pipeline.php(219): Illuminate/Routing/Middleware/SubstituteBindings->handle(Object(Illuminate/Http/Request), Object(Closure))
#17 C:/laragon/www/APK_POS2/vendor/laravel/framework/src/Illuminate/Auth/Middleware/Authenticate.php(63): Illuminate/Pipeline/Pipeline->{closure:{closure:Illuminate/Pipeline/Pipeline::carry():194}:195}(Object(Illuminate/Http/Request))
#18 C:/laragon/www/APK_POS2/vendor/laravel/framework/src/Illuminate/Pipeline/Pipeline.php(219): Illuminate/Auth/Middleware/Authenticate->handle(Object(Illuminate/Http/Request), Object(Closure))
#19 C:/laragon/www/APK_POS2/vendor/laravel/framework/src/Illuminate/Foundation/Http/Middleware/VerifyCsrfToken.php(87): Illuminate/Pipeline/Pipeline->{closure:{closure:Illuminate/Pipeline/Pipeline::carry():194}:195}(Object(Illuminate/Http/Request))
#20 C:/laragon/www/APK_POS2/vendor/laravel/framework/src/Illuminate/Pipeline/Pipeline.php(219): Illuminate/Foundation/Http/Middleware/VerifyCsrfToken->handle(Object(Illuminate/Http/Request), Object(Closure))
#21 C:/laragon/www/APK_POS2/vendor/laravel/framework/src/Illuminate/View/Middleware/ShareErrorsFromSession.php(48): Illuminate/Pipeline/Pipeline->{closure:{closure:Illuminate/Pipeline/Pipeline::carry():194}:195}(Object(Illuminate/Http/Request))
#22 C:/laragon/www/APK_POS2/vendor/laravel/framework/src/Illuminate/Pipeline/Pipeline.php(219): Illuminate/View/Middleware/ShareErrorsFromSession->handle(Object(Illuminate/Http/Request), Object(Closure))
#23 C:/laragon/www/APK_POS2/vendor/laravel/framework/src/Illuminate/Session/Middleware/StartSession.php(120): Illuminate/Pipeline/Pipeline->{closure:{closure:Illuminate/Pipeline/Pipeline::carry():194}:195}(Object(Illuminate/Http/Request))
#24 C:/laragon/www/APK_POS2/vendor/laravel/framework/src/Illuminate/Session/Middleware/StartSession.php(63): Illuminate/Session/Middleware/StartSession->handleStatefulRequest(Object(Illuminate/Http/Request), Object(Illuminate/Session/Store), Object(Closure))
#25 C:/laragon/www/APK_POS2/vendor/laravel/framework/src/Illuminate/Pipeline/Pipeline.php(219): Illuminate/Session/Middleware/StartSession->handle(Object(Illuminate/Http/Request), Object(Closure))
#26 C:/laragon/www/APK_POS2/vendor/laravel/framework/src/Illuminate/Cookie/Middleware/AddQueuedCookiesToResponse.php(36): Illuminate/Pipeline/Pipeline->{closure:{closure:Illuminate/Pipeline/Pipeline::carry():194}:195}(Object(Illuminate/Http/Request))
#27 C:/laragon/www/APK_POS2/vendor/laravel/framework/src/Illuminate/Pipeline/Pipeline.php(219): Illuminate/Cookie/Middleware/AddQueuedCookiesToResponse->handle(Object(Illuminate/Http/Request), Object(Closure))
#28 C:/laragon/www/APK_POS2/vendor/laravel/framework/src/Illuminate/Cookie/Middleware/EncryptCookies.php(74): Illuminate/Pipeline/Pipeline->{closure:{closure:Illuminate/Pipeline/Pipeline::carry():194}:195}(Object(Illuminate/Http/Request))
#29 C:/laragon/www/APK_POS2/vendor/laravel/framework/src/Illuminate/Pipeline/Pipeline.php(219): Illuminate/Cookie/Middleware/EncryptCookies->handle(Object(Illuminate/Http/Request), Object(Closure))
#30 C:/laragon/www/APK_POS2/vendor/laravel/framework/src/Illuminate/Pipeline/Pipeline.php(137): Illuminate/Pipeline/Pipeline->{closure:{closure:Illuminate/Pipeline/Pipeline::carry():194}:195}(Object(Illuminate/Http/Request))
#31 C:/laragon/www/APK_POS2/vendor/laravel/framework/src/Illuminate/Routing/Router.php(821): Illuminate/Pipeline/Pipeline->then(Object(Closure))
#32 C:/laragon/www/APK_POS2/vendor/laravel/framework/src/Illuminate/Routing/Router.php(800): Illuminate/Routing/Router->runRouteWithinStack(Object(Illuminate/Routing/Route), Object(Illuminate/Http/Request))
#33 C:/laragon/www/APK_POS2/vendor/laravel/framework/src/Illuminate/Routing/Router.php(764): Illuminate/Routing/Router->runRoute(Object(Illuminate/Http/Request), Object(Illuminate/Routing/Route))
#34 C:/laragon/www/APK_POS2/vendor/laravel/framework/src/Illuminate/Routing/Router.php(753): Illuminate/Routing/Router->dispatchToRoute(Object(Illuminate/Http/Request))
#35 C:/laragon/www/APK_POS2/vendor/laravel/framework/src/Illuminate/Foundation/Http/Kernel.php(200): Illuminate/Routing/Router->dispatch(Object(Illuminate/Http/Request))
#36 C:/laragon/www/APK_POS2/vendor/laravel/framework/src/Illuminate/Pipeline/Pipeline.php(180): Illuminate/Foundation/Http/Kernel->{closure:Illuminate/Foundation/Http/Kernel::dispatchToRouter():197}(Object(Illuminate/Http/Request))
#37 C:/laragon/www/APK_POS2/vendor/laravel/framework/src/Illuminate/Foundation/Http/Middleware/TransformsRequest.php(21): Illuminate/Pipeline/Pipeline->{closure:Illuminate/Pipeline/Pipeline::prepareDestination():178}(Object(Illuminate/Http/Request))
#38 C:/laragon/www/APK_POS2/vendor/laravel/framework/src/Illuminate/Foundation/Http/Middleware/ConvertEmptyStringsToNull.php(31): Illuminate/Foundation/Http/Middleware/TransformsRequest->handle(Object(Illuminate/Http/Request), Object(Closure))
#39 C:/laragon/www/APK_POS2/vendor/laravel/framework/src/Illuminate/Pipeline/Pipeline.php(219): Illuminate/Foundation/Http/Middleware/ConvertEmptyStringsToNull->handle(Object(Illuminate/Http/Request), Object(Closure))
#40 C:/laragon/www/APK_POS2/vendor/laravel/framework/src/Illuminate/Foundation/Http/Middleware/TransformsRequest.php(21): Illuminate/Pipeline/Pipeline->{closure:{closure:Illuminate/Pipeline/Pipeline::carry():194}:195}(Object(Illuminate/Http/Request))
#41 C:/laragon/www/APK_POS2/vendor/laravel/framework/src/Illuminate/Foundation/Http/Middleware/TrimStrings.php(51): Illuminate/Foundation/Http/Middleware/TransformsRequest->handle(Object(Illuminate/Http/Request), Object(Closure))
#42 C:/laragon/www/APK_POS2/vendor/laravel/framework/src/Illuminate/Pipeline/Pipeline.php(219): Illuminate/Foundation/Http/Middleware/TrimStrings->handle(Object(Illuminate/Http/Request), Object(Closure))
#43 C:/laragon/www/APK_POS2/vendor/laravel/framework/src/Illuminate/Http/Middleware/ValidatePostSize.php(27): Illuminate/Pipeline/Pipeline->{closure:{closure:Illuminate/Pipeline/Pipeline::carry():194}:195}(Object(Illuminate/Http/Request))
#44 C:/laragon/www/APK_POS2/vendor/laravel/framework/src/Illuminate/Pipeline/Pipeline.php(219): Illuminate/Http/Middleware/ValidatePostSize->handle(Object(Illuminate/Http/Request), Object(Closure))
#45 C:/laragon/www/APK_POS2/vendor/laravel/framework/src/Illuminate/Foundation/Http/Middleware/PreventRequestsDuringMaintenance.php(109): Illuminate/Pipeline/Pipeline->{closure:{closure:Illuminate/Pipeline/Pipeline::carry():194}:195}(Object(Illuminate/Http/Request))
#46 C:/laragon/www/APK_POS2/vendor/laravel/framework/src/Illuminate/Pipeline/Pipeline.php(219): Illuminate/Foundation/Http/Middleware/PreventRequestsDuringMaintenance->handle(Object(Illuminate/Http/Request), Object(Closure))
#47 C:/laragon/www/APK_POS2/vendor/laravel/framework/src/Illuminate/Http/Middleware/HandleCors.php(61): Illuminate/Pipeline/Pipeline->{closure:{closure:Illuminate/Pipeline/Pipeline::carry():194}:195}(Object(Illuminate/Http/Request))
#48 C:/laragon/www/APK_POS2/vendor/laravel/framework/src/Illuminate/Pipeline/Pipeline.php(219): Illuminate/Http/Middleware/HandleCors->handle(Object(Illuminate/Http/Request), Object(Closure))
#49 C:/laragon/www/APK_POS2/vendor/laravel/framework/src/Illuminate/Http/Middleware/TrustProxies.php(58): Illuminate/Pipeline/Pipeline->{closure:{closure:Illuminate/Pipeline/Pipeline::carry():194}:195}(Object(Illuminate/Http/Request))
#50 C:/laragon/www/APK_POS2/vendor/laravel/framework/src/Illuminate/Pipeline/Pipeline.php(219): Illuminate/Http/Middleware/TrustProxies->handle(Object(Illuminate/Http/Request), Object(Closure))
#51 C:/laragon/www/APK_POS2/vendor/laravel/framework/src/Illuminate/Foundation/Http/Middleware/InvokeDeferredCallbacks.php(22): Illuminate/Pipeline/Pipeline->{closure:{closure:Illuminate/Pipeline/Pipeline::carry():194}:195}(Object(Illuminate/Http/Request))
#52 C:/laragon/www/APK_POS2/vendor/laravel/framework/src/Illuminate/Pipeline/Pipeline.php(219): Illuminate/Foundation/Http/Middleware/InvokeDeferredCallbacks->handle(Object(Illuminate/Http/Request), Object(Closure))
#53 C:/laragon/www/APK_POS2/vendor/laravel/framework/src/Illuminate/Http/Middleware/ValidatePathEncoding.php(26): Illuminate/Pipeline/Pipeline->{closure:{closure:Illuminate/Pipeline/Pipeline::carry():194}:195}(Object(Illuminate/Http/Request))
#54 C:/laragon/www/APK_POS2/vendor/laravel/framework/src/Illuminate/Pipeline/Pipeline.php(219): Illuminate/Http/Middleware/ValidatePathEncoding->handle(Object(Illuminate/Http/Request), Object(Closure))
#55 C:/laragon/www/APK_POS2/vendor/laravel/framework/src/Illuminate/Pipeline/Pipeline.php(137): Illuminate/Pipeline/Pipeline->{closure:{closure:Illuminate/Pipeline/Pipeline::carry():194}:195}(Object(Illuminate/Http/Request))
#56 C:/laragon/www/APK_POS2/vendor/laravel/framework/src/Illuminate/Foundation/Http/Kernel.php(175): Illuminate/Pipeline/Pipeline->then(Object(Closure))
#57 C:/laragon/www/APK_POS2/vendor/laravel/framework/src/Illuminate/Foundation/Http/Kernel.php(144): Illuminate/Foundation/Http/Kernel->sendRequestThroughRouter(Object(Illuminate/Http/Request))
#58 C:/laragon/www/APK_POS2/vendor/laravel/framework/src/Illuminate/Foundation/Application.php(1220): Illuminate/Foundation/Http/Kernel->handle(Object(Illuminate/Http/Request))
#59 C:/laragon/www/APK_POS2/public/index.php(20): Illuminate/Foundation/Application->handleRequest(Object(Illuminate/Http/Request))
#60 C:/laragon/www/APK_POS2/vendor/laravel/framework/src/Illuminate/Foundation/resources/server.php(23): require_once('C://laragon//www//...')
#61 {main}

[previous exception] [object] (PDOException(code: 23000): SQLSTATE[23000]: Integrity constraint violation: 1451 Cannot delete or update a parent row: a foreign key constraint fails (`pos_faizzz`.`item_penjualan`, CONSTRAINT `item_penjualan_produk_id_foreign` FOREIGN KEY (`produk_id`) REFERENCES `produk` (`id`)) at C:/laragon/www/APK_POS2/vendor/laravel/framework/src/Illuminate/Database/Connection.php:609)
[stacktrace]
#0 C:/laragon/www/APK_POS2/vendor/laravel/framework/src/Illuminate/Database/Connection.php(609): PDOStatement->execute()
#1 C:/laragon/www/APK_POS2/vendor/laravel/framework/src/Illuminate/Database/Connection.php(827): Illuminate/Database/Connection->{closure:Illuminate/Database/Connection::affectingStatement():597}('delete from `pr...', Array)
#2 C:/laragon/www/APK_POS2/vendor/laravel/framework/src/Illuminate/Database/Connection.php(794): Illuminate/Database/Connection->runQueryCallback('delete from `pr...', Array, Object(Closure))
#3 C:/laragon/www/APK_POS2/vendor/laravel/framework/src/Illuminate/Database/Connection.php(597): Illuminate/Database/Connection->run('delete from `pr...', Array, Object(Closure))
#4 C:/laragon/www/APK_POS2/vendor/laravel/framework/src/Illuminate/Database/Connection.php(561): Illuminate/Database/Connection->affectingStatement('delete from `pr...', Array)
#5 C:/laragon/www/APK_POS2/vendor/laravel/framework/src/Illuminate/Database/Query/Builder.php(4426): Illuminate/Database/Connection->delete('delete from `pr...', Array)
#6 C:/laragon/www/APK_POS2/vendor/laravel/framework/src/Illuminate/Database/Eloquent/Builder.php(1480): Illuminate/Database/Query/Builder->delete()
#7 C:/laragon/www/APK_POS2/vendor/laravel/framework/src/Illuminate/Database/Eloquent/Model.php(1578): Illuminate/Database/Eloquent/Builder->delete()
#8 C:/laragon/www/APK_POS2/vendor/laravel/framework/src/Illuminate/Database/Eloquent/Model.php(1510): Illuminate/Database/Eloquent/Model->performDeleteOnModel()
#9 C:/laragon/www/APK_POS2/app/Http/Controllers/ProdukController.php(110): Illuminate/Database/Eloquent/Model->delete()
#10 C:/laragon/www/APK_POS2/vendor/laravel/framework/src/Illuminate/Routing/ControllerDispatcher.php(46): App/Http/Controllers/ProdukController->destroy(Object(App/Models/Produk))
#11 C:/laragon/www/APK_POS2/vendor/laravel/framework/src/Illuminate/Routing/Route.php(265): Illuminate/Routing/ControllerDispatcher->dispatch(Object(Illuminate/Routing/Route), Object(App/Http/Controllers/ProdukController), 'destroy')
#12 C:/laragon/www/APK_POS2/vendor/laravel/framework/src/Illuminate/Routing/Route.php(211): Illuminate/Routing/Route->runController()
#13 C:/laragon/www/APK_POS2/vendor/laravel/framework/src/Illuminate/Routing/Router.php(822): Illuminate/Routing/Route->run()
#14 C:/laragon/www/APK_POS2/vendor/laravel/framework/src/Illuminate/Pipeline/Pipeline.php(180): Illuminate/Routing/Router->{closure:Illuminate/Routing/Router::runRouteWithinStack():821}(Object(Illuminate/Http/Request))
#15 C:/laragon/www/APK_POS2/app/Http/Middleware/RoleMiddleware.php(27): Illuminate/Pipeline/Pipeline->{closure:Illuminate/Pipeline/Pipeline::prepareDestination():178}(Object(Illuminate/Http/Request))
#16 C:/laragon/www/APK_POS2/vendor/laravel/framework/src/Illuminate/Pipeline/Pipeline.php(219): App/Http/Middleware/RoleMiddleware->handle(Object(Illuminate/Http/Request), Object(Closure), 'admin', 'kasir')
#17 C:/laragon/www/APK_POS2/vendor/laravel/framework/src/Illuminate/Routing/Middleware/SubstituteBindings.php(50): Illuminate/Pipeline/Pipeline->{closure:{closure:Illuminate/Pipeline/Pipeline::carry():194}:195}(Object(Illuminate/Http/Request))
#18 C:/laragon/www/APK_POS2/vendor/laravel/framework/src/Illuminate/Pipeline/Pipeline.php(219): Illuminate/Routing/Middleware/SubstituteBindings->handle(Object(Illuminate/Http/Request), Object(Closure))
#19 C:/laragon/www/APK_POS2/vendor/laravel/framework/src/Illuminate/Auth/Middleware/Authenticate.php(63): Illuminate/Pipeline/Pipeline->{closure:{closure:Illuminate/Pipeline/Pipeline::carry():194}:195}(Object(Illuminate/Http/Request))
#20 C:/laragon/www/APK_POS2/vendor/laravel/framework/src/Illuminate/Pipeline/Pipeline.php(219): Illuminate/Auth/Middleware/Authenticate->handle(Object(Illuminate/Http/Request), Object(Closure))
#21 C:/laragon/www/APK_POS2/vendor/laravel/framework/src/Illuminate/Foundation/Http/Middleware/VerifyCsrfToken.php(87): Illuminate/Pipeline/Pipeline->{closure:{closure:Illuminate/Pipeline/Pipeline::carry():194}:195}(Object(Illuminate/Http/Request))
#22 C:/laragon/www/APK_POS2/vendor/laravel/framework/src/Illuminate/Pipeline/Pipeline.php(219): Illuminate/Foundation/Http/Middleware/VerifyCsrfToken->handle(Object(Illuminate/Http/Request), Object(Closure))
#23 C:/laragon/www/APK_POS2/vendor/laravel/framework/src/Illuminate/View/Middleware/ShareErrorsFromSession.php(48): Illuminate/Pipeline/Pipeline->{closure:{closure:Illuminate/Pipeline/Pipeline::carry():194}:195}(Object(Illuminate/Http/Request))
#24 C:/laragon/www/APK_POS2/vendor/laravel/framework/src/Illuminate/Pipeline/Pipeline.php(219): Illuminate/View/Middleware/ShareErrorsFromSession->handle(Object(Illuminate/Http/Request), Object(Closure))
#25 C:/laragon/www/APK_POS2/vendor/laravel/framework/src/Illuminate/Session/Middleware/StartSession.php(120): Illuminate/Pipeline/Pipeline->{closure:{closure:Illuminate/Pipeline/Pipeline::carry():194}:195}(Object(Illuminate/Http/Request))
#26 C:/laragon/www/APK_POS2/vendor/laravel/framework/src/Illuminate/Session/Middleware/StartSession.php(63): Illuminate/Session/Middleware/StartSession->handleStatefulRequest(Object(Illuminate/Http/Request), Object(Illuminate/Session/Store), Object(Closure))
#27 C:/laragon/www/APK_POS2/vendor/laravel/framework/src/Illuminate/Pipeline/Pipeline.php(219): Illuminate/Session/Middleware/StartSession->handle(Object(Illuminate/Http/Request), Object(Closure))
#28 C:/laragon/www/APK_POS2/vendor/laravel/framework/src/Illuminate/Cookie/Middleware/AddQueuedCookiesToResponse.php(36): Illuminate/Pipeline/Pipeline->{closure:{closure:Illuminate/Pipeline/Pipeline::carry():194}:195}(Object(Illuminate/Http/Request))
#29 C:/laragon/www/APK_POS2/vendor/laravel/framework/src/Illuminate/Pipeline/Pipeline.php(219): Illuminate/Cookie/Middleware/AddQueuedCookiesToResponse->handle(Object(Illuminate/Http/Request), Object(Closure))
#30 C:/laragon/www/APK_POS2/vendor/laravel/framework/src/Illuminate/Cookie/Middleware/EncryptCookies.php(74): Illuminate/Pipeline/Pipeline->{closure:{closure:Illuminate/Pipeline/Pipeline::carry():194}:195}(Object(Illuminate/Http/Request))
#31 C:/laragon/www/APK_POS2/vendor/laravel/framework/src/Illuminate/Pipeline/Pipeline.php(219): Illuminate/Cookie/Middleware/EncryptCookies->handle(Object(Illuminate/Http/Request), Object(Closure))
#32 C:/laragon/www/APK_POS2/vendor/laravel/framework/src/Illuminate/Pipeline/Pipeline.php(137): Illuminate/Pipeline/Pipeline->{closure:{closure:Illuminate/Pipeline/Pipeline::carry():194}:195}(Object(Illuminate/Http/Request))
#33 C:/laragon/www/APK_POS2/vendor/laravel/framework/src/Illuminate/Routing/Router.php(821): Illuminate/Pipeline/Pipeline->then(Object(Closure))
#34 C:/laragon/www/APK_POS2/vendor/laravel/framework/src/Illuminate/Routing/Router.php(800): Illuminate/Routing/Router->runRouteWithinStack(Object(Illuminate/Routing/Route), Object(Illuminate/Http/Request))
#35 C:/laragon/www/APK_POS2/vendor/laravel/framework/src/Illuminate/Routing/Router.php(764): Illuminate/Routing/Router->runRoute(Object(Illuminate/Http/Request), Object(Illuminate/Routing/Route))
#36 C:/laragon/www/APK_POS2/vendor/laravel/framework/src/Illuminate/Routing/Router.php(753): Illuminate/Routing/Router->dispatchToRoute(Object(Illuminate/Http/Request))
#37 C:/laragon/www/APK_POS2/vendor/laravel/framework/src/Illuminate/Foundation/Http/Kernel.php(200): Illuminate/Routing/Router->dispatch(Object(Illuminate/Http/Request))
#38 C:/laragon/www/APK_POS2/vendor/laravel/framework/src/Illuminate/Pipeline/Pipeline.php(180): Illuminate/Foundation/Http/Kernel->{closure:Illuminate/Foundation/Http/Kernel::dispatchToRouter():197}(Object(Illuminate/Http/Request))
#39 C:/laragon/www/APK_POS2/vendor/laravel/framework/src/Illuminate/Foundation/Http/Middleware/TransformsRequest.php(21): Illuminate/Pipeline/Pipeline->{closure:Illuminate/Pipeline/Pipeline::prepareDestination():178}(Object(Illuminate/Http/Request))
#40 C:/laragon/www/APK_POS2/vendor/laravel/framework/src/Illuminate/Foundation/Http/Middleware/ConvertEmptyStringsToNull.php(31): Illuminate/Foundation/Http/Middleware/TransformsRequest->handle(Object(Illuminate/Http/Request), Object(Closure))
#41 C:/laragon/www/APK_POS2/vendor/laravel/framework/src/Illuminate/Pipeline/Pipeline.php(219): Illuminate/Foundation/Http/Middleware/ConvertEmptyStringsToNull->handle(Object(Illuminate/Http/Request), Object(Closure))
#42 C:/laragon/www/APK_POS2/vendor/laravel/framework/src/Illuminate/Foundation/Http/Middleware/TransformsRequest.php(21): Illuminate/Pipeline/Pipeline->{closure:{closure:Illuminate/Pipeline/Pipeline::carry():194}:195}(Object(Illuminate/Http/Request))
#43 C:/laragon/www/APK_POS2/vendor/laravel/framework/src/Illuminate/Foundation/Http/Middleware/TrimStrings.php(51): Illuminate/Foundation/Http/Middleware/TransformsRequest->handle(Object(Illuminate/Http/Request), Object(Closure))
#44 C:/laragon/www/APK_POS2/vendor/laravel/framework/src/Illuminate/Pipeline/Pipeline.php(219): Illuminate/Foundation/Http/Middleware/TrimStrings->handle(Object(Illuminate/Http/Request), Object(Closure))
#45 C:/laragon/www/APK_POS2/vendor/laravel/framework/src/Illuminate/Http/Middleware/ValidatePostSize.php(27): Illuminate/Pipeline/Pipeline->{closure:{closure:Illuminate/Pipeline/Pipeline::carry():194}:195}(Object(Illuminate/Http/Request))
#46 C:/laragon/www/APK_POS2/vendor/laravel/framework/src/Illuminate/Pipeline/Pipeline.php(219): Illuminate/Http/Middleware/ValidatePostSize->handle(Object(Illuminate/Http/Request), Object(Closure))
#47 C:/laragon/www/APK_POS2/vendor/laravel/framework/src/Illuminate/Foundation/Http/Middleware/PreventRequestsDuringMaintenance.php(109): Illuminate/Pipeline/Pipeline->{closure:{closure:Illuminate/Pipeline/Pipeline::carry():194}:195}(Object(Illuminate/Http/Request))
#48 C:/laragon/www/APK_POS2/vendor/laravel/framework/src/Illuminate/Pipeline/Pipeline.php(219): Illuminate/Foundation/Http/Middleware/PreventRequestsDuringMaintenance->handle(Object(Illuminate/Http/Request), Object(Closure))
#49 C:/laragon/www/APK_POS2/vendor/laravel/framework/src/Illuminate/Http/Middleware/HandleCors.php(61): Illuminate/Pipeline/Pipeline->{closure:{closure:Illuminate/Pipeline/Pipeline::carry():194}:195}(Object(Illuminate/Http/Request))
#50 C:/laragon/www/APK_POS2/vendor/laravel/framework/src/Illuminate/Pipeline/Pipeline.php(219): Illuminate/Http/Middleware/HandleCors->handle(Object(Illuminate/Http/Request), Object(Closure))
#51 C:/laragon/www/APK_POS2/vendor/laravel/framework/src/Illuminate/Http/Middleware/TrustProxies.php(58): Illuminate/Pipeline/Pipeline->{closure:{closure:Illuminate/Pipeline/Pipeline::carry():194}:195}(Object(Illuminate/Http/Request))
#52 C:/laragon/www/APK_POS2/vendor/laravel/framework/src/Illuminate/Pipeline/Pipeline.php(219): Illuminate/Http/Middleware/TrustProxies->handle(Object(Illuminate/Http/Request), Object(Closure))
#53 C:/laragon/www/APK_POS2/vendor/laravel/framework/src/Illuminate/Foundation/Http/Middleware/InvokeDeferredCallbacks.php(22): Illuminate/Pipeline/Pipeline->{closure:{closure:Illuminate/Pipeline/Pipeline::carry():194}:195}(Object(Illuminate/Http/Request))
#54 C:/laragon/www/APK_POS2/vendor/laravel/framework/src/Illuminate/Pipeline/Pipeline.php(219): Illuminate/Foundation/Http/Middleware/InvokeDeferredCallbacks->handle(Object(Illuminate/Http/Request), Object(Closure))
#55 C:/laragon/www/APK_POS2/vendor/laravel/framework/src/Illuminate/Http/Middleware/ValidatePathEncoding.php(26): Illuminate/Pipeline/Pipeline->{closure:{closure:Illuminate/Pipeline/Pipeline::carry():194}:195}(Object(Illuminate/Http/Request))
#56 C:/laragon/www/APK_POS2/vendor/laravel/framework/src/Illuminate/Pipeline/Pipeline.php(219): Illuminate/Http/Middleware/ValidatePathEncoding->handle(Object(Illuminate/Http/Request), Object(Closure))
#57 C:/laragon/www/APK_POS2/vendor/laravel/framework/src/Illuminate/Pipeline/Pipeline.php(137): Illuminate/Pipeline/Pipeline->{closure:{closure:Illuminate/Pipeline/Pipeline::carry():194}:195}(Object(Illuminate/Http/Request))
#58 C:/laragon/www/APK_POS2/vendor/laravel/framework/src/Illuminate/Foundation/Http/Kernel.php(175): Illuminate/Pipeline/Pipeline->then(Object(Closure))
#59 C:/laragon/www/APK_POS2/vendor/laravel/framework/src/Illuminate/Foundation/Http/Kernel.php(144): Illuminate/Foundation/Http/Kernel->sendRequestThroughRouter(Object(Illuminate/Http/Request))
#60 C:/laragon/www/APK_POS2/vendor/laravel/framework/src/Illuminate/Foundation/Application.php(1220): Illuminate/Foundation/Http/Kernel->handle(Object(Illuminate/Http/Request))
#61 C:/laragon/www/APK_POS2/public/index.php(20): Illuminate/Foundation/Application->handleRequest(Object(Illuminate/Http/Request))
#62 C:/laragon/www/APK_POS2/vendor/laravel/framework/src/Illuminate/Foundation/resources/server.php(23): require_once('C://laragon//www//...')
#63 {main}
"} 
[2026-08-06 07:04:41] local.ERROR: SQLSTATE[23000]: Integrity constraint violation: 1451 Cannot delete or update a parent row: a foreign key constraint fails (`pos_faizzz`.`item_penjualan`, CONSTRAINT `item_penjualan_produk_id_foreign` FOREIGN KEY (`produk_id`) REFERENCES `produk` (`id`)) (Connection: mysql, Host: 127.0.0.1, Port: 3306, Database: pos_faizzz, SQL: delete from `produk` where `id` = 1) {"userId":2,"exception":"[object] (Illuminate\\Database\\QueryException(code: 23000): SQLSTATE[23000]: Integrity constraint violation: 1451 Cannot delete or update a parent row: a foreign key constraint fails (`pos_faizzz`.`item_penjualan`, CONSTRAINT `item_penjualan_produk_id_foreign` FOREIGN KEY (`produk_id`) REFERENCES `produk` (`id`)) (Connection: mysql, Host: 127.0.0.1, Port: 3306, Database: pos_faizzz, SQL: delete from `produk` where `id` = 1) at C:/laragon/www/APK_POS2/vendor/laravel/framework/src/Illuminate/Database/Connection.php:838)
[stacktrace]
#0 C:/laragon/www/APK_POS2/vendor/laravel/framework/src/Illuminate/Database/Connection.php(794): Illuminate/Database/Connection->runQueryCallback('delete from `pr...', Array, Object(Closure))
#1 C:/laragon/www/APK_POS2/vendor/laravel/framework/src/Illuminate/Database/Connection.php(597): Illuminate/Database/Connection->run('delete from `pr...', Array, Object(Closure))
#2 C:/laragon/www/APK_POS2/vendor/laravel/framework/src/Illuminate/Database/Connection.php(561): Illuminate/Database/Connection->affectingStatement('delete from `pr...', Array)
#3 C:/laragon/www/APK_POS2/vendor/laravel/framework/src/Illuminate/Database/Query/Builder.php(4426): Illuminate/Database/Connection->delete('delete from `pr...', Array)
#4 C:/laragon/www/APK_POS2/vendor/laravel/framework/src/Illuminate/Database/Eloquent/Builder.php(1480): Illuminate/Database/Query/Builder->delete()
#5 C:/laragon/www/APK_POS2/vendor/laravel/framework/src/Illuminate/Database/Eloquent/Model.php(1578): Illuminate/Database/Eloquent/Builder->delete()
#6 C:/laragon/www/APK_POS2/vendor/laravel/framework/src/Illuminate/Database/Eloquent/Model.php(1510): Illuminate/Database/Eloquent/Model->performDeleteOnModel()
#7 C:/laragon/www/APK_POS2/app/Http/Controllers/ProdukController.php(110): Illuminate/Database/Eloquent/Model->delete()
#8 C:/laragon/www/APK_POS2/vendor/laravel/framework/src/Illuminate/Routing/ControllerDispatcher.php(46): App/Http/Controllers/ProdukController->destroy(Object(App/Models/Produk))
#9 C:/laragon/www/APK_POS2/vendor/laravel/framework/src/Illuminate/Routing/Route.php(265): Illuminate/Routing/ControllerDispatcher->dispatch(Object(Illuminate/Routing/Route), Object(App/Http/Controllers/ProdukController), 'destroy')
#10 C:/laragon/www/APK_POS2/vendor/laravel/framework/src/Illuminate/Routing/Route.php(211): Illuminate/Routing/Route->runController()
#11 C:/laragon/www/APK_POS2/vendor/laravel/framework/src/Illuminate/Routing/Router.php(822): Illuminate/Routing/Route->run()
#12 C:/laragon/www/APK_POS2/vendor/laravel/framework/src/Illuminate/Pipeline/Pipeline.php(180): Illuminate/Routing/Router->{closure:Illuminate/Routing/Router::runRouteWithinStack():821}(Object(Illuminate/Http/Request))
#13 C:/laragon/www/APK_POS2/app/Http/Middleware/RoleMiddleware.php(27): Illuminate/Pipeline/Pipeline->{closure:Illuminate/Pipeline/Pipeline::prepareDestination():178}(Object(Illuminate/Http/Request))
#14 C:/laragon/www/APK_POS2/vendor/laravel/framework/src/Illuminate/Pipeline/Pipeline.php(219): App/Http/Middleware/RoleMiddleware->handle(Object(Illuminate/Http/Request), Object(Closure), 'admin', 'kasir')
#15 C:/laragon/www/APK_POS2/vendor/laravel/framework/src/Illuminate/Routing/Middleware/SubstituteBindings.php(50): Illuminate/Pipeline/Pipeline->{closure:{closure:Illuminate/Pipeline/Pipeline::carry():194}:195}(Object(Illuminate/Http/Request))
#16 C:/laragon/www/APK_POS2/vendor/laravel/framework/src/Illuminate/Pipeline/Pipeline.php(219): Illuminate/Routing/Middleware/SubstituteBindings->handle(Object(Illuminate/Http/Request), Object(Closure))
#17 C:/laragon/www/APK_POS2/vendor/laravel/framework/src/Illuminate/Auth/Middleware/Authenticate.php(63): Illuminate/Pipeline/Pipeline->{closure:{closure:Illuminate/Pipeline/Pipeline::carry():194}:195}(Object(Illuminate/Http/Request))
#18 C:/laragon/www/APK_POS2/vendor/laravel/framework/src/Illuminate/Pipeline/Pipeline.php(219): Illuminate/Auth/Middleware/Authenticate->handle(Object(Illuminate/Http/Request), Object(Closure))
#19 C:/laragon/www/APK_POS2/vendor/laravel/framework/src/Illuminate/Foundation/Http/Middleware/VerifyCsrfToken.php(87): Illuminate/Pipeline/Pipeline->{closure:{closure:Illuminate/Pipeline/Pipeline::carry():194}:195}(Object(Illuminate/Http/Request))
#20 C:/laragon/www/APK_POS2/vendor/laravel/framework/src/Illuminate/Pipeline/Pipeline.php(219): Illuminate/Foundation/Http/Middleware/VerifyCsrfToken->handle(Object(Illuminate/Http/Request), Object(Closure))
#21 C:/laragon/www/APK_POS2/vendor/laravel/framework/src/Illuminate/View/Middleware/ShareErrorsFromSession.php(48): Illuminate/Pipeline/Pipeline->{closure:{closure:Illuminate/Pipeline/Pipeline::carry():194}:195}(Object(Illuminate/Http/Request))
#22 C:/laragon/www/APK_POS2/vendor/laravel/framework/src/Illuminate/Pipeline/Pipeline.php(219): Illuminate/View/Middleware/ShareErrorsFromSession->handle(Object(Illuminate/Http/Request), Object(Closure))
#23 C:/laragon/www/APK_POS2/vendor/laravel/framework/src/Illuminate/Session/Middleware/StartSession.php(120): Illuminate/Pipeline/Pipeline->{closure:{closure:Illuminate/Pipeline/Pipeline::carry():194}:195}(Object(Illuminate/Http/Request))
#24 C:/laragon/www/APK_POS2/vendor/laravel/framework/src/Illuminate/Session/Middleware/StartSession.php(63): Illuminate/Session/Middleware/StartSession->handleStatefulRequest(Object(Illuminate/Http/Request), Object(Illuminate/Session/Store), Object(Closure))
#25 C:/laragon/www/APK_POS2/vendor/laravel/framework/src/Illuminate/Pipeline/Pipeline.php(219): Illuminate/Session/Middleware/StartSession->handle(Object(Illuminate/Http/Request), Object(Closure))
#26 C:/laragon/www/APK_POS2/vendor/laravel/framework/src/Illuminate/Cookie/Middleware/AddQueuedCookiesToResponse.php(36): Illuminate/Pipeline/Pipeline->{closure:{closure:Illuminate/Pipeline/Pipeline::carry():194}:195}(Object(Illuminate/Http/Request))
#27 C:/laragon/www/APK_POS2/vendor/laravel/framework/src/Illuminate/Pipeline/Pipeline.php(219): Illuminate/Cookie/Middleware/AddQueuedCookiesToResponse->handle(Object(Illuminate/Http/Request), Object(Closure))
#28 C:/laragon/www/APK_POS2/vendor/laravel/framework/src/Illuminate/Cookie/Middleware/EncryptCookies.php(74): Illuminate/Pipeline/Pipeline->{closure:{closure:Illuminate/Pipeline/Pipeline::carry():194}:195}(Object(Illuminate/Http/Request))
#29 C:/laragon/www/APK_POS2/vendor/laravel/framework/src/Illuminate/Pipeline/Pipeline.php(219): Illuminate/Cookie/Middleware/EncryptCookies->handle(Object(Illuminate/Http/Request), Object(Closure))
#30 C:/laragon/www/APK_POS2/vendor/laravel/framework/src/Illuminate/Pipeline/Pipeline.php(137): Illuminate/Pipeline/Pipeline->{closure:{closure:Illuminate/Pipeline/Pipeline::carry():194}:195}(Object(Illuminate/Http/Request))
#31 C:/laragon/www/APK_POS2/vendor/laravel/framework/src/Illuminate/Routing/Router.php(821): Illuminate/Pipeline/Pipeline->then(Object(Closure))
#32 C:/laragon/www/APK_POS2/vendor/laravel/framework/src/Illuminate/Routing/Router.php(800): Illuminate/Routing/Router->runRouteWithinStack(Object(Illuminate/Routing/Route), Object(Illuminate/Http/Request))
#33 C:/laragon/www/APK_POS2/vendor/laravel/framework/src/Illuminate/Routing/Router.php(764): Illuminate/Routing/Router->runRoute(Object(Illuminate/Http/Request), Object(Illuminate/Routing/Route))
#34 C:/laragon/www/APK_POS2/vendor/laravel/framework/src/Illuminate/Routing/Router.php(753): Illuminate/Routing/Router->dispatchToRoute(Object(Illuminate/Http/Request))
#35 C:/laragon/www/APK_POS2/vendor/laravel/framework/src/Illuminate/Foundation/Http/Kernel.php(200): Illuminate/Routing/Router->dispatch(Object(Illuminate/Http/Request))
#36 C:/laragon/www/APK_POS2/vendor/laravel/framework/src/Illuminate/Pipeline/Pipeline.php(180): Illuminate/Foundation/Http/Kernel->{closure:Illuminate/Foundation/Http/Kernel::dispatchToRouter():197}(Object(Illuminate/Http/Request))
#37 C:/laragon/www/APK_POS2/vendor/laravel/framework/src/Illuminate/Foundation/Http/Middleware/TransformsRequest.php(21): Illuminate/Pipeline/Pipeline->{closure:Illuminate/Pipeline/Pipeline::prepareDestination():178}(Object(Illuminate/Http/Request))
#38 C:/laragon/www/APK_POS2/vendor/laravel/framework/src/Illuminate/Foundation/Http/Middleware/ConvertEmptyStringsToNull.php(31): Illuminate/Foundation/Http/Middleware/TransformsRequest->handle(Object(Illuminate/Http/Request), Object(Closure))
#39 C:/laragon/www/APK_POS2/vendor/laravel/framework/src/Illuminate/Pipeline/Pipeline.php(219): Illuminate/Foundation/Http/Middleware/ConvertEmptyStringsToNull->handle(Object(Illuminate/Http/Request), Object(Closure))
#40 C:/laragon/www/APK_POS2/vendor/laravel/framework/src/Illuminate/Foundation/Http/Middleware/TransformsRequest.php(21): Illuminate/Pipeline/Pipeline->{closure:{closure:Illuminate/Pipeline/Pipeline::carry():194}:195}(Object(Illuminate/Http/Request))
#41 C:/laragon/www/APK_POS2/vendor/laravel/framework/src/Illuminate/Foundation/Http/Middleware/TrimStrings.php(51): Illuminate/Foundation/Http/Middleware/TransformsRequest->handle(Object(Illuminate/Http/Request), Object(Closure))
#42 C:/laragon/www/APK_POS2/vendor/laravel/framework/src/Illuminate/Pipeline/Pipeline.php(219): Illuminate/Foundation/Http/Middleware/TrimStrings->handle(Object(Illuminate/Http/Request), Object(Closure))
#43 C:/laragon/www/APK_POS2/vendor/laravel/framework/src/Illuminate/Http/Middleware/ValidatePostSize.php(27): Illuminate/Pipeline/Pipeline->{closure:{closure:Illuminate/Pipeline/Pipeline::carry():194}:195}(Object(Illuminate/Http/Request))
#44 C:/laragon/www/APK_POS2/vendor/laravel/framework/src/Illuminate/Pipeline/Pipeline.php(219): Illuminate/Http/Middleware/ValidatePostSize->handle(Object(Illuminate/Http/Request), Object(Closure))
#45 C:/laragon/www/APK_POS2/vendor/laravel/framework/src/Illuminate/Foundation/Http/Middleware/PreventRequestsDuringMaintenance.php(109): Illuminate/Pipeline/Pipeline->{closure:{closure:Illuminate/Pipeline/Pipeline::carry():194}:195}(Object(Illuminate/Http/Request))
#46 C:/laragon/www/APK_POS2/vendor/laravel/framework/src/Illuminate/Pipeline/Pipeline.php(219): Illuminate/Foundation/Http/Middleware/PreventRequestsDuringMaintenance->handle(Object(Illuminate/Http/Request), Object(Closure))
#47 C:/laragon/www/APK_POS2/vendor/laravel/framework/src/Illuminate/Http/Middleware/HandleCors.php(61): Illuminate/Pipeline/Pipeline->{closure:{closure:Illuminate/Pipeline/Pipeline::carry():194}:195}(Object(Illuminate/Http/Request))
#48 C:/laragon/www/APK_POS2/vendor/laravel/framework/src/Illuminate/Pipeline/Pipeline.php(219): Illuminate/Http/Middleware/HandleCors->handle(Object(Illuminate/Http/Request), Object(Closure))
#49 C:/laragon/www/APK_POS2/vendor/laravel/framework/src/Illuminate/Http/Middleware/TrustProxies.php(58): Illuminate/Pipeline/Pipeline->{closure:{closure:Illuminate/Pipeline/Pipeline::carry():194}:195}(Object(Illuminate/Http/Request))
#50 C:/laragon/www/APK_POS2/vendor/laravel/framework/src/Illuminate/Pipeline/Pipeline.php(219): Illuminate/Http/Middleware/TrustProxies->handle(Object(Illuminate/Http/Request), Object(Closure))
#51 C:/laragon/www/APK_POS2/vendor/laravel/framework/src/Illuminate/Foundation/Http/Middleware/InvokeDeferredCallbacks.php(22): Illuminate/Pipeline/Pipeline->{closure:{closure:Illuminate/Pipeline/Pipeline::carry():194}:195}(Object(Illuminate/Http/Request))
#52 C:/laragon/www/APK_POS2/vendor/laravel/framework/src/Illuminate/Pipeline/Pipeline.php(219): Illuminate/Foundation/Http/Middleware/InvokeDeferredCallbacks->handle(Object(Illuminate/Http/Request), Object(Closure))
#53 C:/laragon/www/APK_POS2/vendor/laravel/framework/src/Illuminate/Http/Middleware/ValidatePathEncoding.php(26): Illuminate/Pipeline/Pipeline->{closure:{closure:Illuminate/Pipeline/Pipeline::carry():194}:195}(Object(Illuminate/Http/Request))
#54 C:/laragon/www/APK_POS2/vendor/laravel/framework/src/Illuminate/Pipeline/Pipeline.php(219): Illuminate/Http/Middleware/ValidatePathEncoding->handle(Object(Illuminate/Http/Request), Object(Closure))
#55 C:/laragon/www/APK_POS2/vendor/laravel/framework/src/Illuminate/Pipeline/Pipeline.php(137): Illuminate/Pipeline/Pipeline->{closure:{closure:Illuminate/Pipeline/Pipeline::carry():194}:195}(Object(Illuminate/Http/Request))
#56 C:/laragon/www/APK_POS2/vendor/laravel/framework/src/Illuminate/Foundation/Http/Kernel.php(175): Illuminate/Pipeline/Pipeline->then(Object(Closure))
#57 C:/laragon/www/APK_POS2/vendor/laravel/framework/src/Illuminate/Foundation/Http/Kernel.php(144): Illuminate/Foundation/Http/Kernel->sendRequestThroughRouter(Object(Illuminate/Http/Request))
#58 C:/laragon/www/APK_POS2/vendor/laravel/framework/src/Illuminate/Foundation/Application.php(1220): Illuminate/Foundation/Http/Kernel->handle(Object(Illuminate/Http/Request))
#59 C:/laragon/www/APK_POS2/public/index.php(20): Illuminate/Foundation/Application->handleRequest(Object(Illuminate/Http/Request))
#60 C:/laragon/www/APK_POS2/vendor/laravel/framework/src/Illuminate/Foundation/resources/server.php(23): require_once('C://laragon//www//...')
#61 {main}

[previous exception] [object] (PDOException(code: 23000): SQLSTATE[23000]: Integrity constraint violation: 1451 Cannot delete or update a parent row: a foreign key constraint fails (`pos_faizzz`.`item_penjualan`, CONSTRAINT `item_penjualan_produk_id_foreign` FOREIGN KEY (`produk_id`) REFERENCES `produk` (`id`)) at C:/laragon/www/APK_POS2/vendor/laravel/framework/src/Illuminate/Database/Connection.php:609)
[stacktrace]
#0 C:/laragon/www/APK_POS2/vendor/laravel/framework/src/Illuminate/Database/Connection.php(609): PDOStatement->execute()
#1 C:/laragon/www/APK_POS2/vendor/laravel/framework/src/Illuminate/Database/Connection.php(827): Illuminate/Database/Connection->{closure:Illuminate/Database/Connection::affectingStatement():597}('delete from `pr...', Array)
#2 C:/laragon/www/APK_POS2/vendor/laravel/framework/src/Illuminate/Database/Connection.php(794): Illuminate/Database/Connection->runQueryCallback('delete from `pr...', Array, Object(Closure))
#3 C:/laragon/www/APK_POS2/vendor/laravel/framework/src/Illuminate/Database/Connection.php(597): Illuminate/Database/Connection->run('delete from `pr...', Array, Object(Closure))
#4 C:/laragon/www/APK_POS2/vendor/laravel/framework/src/Illuminate/Database/Connection.php(561): Illuminate/Database/Connection->affectingStatement('delete from `pr...', Array)
#5 C:/laragon/www/APK_POS2/vendor/laravel/framework/src/Illuminate/Database/Query/Builder.php(4426): Illuminate/Database/Connection->delete('delete from `pr...', Array)
#6 C:/laragon/www/APK_POS2/vendor/laravel/framework/src/Illuminate/Database/Eloquent/Builder.php(1480): Illuminate/Database/Query/Builder->delete()
#7 C:/laragon/www/APK_POS2/vendor/laravel/framework/src/Illuminate/Database/Eloquent/Model.php(1578): Illuminate/Database/Eloquent/Builder->delete()
#8 C:/laragon/www/APK_POS2/vendor/laravel/framework/src/Illuminate/Database/Eloquent/Model.php(1510): Illuminate/Database/Eloquent/Model->performDeleteOnModel()
#9 C:/laragon/www/APK_POS2/app/Http/Controllers/ProdukController.php(110): Illuminate/Database/Eloquent/Model->delete()
#10 C:/laragon/www/APK_POS2/vendor/laravel/framework/src/Illuminate/Routing/ControllerDispatcher.php(46): App/Http/Controllers/ProdukController->destroy(Object(App/Models/Produk))
#11 C:/laragon/www/APK_POS2/vendor/laravel/framework/src/Illuminate/Routing/Route.php(265): Illuminate/Routing/ControllerDispatcher->dispatch(Object(Illuminate/Routing/Route), Object(App/Http/Controllers/ProdukController), 'destroy')
#12 C:/laragon/www/APK_POS2/vendor/laravel/framework/src/Illuminate/Routing/Route.php(211): Illuminate/Routing/Route->runController()
#13 C:/laragon/www/APK_POS2/vendor/laravel/framework/src/Illuminate/Routing/Router.php(822): Illuminate/Routing/Route->run()
#14 C:/laragon/www/APK_POS2/vendor/laravel/framework/src/Illuminate/Pipeline/Pipeline.php(180): Illuminate/Routing/Router->{closure:Illuminate/Routing/Router::runRouteWithinStack():821}(Object(Illuminate/Http/Request))
#15 C:/laragon/www/APK_POS2/app/Http/Middleware/RoleMiddleware.php(27): Illuminate/Pipeline/Pipeline->{closure:Illuminate/Pipeline/Pipeline::prepareDestination():178}(Object(Illuminate/Http/Request))
#16 C:/laragon/www/APK_POS2/vendor/laravel/framework/src/Illuminate/Pipeline/Pipeline.php(219): App/Http/Middleware/RoleMiddleware->handle(Object(Illuminate/Http/Request), Object(Closure), 'admin', 'kasir')
#17 C:/laragon/www/APK_POS2/vendor/laravel/framework/src/Illuminate/Routing/Middleware/SubstituteBindings.php(50): Illuminate/Pipeline/Pipeline->{closure:{closure:Illuminate/Pipeline/Pipeline::carry():194}:195}(Object(Illuminate/Http/Request))
#18 C:/laragon/www/APK_POS2/vendor/laravel/framework/src/Illuminate/Pipeline/Pipeline.php(219): Illuminate/Routing/Middleware/SubstituteBindings->handle(Object(Illuminate/Http/Request), Object(Closure))
#19 C:/laragon/www/APK_POS2/vendor/laravel/framework/src/Illuminate/Auth/Middleware/Authenticate.php(63): Illuminate/Pipeline/Pipeline->{closure:{closure:Illuminate/Pipeline/Pipeline::carry():194}:195}(Object(Illuminate/Http/Request))
#20 C:/laragon/www/APK_POS2/vendor/laravel/framework/src/Illuminate/Pipeline/Pipeline.php(219): Illuminate/Auth/Middleware/Authenticate->handle(Object(Illuminate/Http/Request), Object(Closure))
#21 C:/laragon/www/APK_POS2/vendor/laravel/framework/src/Illuminate/Foundation/Http/Middleware/VerifyCsrfToken.php(87): Illuminate/Pipeline/Pipeline->{closure:{closure:Illuminate/Pipeline/Pipeline::carry():194}:195}(Object(Illuminate/Http/Request))
#22 C:/laragon/www/APK_POS2/vendor/laravel/framework/src/Illuminate/Pipeline/Pipeline.php(219): Illuminate/Foundation/Http/Middleware/VerifyCsrfToken->handle(Object(Illuminate/Http/Request), Object(Closure))
#23 C:/laragon/www/APK_POS2/vendor/laravel/framework/src/Illuminate/View/Middleware/ShareErrorsFromSession.php(48): Illuminate/Pipeline/Pipeline->{closure:{closure:Illuminate/Pipeline/Pipeline::carry():194}:195}(Object(Illuminate/Http/Request))
#24 C:/laragon/www/APK_POS2/vendor/laravel/framework/src/Illuminate/Pipeline/Pipeline.php(219): Illuminate/View/Middleware/ShareErrorsFromSession->handle(Object(Illuminate/Http/Request), Object(Closure))
#25 C:/laragon/www/APK_POS2/vendor/laravel/framework/src/Illuminate/Session/Middleware/StartSession.php(120): Illuminate/Pipeline/Pipeline->{closure:{closure:Illuminate/Pipeline/Pipeline::carry():194}:195}(Object(Illuminate/Http/Request))
#26 C:/laragon/www/APK_POS2/vendor/laravel/framework/src/Illuminate/Session/Middleware/StartSession.php(63): Illuminate/Session/Middleware/StartSession->handleStatefulRequest(Object(Illuminate/Http/Request), Object(Illuminate/Session/Store), Object(Closure))
#27 C:/laragon/www/APK_POS2/vendor/laravel/framework/src/Illuminate/Pipeline/Pipeline.php(219): Illuminate/Session/Middleware/StartSession->handle(Object(Illuminate/Http/Request), Object(Closure))
#28 C:/laragon/www/APK_POS2/vendor/laravel/framework/src/Illuminate/Cookie/Middleware/AddQueuedCookiesToResponse.php(36): Illuminate/Pipeline/Pipeline->{closure:{closure:Illuminate/Pipeline/Pipeline::carry():194}:195}(Object(Illuminate/Http/Request))
#29 C:/laragon/www/APK_POS2/vendor/laravel/framework/src/Illuminate/Pipeline/Pipeline.php(219): Illuminate/Cookie/Middleware/AddQueuedCookiesToResponse->handle(Object(Illuminate/Http/Request), Object(Closure))
#30 C:/laragon/www/APK_POS2/vendor/laravel/framework/src/Illuminate/Cookie/Middleware/EncryptCookies.php(74): Illuminate/Pipeline/Pipeline->{closure:{closure:Illuminate/Pipeline/Pipeline::carry():194}:195}(Object(Illuminate/Http/Request))
#31 C:/laragon/www/APK_POS2/vendor/laravel/framework/src/Illuminate/Pipeline/Pipeline.php(219): Illuminate/Cookie/Middleware/EncryptCookies->handle(Object(Illuminate/Http/Request), Object(Closure))
#32 C:/laragon/www/APK_POS2/vendor/laravel/framework/src/Illuminate/Pipeline/Pipeline.php(137): Illuminate/Pipeline/Pipeline->{closure:{closure:Illuminate/Pipeline/Pipeline::carry():194}:195}(Object(Illuminate/Http/Request))
#33 C:/laragon/www/APK_POS2/vendor/laravel/framework/src/Illuminate/Routing/Router.php(821): Illuminate/Pipeline/Pipeline->then(Object(Closure))
#34 C:/laragon/www/APK_POS2/vendor/laravel/framework/src/Illuminate/Routing/Router.php(800): Illuminate/Routing/Router->runRouteWithinStack(Object(Illuminate/Routing/Route), Object(Illuminate/Http/Request))
#35 C:/laragon/www/APK_POS2/vendor/laravel/framework/src/Illuminate/Routing/Router.php(764): Illuminate/Routing/Router->runRoute(Object(Illuminate/Http/Request), Object(Illuminate/Routing/Route))
#36 C:/laragon/www/APK_POS2/vendor/laravel/framework/src/Illuminate/Routing/Router.php(753): Illuminate/Routing/Router->dispatchToRoute(Object(Illuminate/Http/Request))
#37 C:/laragon/www/APK_POS2/vendor/laravel/framework/src/Illuminate/Foundation/Http/Kernel.php(200): Illuminate/Routing/Router->dispatch(Object(Illuminate/Http/Request))
#38 C:/laragon/www/APK_POS2/vendor/laravel/framework/src/Illuminate/Pipeline/Pipeline.php(180): Illuminate/Foundation/Http/Kernel->{closure:Illuminate/Foundation/Http/Kernel::dispatchToRouter():197}(Object(Illuminate/Http/Request))
#39 C:/laragon/www/APK_POS2/vendor/laravel/framework/src/Illuminate/Foundation/Http/Middleware/TransformsRequest.php(21): Illuminate/Pipeline/Pipeline->{closure:Illuminate/Pipeline/Pipeline::prepareDestination():178}(Object(Illuminate/Http/Request))
#40 C:/laragon/www/APK_POS2/vendor/laravel/framework/src/Illuminate/Foundation/Http/Middleware/ConvertEmptyStringsToNull.php(31): Illuminate/Foundation/Http/Middleware/TransformsRequest->handle(Object(Illuminate/Http/Request), Object(Closure))
#41 C:/laragon/www/APK_POS2/vendor/laravel/framework/src/Illuminate/Pipeline/Pipeline.php(219): Illuminate/Foundation/Http/Middleware/ConvertEmptyStringsToNull->handle(Object(Illuminate/Http/Request), Object(Closure))
#42 C:/laragon/www/APK_POS2/vendor/laravel/framework/src/Illuminate/Foundation/Http/Middleware/TransformsRequest.php(21): Illuminate/Pipeline/Pipeline->{closure:{closure:Illuminate/Pipeline/Pipeline::carry():194}:195}(Object(Illuminate/Http/Request))
#43 C:/laragon/www/APK_POS2/vendor/laravel/framework/src/Illuminate/Foundation/Http/Middleware/TrimStrings.php(51): Illuminate/Foundation/Http/Middleware/TransformsRequest->handle(Object(Illuminate/Http/Request), Object(Closure))
#44 C:/laragon/www/APK_POS2/vendor/laravel/framework/src/Illuminate/Pipeline/Pipeline.php(219): Illuminate/Foundation/Http/Middleware/TrimStrings->handle(Object(Illuminate/Http/Request), Object(Closure))
#45 C:/laragon/www/APK_POS2/vendor/laravel/framework/src/Illuminate/Http/Middleware/ValidatePostSize.php(27): Illuminate/Pipeline/Pipeline->{closure:{closure:Illuminate/Pipeline/Pipeline::carry():194}:195}(Object(Illuminate/Http/Request))
#46 C:/laragon/www/APK_POS2/vendor/laravel/framework/src/Illuminate/Pipeline/Pipeline.php(219): Illuminate/Http/Middleware/ValidatePostSize->handle(Object(Illuminate/Http/Request), Object(Closure))
#47 C:/laragon/www/APK_POS2/vendor/laravel/framework/src/Illuminate/Foundation/Http/Middleware/PreventRequestsDuringMaintenance.php(109): Illuminate/Pipeline/Pipeline->{closure:{closure:Illuminate/Pipeline/Pipeline::carry():194}:195}(Object(Illuminate/Http/Request))
#48 C:/laragon/www/APK_POS2/vendor/laravel/framework/src/Illuminate/Pipeline/Pipeline.php(219): Illuminate/Foundation/Http/Middleware/PreventRequestsDuringMaintenance->handle(Object(Illuminate/Http/Request), Object(Closure))
#49 C:/laragon/www/APK_POS2/vendor/laravel/framework/src/Illuminate/Http/Middleware/HandleCors.php(61): Illuminate/Pipeline/Pipeline->{closure:{closure:Illuminate/Pipeline/Pipeline::carry():194}:195}(Object(Illuminate/Http/Request))
#50 C:/laragon/www/APK_POS2/vendor/laravel/framework/src/Illuminate/Pipeline/Pipeline.php(219): Illuminate/Http/Middleware/HandleCors->handle(Object(Illuminate/Http/Request), Object(Closure))
#51 C:/laragon/www/APK_POS2/vendor/laravel/framework/src/Illuminate/Http/Middleware/TrustProxies.php(58): Illuminate/Pipeline/Pipeline->{closure:{closure:Illuminate/Pipeline/Pipeline::carry():194}:195}(Object(Illuminate/Http/Request))
#52 C:/laragon/www/APK_POS2/vendor/laravel/framework/src/Illuminate/Pipeline/Pipeline.php(219): Illuminate/Http/Middleware/TrustProxies->handle(Object(Illuminate/Http/Request), Object(Closure))
#53 C:/laragon/www/APK_POS2/vendor/laravel/framework/src/Illuminate/Foundation/Http/Middleware/InvokeDeferredCallbacks.php(22): Illuminate/Pipeline/Pipeline->{closure:{closure:Illuminate/Pipeline/Pipeline::carry():194}:195}(Object(Illuminate/Http/Request))
#54 C:/laragon/www/APK_POS2/vendor/laravel/framework/src/Illuminate/Pipeline/Pipeline.php(219): Illuminate/Foundation/Http/Middleware/InvokeDeferredCallbacks->handle(Object(Illuminate/Http/Request), Object(Closure))
#55 C:/laragon/www/APK_POS2/vendor/laravel/framework/src/Illuminate/Http/Middleware/ValidatePathEncoding.php(26): Illuminate/Pipeline/Pipeline->{closure:{closure:Illuminate/Pipeline/Pipeline::carry():194}:195}(Object(Illuminate/Http/Request))
#56 C:/laragon/www/APK_POS2/vendor/laravel/framework/src/Illuminate/Pipeline/Pipeline.php(219): Illuminate/Http/Middleware/ValidatePathEncoding->handle(Object(Illuminate/Http/Request), Object(Closure))
#57 C:/laragon/www/APK_POS2/vendor/laravel/framework/src/Illuminate/Pipeline/Pipeline.php(137): Illuminate/Pipeline/Pipeline->{closure:{closure:Illuminate/Pipeline/Pipeline::carry():194}:195}(Object(Illuminate/Http/Request))
#58 C:/laragon/www/APK_POS2/vendor/laravel/framework/src/Illuminate/Foundation/Http/Kernel.php(175): Illuminate/Pipeline/Pipeline->then(Object(Closure))
#59 C:/laragon/www/APK_POS2/vendor/laravel/framework/src/Illuminate/Foundation/Http/Kernel.php(144): Illuminate/Foundation/Http/Kernel->sendRequestThroughRouter(Object(Illuminate/Http/Request))
#60 C:/laragon/www/APK_POS2/vendor/laravel/framework/src/Illuminate/Foundation/Application.php(1220): Illuminate/Foundation/Http/Kernel->handle(Object(Illuminate/Http/Request))
#61 C:/laragon/www/APK_POS2/public/index.php(20): Illuminate/Foundation/Application->handleRequest(Object(Illuminate/Http/Request))
#62 C:/laragon/www/APK_POS2/vendor/laravel/framework/src/Illuminate/Foundation/resources/server.php(23): require_once('C://laragon//www//...')
#63 {main}
"} 
[2026-08-06 07:04:49] local.ERROR: SQLSTATE[23000]: Integrity constraint violation: 1451 Cannot delete or update a parent row: a foreign key constraint fails (`pos_faizzz`.`item_penjualan`, CONSTRAINT `item_penjualan_produk_id_foreign` FOREIGN KEY (`produk_id`) REFERENCES `produk` (`id`)) (Connection: mysql, Host: 127.0.0.1, Port: 3306, Database: pos_faizzz, SQL: delete from `produk` where `id` = 1) {"userId":2,"exception":"[object] (Illuminate\\Database\\QueryException(code: 23000): SQLSTATE[23000]: Integrity constraint violation: 1451 Cannot delete or update a parent row: a foreign key constraint fails (`pos_faizzz`.`item_penjualan`, CONSTRAINT `item_penjualan_produk_id_foreign` FOREIGN KEY (`produk_id`) REFERENCES `produk` (`id`)) (Connection: mysql, Host: 127.0.0.1, Port: 3306, Database: pos_faizzz, SQL: delete from `produk` where `id` = 1) at C:/laragon/www/APK_POS2/vendor/laravel/framework/src/Illuminate/Database/Connection.php:838)
[stacktrace]
#0 C:/laragon/www/APK_POS2/vendor/laravel/framework/src/Illuminate/Database/Connection.php(794): Illuminate/Database/Connection->runQueryCallback('delete from `pr...', Array, Object(Closure))
#1 C:/laragon/www/APK_POS2/vendor/laravel/framework/src/Illuminate/Database/Connection.php(597): Illuminate/Database/Connection->run('delete from `pr...', Array, Object(Closure))
#2 C:/laragon/www/APK_POS2/vendor/laravel/framework/src/Illuminate/Database/Connection.php(561): Illuminate/Database/Connection->affectingStatement('delete from `pr...', Array)
#3 C:/laragon/www/APK_POS2/vendor/laravel/framework/src/Illuminate/Database/Query/Builder.php(4426): Illuminate/Database/Connection->delete('delete from `pr...', Array)
#4 C:/laragon/www/APK_POS2/vendor/laravel/framework/src/Illuminate/Database/Eloquent/Builder.php(1480): Illuminate/Database/Query/Builder->delete()
#5 C:/laragon/www/APK_POS2/vendor/laravel/framework/src/Illuminate/Database/Eloquent/Model.php(1578): Illuminate/Database/Eloquent/Builder->delete()
#6 C:/laragon/www/APK_POS2/vendor/laravel/framework/src/Illuminate/Database/Eloquent/Model.php(1510): Illuminate/Database/Eloquent/Model->performDeleteOnModel()
#7 C:/laragon/www/APK_POS2/app/Http/Controllers/ProdukController.php(110): Illuminate/Database/Eloquent/Model->delete()
#8 C:/laragon/www/APK_POS2/vendor/laravel/framework/src/Illuminate/Routing/ControllerDispatcher.php(46): App/Http/Controllers/ProdukController->destroy(Object(App/Models/Produk))
#9 C:/laragon/www/APK_POS2/vendor/laravel/framework/src/Illuminate/Routing/Route.php(265): Illuminate/Routing/ControllerDispatcher->dispatch(Object(Illuminate/Routing/Route), Object(App/Http/Controllers/ProdukController), 'destroy')
#10 C:/laragon/www/APK_POS2/vendor/laravel/framework/src/Illuminate/Routing/Route.php(211): Illuminate/Routing/Route->runController()
#11 C:/laragon/www/APK_POS2/vendor/laravel/framework/src/Illuminate/Routing/Router.php(822): Illuminate/Routing/Route->run()
#12 C:/laragon/www/APK_POS2/vendor/laravel/framework/src/Illuminate/Pipeline/Pipeline.php(180): Illuminate/Routing/Router->{closure:Illuminate/Routing/Router::runRouteWithinStack():821}(Object(Illuminate/Http/Request))
#13 C:/laragon/www/APK_POS2/app/Http/Middleware/RoleMiddleware.php(27): Illuminate/Pipeline/Pipeline->{closure:Illuminate/Pipeline/Pipeline::prepareDestination():178}(Object(Illuminate/Http/Request))
#14 C:/laragon/www/APK_POS2/vendor/laravel/framework/src/Illuminate/Pipeline/Pipeline.php(219): App/Http/Middleware/RoleMiddleware->handle(Object(Illuminate/Http/Request), Object(Closure), 'admin', 'kasir')
#15 C:/laragon/www/APK_POS2/vendor/laravel/framework/src/Illuminate/Routing/Middleware/SubstituteBindings.php(50): Illuminate/Pipeline/Pipeline->{closure:{closure:Illuminate/Pipeline/Pipeline::carry():194}:195}(Object(Illuminate/Http/Request))
#16 C:/laragon/www/APK_POS2/vendor/laravel/framework/src/Illuminate/Pipeline/Pipeline.php(219): Illuminate/Routing/Middleware/SubstituteBindings->handle(Object(Illuminate/Http/Request), Object(Closure))
#17 C:/laragon/www/APK_POS2/vendor/laravel/framework/src/Illuminate/Auth/Middleware/Authenticate.php(63): Illuminate/Pipeline/Pipeline->{closure:{closure:Illuminate/Pipeline/Pipeline::carry():194}:195}(Object(Illuminate/Http/Request))
#18 C:/laragon/www/APK_POS2/vendor/laravel/framework/src/Illuminate/Pipeline/Pipeline.php(219): Illuminate/Auth/Middleware/Authenticate->handle(Object(Illuminate/Http/Request), Object(Closure))
#19 C:/laragon/www/APK_POS2/vendor/laravel/framework/src/Illuminate/Foundation/Http/Middleware/VerifyCsrfToken.php(87): Illuminate/Pipeline/Pipeline->{closure:{closure:Illuminate/Pipeline/Pipeline::carry():194}:195}(Object(Illuminate/Http/Request))
#20 C:/laragon/www/APK_POS2/vendor/laravel/framework/src/Illuminate/Pipeline/Pipeline.php(219): Illuminate/Foundation/Http/Middleware/VerifyCsrfToken->handle(Object(Illuminate/Http/Request), Object(Closure))
#21 C:/laragon/www/APK_POS2/vendor/laravel/framework/src/Illuminate/View/Middleware/ShareErrorsFromSession.php(48): Illuminate/Pipeline/Pipeline->{closure:{closure:Illuminate/Pipeline/Pipeline::carry():194}:195}(Object(Illuminate/Http/Request))
#22 C:/laragon/www/APK_POS2/vendor/laravel/framework/src/Illuminate/Pipeline/Pipeline.php(219): Illuminate/View/Middleware/ShareErrorsFromSession->handle(Object(Illuminate/Http/Request), Object(Closure))
#23 C:/laragon/www/APK_POS2/vendor/laravel/framework/src/Illuminate/Session/Middleware/StartSession.php(120): Illuminate/Pipeline/Pipeline->{closure:{closure:Illuminate/Pipeline/Pipeline::carry():194}:195}(Object(Illuminate/Http/Request))
#24 C:/laragon/www/APK_POS2/vendor/laravel/framework/src/Illuminate/Session/Middleware/StartSession.php(63): Illuminate/Session/Middleware/StartSession->handleStatefulRequest(Object(Illuminate/Http/Request), Object(Illuminate/Session/Store), Object(Closure))
#25 C:/laragon/www/APK_POS2/vendor/laravel/framework/src/Illuminate/Pipeline/Pipeline.php(219): Illuminate/Session/Middleware/StartSession->handle(Object(Illuminate/Http/Request), Object(Closure))
#26 C:/laragon/www/APK_POS2/vendor/laravel/framework/src/Illuminate/Cookie/Middleware/AddQueuedCookiesToResponse.php(36): Illuminate/Pipeline/Pipeline->{closure:{closure:Illuminate/Pipeline/Pipeline::carry():194}:195}(Object(Illuminate/Http/Request))
#27 C:/laragon/www/APK_POS2/vendor/laravel/framework/src/Illuminate/Pipeline/Pipeline.php(219): Illuminate/Cookie/Middleware/AddQueuedCookiesToResponse->handle(Object(Illuminate/Http/Request), Object(Closure))
#28 C:/laragon/www/APK_POS2/vendor/laravel/framework/src/Illuminate/Cookie/Middleware/EncryptCookies.php(74): Illuminate/Pipeline/Pipeline->{closure:{closure:Illuminate/Pipeline/Pipeline::carry():194}:195}(Object(Illuminate/Http/Request))
#29 C:/laragon/www/APK_POS2/vendor/laravel/framework/src/Illuminate/Pipeline/Pipeline.php(219): Illuminate/Cookie/Middleware/EncryptCookies->handle(Object(Illuminate/Http/Request), Object(Closure))
#30 C:/laragon/www/APK_POS2/vendor/laravel/framework/src/Illuminate/Pipeline/Pipeline.php(137): Illuminate/Pipeline/Pipeline->{closure:{closure:Illuminate/Pipeline/Pipeline::carry():194}:195}(Object(Illuminate/Http/Request))
#31 C:/laragon/www/APK_POS2/vendor/laravel/framework/src/Illuminate/Routing/Router.php(821): Illuminate/Pipeline/Pipeline->then(Object(Closure))
#32 C:/laragon/www/APK_POS2/vendor/laravel/framework/src/Illuminate/Routing/Router.php(800): Illuminate/Routing/Router->runRouteWithinStack(Object(Illuminate/Routing/Route), Object(Illuminate/Http/Request))
#33 C:/laragon/www/APK_POS2/vendor/laravel/framework/src/Illuminate/Routing/Router.php(764): Illuminate/Routing/Router->runRoute(Object(Illuminate/Http/Request), Object(Illuminate/Routing/Route))
#34 C:/laragon/www/APK_POS2/vendor/laravel/framework/src/Illuminate/Routing/Router.php(753): Illuminate/Routing/Router->dispatchToRoute(Object(Illuminate/Http/Request))
#35 C:/laragon/www/APK_POS2/vendor/laravel/framework/src/Illuminate/Foundation/Http/Kernel.php(200): Illuminate/Routing/Router->dispatch(Object(Illuminate/Http/Request))
#36 C:/laragon/www/APK_POS2/vendor/laravel/framework/src/Illuminate/Pipeline/Pipeline.php(180): Illuminate/Foundation/Http/Kernel->{closure:Illuminate/Foundation/Http/Kernel::dispatchToRouter():197}(Object(Illuminate/Http/Request))
#37 C:/laragon/www/APK_POS2/vendor/laravel/framework/src/Illuminate/Foundation/Http/Middleware/TransformsRequest.php(21): Illuminate/Pipeline/Pipeline->{closure:Illuminate/Pipeline/Pipeline::prepareDestination():178}(Object(Illuminate/Http/Request))
#38 C:/laragon/www/APK_POS2/vendor/laravel/framework/src/Illuminate/Foundation/Http/Middleware/ConvertEmptyStringsToNull.php(31): Illuminate/Foundation/Http/Middleware/TransformsRequest->handle(Object(Illuminate/Http/Request), Object(Closure))
#39 C:/laragon/www/APK_POS2/vendor/laravel/framework/src/Illuminate/Pipeline/Pipeline.php(219): Illuminate/Foundation/Http/Middleware/ConvertEmptyStringsToNull->handle(Object(Illuminate/Http/Request), Object(Closure))
#40 C:/laragon/www/APK_POS2/vendor/laravel/framework/src/Illuminate/Foundation/Http/Middleware/TransformsRequest.php(21): Illuminate/Pipeline/Pipeline->{closure:{closure:Illuminate/Pipeline/Pipeline::carry():194}:195}(Object(Illuminate/Http/Request))
#41 C:/laragon/www/APK_POS2/vendor/laravel/framework/src/Illuminate/Foundation/Http/Middleware/TrimStrings.php(51): Illuminate/Foundation/Http/Middleware/TransformsRequest->handle(Object(Illuminate/Http/Request), Object(Closure))
#42 C:/laragon/www/APK_POS2/vendor/laravel/framework/src/Illuminate/Pipeline/Pipeline.php(219): Illuminate/Foundation/Http/Middleware/TrimStrings->handle(Object(Illuminate/Http/Request), Object(Closure))
#43 C:/laragon/www/APK_POS2/vendor/laravel/framework/src/Illuminate/Http/Middleware/ValidatePostSize.php(27): Illuminate/Pipeline/Pipeline->{closure:{closure:Illuminate/Pipeline/Pipeline::carry():194}:195}(Object(Illuminate/Http/Request))
#44 C:/laragon/www/APK_POS2/vendor/laravel/framework/src/Illuminate/Pipeline/Pipeline.php(219): Illuminate/Http/Middleware/ValidatePostSize->handle(Object(Illuminate/Http/Request), Object(Closure))
#45 C:/laragon/www/APK_POS2/vendor/laravel/framework/src/Illuminate/Foundation/Http/Middleware/PreventRequestsDuringMaintenance.php(109): Illuminate/Pipeline/Pipeline->{closure:{closure:Illuminate/Pipeline/Pipeline::carry():194}:195}(Object(Illuminate/Http/Request))
#46 C:/laragon/www/APK_POS2/vendor/laravel/framework/src/Illuminate/Pipeline/Pipeline.php(219): Illuminate/Foundation/Http/Middleware/PreventRequestsDuringMaintenance->handle(Object(Illuminate/Http/Request), Object(Closure))
#47 C:/laragon/www/APK_POS2/vendor/laravel/framework/src/Illuminate/Http/Middleware/HandleCors.php(61): Illuminate/Pipeline/Pipeline->{closure:{closure:Illuminate/Pipeline/Pipeline::carry():194}:195}(Object(Illuminate/Http/Request))
#48 C:/laragon/www/APK_POS2/vendor/laravel/framework/src/Illuminate/Pipeline/Pipeline.php(219): Illuminate/Http/Middleware/HandleCors->handle(Object(Illuminate/Http/Request), Object(Closure))
#49 C:/laragon/www/APK_POS2/vendor/laravel/framework/src/Illuminate/Http/Middleware/TrustProxies.php(58): Illuminate/Pipeline/Pipeline->{closure:{closure:Illuminate/Pipeline/Pipeline::carry():194}:195}(Object(Illuminate/Http/Request))
#50 C:/laragon/www/APK_POS2/vendor/laravel/framework/src/Illuminate/Pipeline/Pipeline.php(219): Illuminate/Http/Middleware/TrustProxies->handle(Object(Illuminate/Http/Request), Object(Closure))
#51 C:/laragon/www/APK_POS2/vendor/laravel/framework/src/Illuminate/Foundation/Http/Middleware/InvokeDeferredCallbacks.php(22): Illuminate/Pipeline/Pipeline->{closure:{closure:Illuminate/Pipeline/Pipeline::carry():194}:195}(Object(Illuminate/Http/Request))
#52 C:/laragon/www/APK_POS2/vendor/laravel/framework/src/Illuminate/Pipeline/Pipeline.php(219): Illuminate/Foundation/Http/Middleware/InvokeDeferredCallbacks->handle(Object(Illuminate/Http/Request), Object(Closure))
#53 C:/laragon/www/APK_POS2/vendor/laravel/framework/src/Illuminate/Http/Middleware/ValidatePathEncoding.php(26): Illuminate/Pipeline/Pipeline->{closure:{closure:Illuminate/Pipeline/Pipeline::carry():194}:195}(Object(Illuminate/Http/Request))
#54 C:/laragon/www/APK_POS2/vendor/laravel/framework/src/Illuminate/Pipeline/Pipeline.php(219): Illuminate/Http/Middleware/ValidatePathEncoding->handle(Object(Illuminate/Http/Request), Object(Closure))
#55 C:/laragon/www/APK_POS2/vendor/laravel/framework/src/Illuminate/Pipeline/Pipeline.php(137): Illuminate/Pipeline/Pipeline->{closure:{closure:Illuminate/Pipeline/Pipeline::carry():194}:195}(Object(Illuminate/Http/Request))
#56 C:/laragon/www/APK_POS2/vendor/laravel/framework/src/Illuminate/Foundation/Http/Kernel.php(175): Illuminate/Pipeline/Pipeline->then(Object(Closure))
#57 C:/laragon/www/APK_POS2/vendor/laravel/framework/src/Illuminate/Foundation/Http/Kernel.php(144): Illuminate/Foundation/Http/Kernel->sendRequestThroughRouter(Object(Illuminate/Http/Request))
#58 C:/laragon/www/APK_POS2/vendor/laravel/framework/src/Illuminate/Foundation/Application.php(1220): Illuminate/Foundation/Http/Kernel->handle(Object(Illuminate/Http/Request))
#59 C:/laragon/www/APK_POS2/public/index.php(20): Illuminate/Foundation/Application->handleRequest(Object(Illuminate/Http/Request))
#60 C:/laragon/www/APK_POS2/vendor/laravel/framework/src/Illuminate/Foundation/resources/server.php(23): require_once('C://laragon//www//...')
#61 {main}

[previous exception] [object] (PDOException(code: 23000): SQLSTATE[23000]: Integrity constraint violation: 1451 Cannot delete or update a parent row: a foreign key constraint fails (`pos_faizzz`.`item_penjualan`, CONSTRAINT `item_penjualan_produk_id_foreign` FOREIGN KEY (`produk_id`) REFERENCES `produk` (`id`)) at C:/laragon/www/APK_POS2/vendor/laravel/framework/src/Illuminate/Database/Connection.php:609)
[stacktrace]
#0 C:/laragon/www/APK_POS2/vendor/laravel/framework/src/Illuminate/Database/Connection.php(609): PDOStatement->execute()
#1 C:/laragon/www/APK_POS2/vendor/laravel/framework/src/Illuminate/Database/Connection.php(827): Illuminate/Database/Connection->{closure:Illuminate/Database/Connection::affectingStatement():597}('delete from `pr...', Array)
#2 C:/laragon/www/APK_POS2/vendor/laravel/framework/src/Illuminate/Database/Connection.php(794): Illuminate/Database/Connection->runQueryCallback('delete from `pr...', Array, Object(Closure))
#3 C:/laragon/www/APK_POS2/vendor/laravel/framework/src/Illuminate/Database/Connection.php(597): Illuminate/Database/Connection->run('delete from `pr...', Array, Object(Closure))
#4 C:/laragon/www/APK_POS2/vendor/laravel/framework/src/Illuminate/Database/Connection.php(561): Illuminate/Database/Connection->affectingStatement('delete from `pr...', Array)
#5 C:/laragon/www/APK_POS2/vendor/laravel/framework/src/Illuminate/Database/Query/Builder.php(4426): Illuminate/Database/Connection->delete('delete from `pr...', Array)
#6 C:/laragon/www/APK_POS2/vendor/laravel/framework/src/Illuminate/Database/Eloquent/Builder.php(1480): Illuminate/Database/Query/Builder->delete()
#7 C:/laragon/www/APK_POS2/vendor/laravel/framework/src/Illuminate/Database/Eloquent/Model.php(1578): Illuminate/Database/Eloquent/Builder->delete()
#8 C:/laragon/www/APK_POS2/vendor/laravel/framework/src/Illuminate/Database/Eloquent/Model.php(1510): Illuminate/Database/Eloquent/Model->performDeleteOnModel()
#9 C:/laragon/www/APK_POS2/app/Http/Controllers/ProdukController.php(110): Illuminate/Database/Eloquent/Model->delete()
#10 C:/laragon/www/APK_POS2/vendor/laravel/framework/src/Illuminate/Routing/ControllerDispatcher.php(46): App/Http/Controllers/ProdukController->destroy(Object(App/Models/Produk))
#11 C:/laragon/www/APK_POS2/vendor/laravel/framework/src/Illuminate/Routing/Route.php(265): Illuminate/Routing/ControllerDispatcher->dispatch(Object(Illuminate/Routing/Route), Object(App/Http/Controllers/ProdukController), 'destroy')
#12 C:/laragon/www/APK_POS2/vendor/laravel/framework/src/Illuminate/Routing/Route.php(211): Illuminate/Routing/Route->runController()
#13 C:/laragon/www/APK_POS2/vendor/laravel/framework/src/Illuminate/Routing/Router.php(822): Illuminate/Routing/Route->run()
#14 C:/laragon/www/APK_POS2/vendor/laravel/framework/src/Illuminate/Pipeline/Pipeline.php(180): Illuminate/Routing/Router->{closure:Illuminate/Routing/Router::runRouteWithinStack():821}(Object(Illuminate/Http/Request))
#15 C:/laragon/www/APK_POS2/app/Http/Middleware/RoleMiddleware.php(27): Illuminate/Pipeline/Pipeline->{closure:Illuminate/Pipeline/Pipeline::prepareDestination():178}(Object(Illuminate/Http/Request))
#16 C:/laragon/www/APK_POS2/vendor/laravel/framework/src/Illuminate/Pipeline/Pipeline.php(219): App/Http/Middleware/RoleMiddleware->handle(Object(Illuminate/Http/Request), Object(Closure), 'admin', 'kasir')
#17 C:/laragon/www/APK_POS2/vendor/laravel/framework/src/Illuminate/Routing/Middleware/SubstituteBindings.php(50): Illuminate/Pipeline/Pipeline->{closure:{closure:Illuminate/Pipeline/Pipeline::carry():194}:195}(Object(Illuminate/Http/Request))
#18 C:/laragon/www/APK_POS2/vendor/laravel/framework/src/Illuminate/Pipeline/Pipeline.php(219): Illuminate/Routing/Middleware/SubstituteBindings->handle(Object(Illuminate/Http/Request), Object(Closure))
#19 C:/laragon/www/APK_POS2/vendor/laravel/framework/src/Illuminate/Auth/Middleware/Authenticate.php(63): Illuminate/Pipeline/Pipeline->{closure:{closure:Illuminate/Pipeline/Pipeline::carry():194}:195}(Object(Illuminate/Http/Request))
#20 C:/laragon/www/APK_POS2/vendor/laravel/framework/src/Illuminate/Pipeline/Pipeline.php(219): Illuminate/Auth/Middleware/Authenticate->handle(Object(Illuminate/Http/Request), Object(Closure))
#21 C:/laragon/www/APK_POS2/vendor/laravel/framework/src/Illuminate/Foundation/Http/Middleware/VerifyCsrfToken.php(87): Illuminate/Pipeline/Pipeline->{closure:{closure:Illuminate/Pipeline/Pipeline::carry():194}:195}(Object(Illuminate/Http/Request))
#22 C:/laragon/www/APK_POS2/vendor/laravel/framework/src/Illuminate/Pipeline/Pipeline.php(219): Illuminate/Foundation/Http/Middleware/VerifyCsrfToken->handle(Object(Illuminate/Http/Request), Object(Closure))
#23 C:/laragon/www/APK_POS2/vendor/laravel/framework/src/Illuminate/View/Middleware/ShareErrorsFromSession.php(48): Illuminate/Pipeline/Pipeline->{closure:{closure:Illuminate/Pipeline/Pipeline::carry():194}:195}(Object(Illuminate/Http/Request))
#24 C:/laragon/www/APK_POS2/vendor/laravel/framework/src/Illuminate/Pipeline/Pipeline.php(219): Illuminate/View/Middleware/ShareErrorsFromSession->handle(Object(Illuminate/Http/Request), Object(Closure))
#25 C:/laragon/www/APK_POS2/vendor/laravel/framework/src/Illuminate/Session/Middleware/StartSession.php(120): Illuminate/Pipeline/Pipeline->{closure:{closure:Illuminate/Pipeline/Pipeline::carry():194}:195}(Object(Illuminate/Http/Request))
#26 C:/laragon/www/APK_POS2/vendor/laravel/framework/src/Illuminate/Session/Middleware/StartSession.php(63): Illuminate/Session/Middleware/StartSession->handleStatefulRequest(Object(Illuminate/Http/Request), Object(Illuminate/Session/Store), Object(Closure))
#27 C:/laragon/www/APK_POS2/vendor/laravel/framework/src/Illuminate/Pipeline/Pipeline.php(219): Illuminate/Session/Middleware/StartSession->handle(Object(Illuminate/Http/Request), Object(Closure))
#28 C:/laragon/www/APK_POS2/vendor/laravel/framework/src/Illuminate/Cookie/Middleware/AddQueuedCookiesToResponse.php(36): Illuminate/Pipeline/Pipeline->{closure:{closure:Illuminate/Pipeline/Pipeline::carry():194}:195}(Object(Illuminate/Http/Request))
#29 C:/laragon/www/APK_POS2/vendor/laravel/framework/src/Illuminate/Pipeline/Pipeline.php(219): Illuminate/Cookie/Middleware/AddQueuedCookiesToResponse->handle(Object(Illuminate/Http/Request), Object(Closure))
#30 C:/laragon/www/APK_POS2/vendor/laravel/framework/src/Illuminate/Cookie/Middleware/EncryptCookies.php(74): Illuminate/Pipeline/Pipeline->{closure:{closure:Illuminate/Pipeline/Pipeline::carry():194}:195}(Object(Illuminate/Http/Request))
#31 C:/laragon/www/APK_POS2/vendor/laravel/framework/src/Illuminate/Pipeline/Pipeline.php(219): Illuminate/Cookie/Middleware/EncryptCookies->handle(Object(Illuminate/Http/Request), Object(Closure))
#32 C:/laragon/www/APK_POS2/vendor/laravel/framework/src/Illuminate/Pipeline/Pipeline.php(137): Illuminate/Pipeline/Pipeline->{closure:{closure:Illuminate/Pipeline/Pipeline::carry():194}:195}(Object(Illuminate/Http/Request))
#33 C:/laragon/www/APK_POS2/vendor/laravel/framework/src/Illuminate/Routing/Router.php(821): Illuminate/Pipeline/Pipeline->then(Object(Closure))
#34 C:/laragon/www/APK_POS2/vendor/laravel/framework/src/Illuminate/Routing/Router.php(800): Illuminate/Routing/Router->runRouteWithinStack(Object(Illuminate/Routing/Route), Object(Illuminate/Http/Request))
#35 C:/laragon/www/APK_POS2/vendor/laravel/framework/src/Illuminate/Routing/Router.php(764): Illuminate/Routing/Router->runRoute(Object(Illuminate/Http/Request), Object(Illuminate/Routing/Route))
#36 C:/laragon/www/APK_POS2/vendor/laravel/framework/src/Illuminate/Routing/Router.php(753): Illuminate/Routing/Router->dispatchToRoute(Object(Illuminate/Http/Request))
#37 C:/laragon/www/APK_POS2/vendor/laravel/framework/src/Illuminate/Foundation/Http/Kernel.php(200): Illuminate/Routing/Router->dispatch(Object(Illuminate/Http/Request))
#38 C:/laragon/www/APK_POS2/vendor/laravel/framework/src/Illuminate/Pipeline/Pipeline.php(180): Illuminate/Foundation/Http/Kernel->{closure:Illuminate/Foundation/Http/Kernel::dispatchToRouter():197}(Object(Illuminate/Http/Request))
#39 C:/laragon/www/APK_POS2/vendor/laravel/framework/src/Illuminate/Foundation/Http/Middleware/TransformsRequest.php(21): Illuminate/Pipeline/Pipeline->{closure:Illuminate/Pipeline/Pipeline::prepareDestination():178}(Object(Illuminate/Http/Request))
#40 C:/laragon/www/APK_POS2/vendor/laravel/framework/src/Illuminate/Foundation/Http/Middleware/ConvertEmptyStringsToNull.php(31): Illuminate/Foundation/Http/Middleware/TransformsRequest->handle(Object(Illuminate/Http/Request), Object(Closure))
#41 C:/laragon/www/APK_POS2/vendor/laravel/framework/src/Illuminate/Pipeline/Pipeline.php(219): Illuminate/Foundation/Http/Middleware/ConvertEmptyStringsToNull->handle(Object(Illuminate/Http/Request), Object(Closure))
#42 C:/laragon/www/APK_POS2/vendor/laravel/framework/src/Illuminate/Foundation/Http/Middleware/TransformsRequest.php(21): Illuminate/Pipeline/Pipeline->{closure:{closure:Illuminate/Pipeline/Pipeline::carry():194}:195}(Object(Illuminate/Http/Request))
#43 C:/laragon/www/APK_POS2/vendor/laravel/framework/src/Illuminate/Foundation/Http/Middleware/TrimStrings.php(51): Illuminate/Foundation/Http/Middleware/TransformsRequest->handle(Object(Illuminate/Http/Request), Object(Closure))
#44 C:/laragon/www/APK_POS2/vendor/laravel/framework/src/Illuminate/Pipeline/Pipeline.php(219): Illuminate/Foundation/Http/Middleware/TrimStrings->handle(Object(Illuminate/Http/Request), Object(Closure))
#45 C:/laragon/www/APK_POS2/vendor/laravel/framework/src/Illuminate/Http/Middleware/ValidatePostSize.php(27): Illuminate/Pipeline/Pipeline->{closure:{closure:Illuminate/Pipeline/Pipeline::carry():194}:195}(Object(Illuminate/Http/Request))
#46 C:/laragon/www/APK_POS2/vendor/laravel/framework/src/Illuminate/Pipeline/Pipeline.php(219): Illuminate/Http/Middleware/ValidatePostSize->handle(Object(Illuminate/Http/Request), Object(Closure))
#47 C:/laragon/www/APK_POS2/vendor/laravel/framework/src/Illuminate/Foundation/Http/Middleware/PreventRequestsDuringMaintenance.php(109): Illuminate/Pipeline/Pipeline->{closure:{closure:Illuminate/Pipeline/Pipeline::carry():194}:195}(Object(Illuminate/Http/Request))
#48 C:/laragon/www/APK_POS2/vendor/laravel/framework/src/Illuminate/Pipeline/Pipeline.php(219): Illuminate/Foundation/Http/Middleware/PreventRequestsDuringMaintenance->handle(Object(Illuminate/Http/Request), Object(Closure))
#49 C:/laragon/www/APK_POS2/vendor/laravel/framework/src/Illuminate/Http/Middleware/HandleCors.php(61): Illuminate/Pipeline/Pipeline->{closure:{closure:Illuminate/Pipeline/Pipeline::carry():194}:195}(Object(Illuminate/Http/Request))
#50 C:/laragon/www/APK_POS2/vendor/laravel/framework/src/Illuminate/Pipeline/Pipeline.php(219): Illuminate/Http/Middleware/HandleCors->handle(Object(Illuminate/Http/Request), Object(Closure))
#51 C:/laragon/www/APK_POS2/vendor/laravel/framework/src/Illuminate/Http/Middleware/TrustProxies.php(58): Illuminate/Pipeline/Pipeline->{closure:{closure:Illuminate/Pipeline/Pipeline::carry():194}:195}(Object(Illuminate/Http/Request))
#52 C:/laragon/www/APK_POS2/vendor/laravel/framework/src/Illuminate/Pipeline/Pipeline.php(219): Illuminate/Http/Middleware/TrustProxies->handle(Object(Illuminate/Http/Request), Object(Closure))
#53 C:/laragon/www/APK_POS2/vendor/laravel/framework/src/Illuminate/Foundation/Http/Middleware/InvokeDeferredCallbacks.php(22): Illuminate/Pipeline/Pipeline->{closure:{closure:Illuminate/Pipeline/Pipeline::carry():194}:195}(Object(Illuminate/Http/Request))
#54 C:/laragon/www/APK_POS2/vendor/laravel/framework/src/Illuminate/Pipeline/Pipeline.php(219): Illuminate/Foundation/Http/Middleware/InvokeDeferredCallbacks->handle(Object(Illuminate/Http/Request), Object(Closure))
#55 C:/laragon/www/APK_POS2/vendor/laravel/framework/src/Illuminate/Http/Middleware/ValidatePathEncoding.php(26): Illuminate/Pipeline/Pipeline->{closure:{closure:Illuminate/Pipeline/Pipeline::carry():194}:195}(Object(Illuminate/Http/Request))
#56 C:/laragon/www/APK_POS2/vendor/laravel/framework/src/Illuminate/Pipeline/Pipeline.php(219): Illuminate/Http/Middleware/ValidatePathEncoding->handle(Object(Illuminate/Http/Request), Object(Closure))
#57 C:/laragon/www/APK_POS2/vendor/laravel/framework/src/Illuminate/Pipeline/Pipeline.php(137): Illuminate/Pipeline/Pipeline->{closure:{closure:Illuminate/Pipeline/Pipeline::carry():194}:195}(Object(Illuminate/Http/Request))
#58 C:/laragon/www/APK_POS2/vendor/laravel/framework/src/Illuminate/Foundation/Http/Kernel.php(175): Illuminate/Pipeline/Pipeline->then(Object(Closure))
#59 C:/laragon/www/APK_POS2/vendor/laravel/framework/src/Illuminate/Foundation/Http/Kernel.php(144): Illuminate/Foundation/Http/Kernel->sendRequestThroughRouter(Object(Illuminate/Http/Request))
#60 C:/laragon/www/APK_POS2/vendor/laravel/framework/src/Illuminate/Foundation/Application.php(1220): Illuminate/Foundation/Http/Kernel->handle(Object(Illuminate/Http/Request))
#61 C:/laragon/www/APK_POS2/public/index.php(20): Illuminate/Foundation/Application->handleRequest(Object(Illuminate/Http/Request))
#62 C:/laragon/www/APK_POS2/vendor/laravel/framework/src/Illuminate/Foundation/resources/server.php(23): require_once('C://laragon//www//...')
#63 {main}
"} 
[2026-08-06 07:04:56] local.ERROR: SQLSTATE[23000]: Integrity constraint violation: 1451 Cannot delete or update a parent row: a foreign key constraint fails (`pos_faizzz`.`item_penjualan`, CONSTRAINT `item_penjualan_produk_id_foreign` FOREIGN KEY (`produk_id`) REFERENCES `produk` (`id`)) (Connection: mysql, Host: 127.0.0.1, Port: 3306, Database: pos_faizzz, SQL: delete from `produk` where `id` = 1) {"userId":2,"exception":"[object] (Illuminate\\Database\\QueryException(code: 23000): SQLSTATE[23000]: Integrity constraint violation: 1451 Cannot delete or update a parent row: a foreign key constraint fails (`pos_faizzz`.`item_penjualan`, CONSTRAINT `item_penjualan_produk_id_foreign` FOREIGN KEY (`produk_id`) REFERENCES `produk` (`id`)) (Connection: mysql, Host: 127.0.0.1, Port: 3306, Database: pos_faizzz, SQL: delete from `produk` where `id` = 1) at C:/laragon/www/APK_POS2/vendor/laravel/framework/src/Illuminate/Database/Connection.php:838)
[stacktrace]
#0 C:/laragon/www/APK_POS2/vendor/laravel/framework/src/Illuminate/Database/Connection.php(794): Illuminate/Database/Connection->runQueryCallback('delete from `pr...', Array, Object(Closure))
#1 C:/laragon/www/APK_POS2/vendor/laravel/framework/src/Illuminate/Database/Connection.php(597): Illuminate/Database/Connection->run('delete from `pr...', Array, Object(Closure))
#2 C:/laragon/www/APK_POS2/vendor/laravel/framework/src/Illuminate/Database/Connection.php(561): Illuminate/Database/Connection->affectingStatement('delete from `pr...', Array)
#3 C:/laragon/www/APK_POS2/vendor/laravel/framework/src/Illuminate/Database/Query/Builder.php(4426): Illuminate/Database/Connection->delete('delete from `pr...', Array)
#4 C:/laragon/www/APK_POS2/vendor/laravel/framework/src/Illuminate/Database/Eloquent/Builder.php(1480): Illuminate/Database/Query/Builder->delete()
#5 C:/laragon/www/APK_POS2/vendor/laravel/framework/src/Illuminate/Database/Eloquent/Model.php(1578): Illuminate/Database/Eloquent/Builder->delete()
#6 C:/laragon/www/APK_POS2/vendor/laravel/framework/src/Illuminate/Database/Eloquent/Model.php(1510): Illuminate/Database/Eloquent/Model->performDeleteOnModel()
#7 C:/laragon/www/APK_POS2/app/Http/Controllers/ProdukController.php(110): Illuminate/Database/Eloquent/Model->delete()
#8 C:/laragon/www/APK_POS2/vendor/laravel/framework/src/Illuminate/Routing/ControllerDispatcher.php(46): App/Http/Controllers/ProdukController->destroy(Object(App/Models/Produk))
#9 C:/laragon/www/APK_POS2/vendor/laravel/framework/src/Illuminate/Routing/Route.php(265): Illuminate/Routing/ControllerDispatcher->dispatch(Object(Illuminate/Routing/Route), Object(App/Http/Controllers/ProdukController), 'destroy')
#10 C:/laragon/www/APK_POS2/vendor/laravel/framework/src/Illuminate/Routing/Route.php(211): Illuminate/Routing/Route->runController()
#11 C:/laragon/www/APK_POS2/vendor/laravel/framework/src/Illuminate/Routing/Router.php(822): Illuminate/Routing/Route->run()
#12 C:/laragon/www/APK_POS2/vendor/laravel/framework/src/Illuminate/Pipeline/Pipeline.php(180): Illuminate/Routing/Router->{closure:Illuminate/Routing/Router::runRouteWithinStack():821}(Object(Illuminate/Http/Request))
#13 C:/laragon/www/APK_POS2/app/Http/Middleware/RoleMiddleware.php(27): Illuminate/Pipeline/Pipeline->{closure:Illuminate/Pipeline/Pipeline::prepareDestination():178}(Object(Illuminate/Http/Request))
#14 C:/laragon/www/APK_POS2/vendor/laravel/framework/src/Illuminate/Pipeline/Pipeline.php(219): App/Http/Middleware/RoleMiddleware->handle(Object(Illuminate/Http/Request), Object(Closure), 'admin', 'kasir')
#15 C:/laragon/www/APK_POS2/vendor/laravel/framework/src/Illuminate/Routing/Middleware/SubstituteBindings.php(50): Illuminate/Pipeline/Pipeline->{closure:{closure:Illuminate/Pipeline/Pipeline::carry():194}:195}(Object(Illuminate/Http/Request))
#16 C:/laragon/www/APK_POS2/vendor/laravel/framework/src/Illuminate/Pipeline/Pipeline.php(219): Illuminate/Routing/Middleware/SubstituteBindings->handle(Object(Illuminate/Http/Request), Object(Closure))
#17 C:/laragon/www/APK_POS2/vendor/laravel/framework/src/Illuminate/Auth/Middleware/Authenticate.php(63): Illuminate/Pipeline/Pipeline->{closure:{closure:Illuminate/Pipeline/Pipeline::carry():194}:195}(Object(Illuminate/Http/Request))
#18 C:/laragon/www/APK_POS2/vendor/laravel/framework/src/Illuminate/Pipeline/Pipeline.php(219): Illuminate/Auth/Middleware/Authenticate->handle(Object(Illuminate/Http/Request), Object(Closure))
#19 C:/laragon/www/APK_POS2/vendor/laravel/framework/src/Illuminate/Foundation/Http/Middleware/VerifyCsrfToken.php(87): Illuminate/Pipeline/Pipeline->{closure:{closure:Illuminate/Pipeline/Pipeline::carry():194}:195}(Object(Illuminate/Http/Request))
#20 C:/laragon/www/APK_POS2/vendor/laravel/framework/src/Illuminate/Pipeline/Pipeline.php(219): Illuminate/Foundation/Http/Middleware/VerifyCsrfToken->handle(Object(Illuminate/Http/Request), Object(Closure))
#21 C:/laragon/www/APK_POS2/vendor/laravel/framework/src/Illuminate/View/Middleware/ShareErrorsFromSession.php(48): Illuminate/Pipeline/Pipeline->{closure:{closure:Illuminate/Pipeline/Pipeline::carry():194}:195}(Object(Illuminate/Http/Request))
#22 C:/laragon/www/APK_POS2/vendor/laravel/framework/src/Illuminate/Pipeline/Pipeline.php(219): Illuminate/View/Middleware/ShareErrorsFromSession->handle(Object(Illuminate/Http/Request), Object(Closure))
#23 C:/laragon/www/APK_POS2/vendor/laravel/framework/src/Illuminate/Session/Middleware/StartSession.php(120): Illuminate/Pipeline/Pipeline->{closure:{closure:Illuminate/Pipeline/Pipeline::carry():194}:195}(Object(Illuminate/Http/Request))
#24 C:/laragon/www/APK_POS2/vendor/laravel/framework/src/Illuminate/Session/Middleware/StartSession.php(63): Illuminate/Session/Middleware/StartSession->handleStatefulRequest(Object(Illuminate/Http/Request), Object(Illuminate/Session/Store), Object(Closure))
#25 C:/laragon/www/APK_POS2/vendor/laravel/framework/src/Illuminate/Pipeline/Pipeline.php(219): Illuminate/Session/Middleware/StartSession->handle(Object(Illuminate/Http/Request), Object(Closure))
#26 C:/laragon/www/APK_POS2/vendor/laravel/framework/src/Illuminate/Cookie/Middleware/AddQueuedCookiesToResponse.php(36): Illuminate/Pipeline/Pipeline->{closure:{closure:Illuminate/Pipeline/Pipeline::carry():194}:195}(Object(Illuminate/Http/Request))
#27 C:/laragon/www/APK_POS2/vendor/laravel/framework/src/Illuminate/Pipeline/Pipeline.php(219): Illuminate/Cookie/Middleware/AddQueuedCookiesToResponse->handle(Object(Illuminate/Http/Request), Object(Closure))
#28 C:/laragon/www/APK_POS2/vendor/laravel/framework/src/Illuminate/Cookie/Middleware/EncryptCookies.php(74): Illuminate/Pipeline/Pipeline->{closure:{closure:Illuminate/Pipeline/Pipeline::carry():194}:195}(Object(Illuminate/Http/Request))
#29 C:/laragon/www/APK_POS2/vendor/laravel/framework/src/Illuminate/Pipeline/Pipeline.php(219): Illuminate/Cookie/Middleware/EncryptCookies->handle(Object(Illuminate/Http/Request), Object(Closure))
#30 C:/laragon/www/APK_POS2/vendor/laravel/framework/src/Illuminate/Pipeline/Pipeline.php(137): Illuminate/Pipeline/Pipeline->{closure:{closure:Illuminate/Pipeline/Pipeline::carry():194}:195}(Object(Illuminate/Http/Request))
#31 C:/laragon/www/APK_POS2/vendor/laravel/framework/src/Illuminate/Routing/Router.php(821): Illuminate/Pipeline/Pipeline->then(Object(Closure))
#32 C:/laragon/www/APK_POS2/vendor/laravel/framework/src/Illuminate/Routing/Router.php(800): Illuminate/Routing/Router->runRouteWithinStack(Object(Illuminate/Routing/Route), Object(Illuminate/Http/Request))
#33 C:/laragon/www/APK_POS2/vendor/laravel/framework/src/Illuminate/Routing/Router.php(764): Illuminate/Routing/Router->runRoute(Object(Illuminate/Http/Request), Object(Illuminate/Routing/Route))
#34 C:/laragon/www/APK_POS2/vendor/laravel/framework/src/Illuminate/Routing/Router.php(753): Illuminate/Routing/Router->dispatchToRoute(Object(Illuminate/Http/Request))
#35 C:/laragon/www/APK_POS2/vendor/laravel/framework/src/Illuminate/Foundation/Http/Kernel.php(200): Illuminate/Routing/Router->dispatch(Object(Illuminate/Http/Request))
#36 C:/laragon/www/APK_POS2/vendor/laravel/framework/src/Illuminate/Pipeline/Pipeline.php(180): Illuminate/Foundation/Http/Kernel->{closure:Illuminate/Foundation/Http/Kernel::dispatchToRouter():197}(Object(Illuminate/Http/Request))
#37 C:/laragon/www/APK_POS2/vendor/laravel/framework/src/Illuminate/Foundation/Http/Middleware/TransformsRequest.php(21): Illuminate/Pipeline/Pipeline->{closure:Illuminate/Pipeline/Pipeline::prepareDestination():178}(Object(Illuminate/Http/Request))
#38 C:/laragon/www/APK_POS2/vendor/laravel/framework/src/Illuminate/Foundation/Http/Middleware/ConvertEmptyStringsToNull.php(31): Illuminate/Foundation/Http/Middleware/TransformsRequest->handle(Object(Illuminate/Http/Request), Object(Closure))
#39 C:/laragon/www/APK_POS2/vendor/laravel/framework/src/Illuminate/Pipeline/Pipeline.php(219): Illuminate/Foundation/Http/Middleware/ConvertEmptyStringsToNull->handle(Object(Illuminate/Http/Request), Object(Closure))
#40 C:/laragon/www/APK_POS2/vendor/laravel/framework/src/Illuminate/Foundation/Http/Middleware/TransformsRequest.php(21): Illuminate/Pipeline/Pipeline->{closure:{closure:Illuminate/Pipeline/Pipeline::carry():194}:195}(Object(Illuminate/Http/Request))
#41 C:/laragon/www/APK_POS2/vendor/laravel/framework/src/Illuminate/Foundation/Http/Middleware/TrimStrings.php(51): Illuminate/Foundation/Http/Middleware/TransformsRequest->handle(Object(Illuminate/Http/Request), Object(Closure))
#42 C:/laragon/www/APK_POS2/vendor/laravel/framework/src/Illuminate/Pipeline/Pipeline.php(219): Illuminate/Foundation/Http/Middleware/TrimStrings->handle(Object(Illuminate/Http/Request), Object(Closure))
#43 C:/laragon/www/APK_POS2/vendor/laravel/framework/src/Illuminate/Http/Middleware/ValidatePostSize.php(27): Illuminate/Pipeline/Pipeline->{closure:{closure:Illuminate/Pipeline/Pipeline::carry():194}:195}(Object(Illuminate/Http/Request))
#44 C:/laragon/www/APK_POS2/vendor/laravel/framework/src/Illuminate/Pipeline/Pipeline.php(219): Illuminate/Http/Middleware/ValidatePostSize->handle(Object(Illuminate/Http/Request), Object(Closure))
#45 C:/laragon/www/APK_POS2/vendor/laravel/framework/src/Illuminate/Foundation/Http/Middleware/PreventRequestsDuringMaintenance.php(109): Illuminate/Pipeline/Pipeline->{closure:{closure:Illuminate/Pipeline/Pipeline::carry():194}:195}(Object(Illuminate/Http/Request))
#46 C:/laragon/www/APK_POS2/vendor/laravel/framework/src/Illuminate/Pipeline/Pipeline.php(219): Illuminate/Foundation/Http/Middleware/PreventRequestsDuringMaintenance->handle(Object(Illuminate/Http/Request), Object(Closure))
#47 C:/laragon/www/APK_POS2/vendor/laravel/framework/src/Illuminate/Http/Middleware/HandleCors.php(61): Illuminate/Pipeline/Pipeline->{closure:{closure:Illuminate/Pipeline/Pipeline::carry():194}:195}(Object(Illuminate/Http/Request))
#48 C:/laragon/www/APK_POS2/vendor/laravel/framework/src/Illuminate/Pipeline/Pipeline.php(219): Illuminate/Http/Middleware/HandleCors->handle(Object(Illuminate/Http/Request), Object(Closure))
#49 C:/laragon/www/APK_POS2/vendor/laravel/framework/src/Illuminate/Http/Middleware/TrustProxies.php(58): Illuminate/Pipeline/Pipeline->{closure:{closure:Illuminate/Pipeline/Pipeline::carry():194}:195}(Object(Illuminate/Http/Request))
#50 C:/laragon/www/APK_POS2/vendor/laravel/framework/src/Illuminate/Pipeline/Pipeline.php(219): Illuminate/Http/Middleware/TrustProxies->handle(Object(Illuminate/Http/Request), Object(Closure))
#51 C:/laragon/www/APK_POS2/vendor/laravel/framework/src/Illuminate/Foundation/Http/Middleware/InvokeDeferredCallbacks.php(22): Illuminate/Pipeline/Pipeline->{closure:{closure:Illuminate/Pipeline/Pipeline::carry():194}:195}(Object(Illuminate/Http/Request))
#52 C:/laragon/www/APK_POS2/vendor/laravel/framework/src/Illuminate/Pipeline/Pipeline.php(219): Illuminate/Foundation/Http/Middleware/InvokeDeferredCallbacks->handle(Object(Illuminate/Http/Request), Object(Closure))
#53 C:/laragon/www/APK_POS2/vendor/laravel/framework/src/Illuminate/Http/Middleware/ValidatePathEncoding.php(26): Illuminate/Pipeline/Pipeline->{closure:{closure:Illuminate/Pipeline/Pipeline::carry():194}:195}(Object(Illuminate/Http/Request))
#54 C:/laragon/www/APK_POS2/vendor/laravel/framework/src/Illuminate/Pipeline/Pipeline.php(219): Illuminate/Http/Middleware/ValidatePathEncoding->handle(Object(Illuminate/Http/Request), Object(Closure))
#55 C:/laragon/www/APK_POS2/vendor/laravel/framework/src/Illuminate/Pipeline/Pipeline.php(137): Illuminate/Pipeline/Pipeline->{closure:{closure:Illuminate/Pipeline/Pipeline::carry():194}:195}(Object(Illuminate/Http/Request))
#56 C:/laragon/www/APK_POS2/vendor/laravel/framework/src/Illuminate/Foundation/Http/Kernel.php(175): Illuminate/Pipeline/Pipeline->then(Object(Closure))
#57 C:/laragon/www/APK_POS2/vendor/laravel/framework/src/Illuminate/Foundation/Http/Kernel.php(144): Illuminate/Foundation/Http/Kernel->sendRequestThroughRouter(Object(Illuminate/Http/Request))
#58 C:/laragon/www/APK_POS2/vendor/laravel/framework/src/Illuminate/Foundation/Application.php(1220): Illuminate/Foundation/Http/Kernel->handle(Object(Illuminate/Http/Request))
#59 C:/laragon/www/APK_POS2/public/index.php(20): Illuminate/Foundation/Application->handleRequest(Object(Illuminate/Http/Request))
#60 C:/laragon/www/APK_POS2/vendor/laravel/framework/src/Illuminate/Foundation/resources/server.php(23): require_once('C://laragon//www//...')
#61 {main}

[previous exception] [object] (PDOException(code: 23000): SQLSTATE[23000]: Integrity constraint violation: 1451 Cannot delete or update a parent row: a foreign key constraint fails (`pos_faizzz`.`item_penjualan`, CONSTRAINT `item_penjualan_produk_id_foreign` FOREIGN KEY (`produk_id`) REFERENCES `produk` (`id`)) at C:/laragon/www/APK_POS2/vendor/laravel/framework/src/Illuminate/Database/Connection.php:609)
[stacktrace]
#0 C:/laragon/www/APK_POS2/vendor/laravel/framework/src/Illuminate/Database/Connection.php(609): PDOStatement->execute()
#1 C:/laragon/www/APK_POS2/vendor/laravel/framework/src/Illuminate/Database/Connection.php(827): Illuminate/Database/Connection->{closure:Illuminate/Database/Connection::affectingStatement():597}('delete from `pr...', Array)
#2 C:/laragon/www/APK_POS2/vendor/laravel/framework/src/Illuminate/Database/Connection.php(794): Illuminate/Database/Connection->runQueryCallback('delete from `pr...', Array, Object(Closure))
#3 C:/laragon/www/APK_POS2/vendor/laravel/framework/src/Illuminate/Database/Connection.php(597): Illuminate/Database/Connection->run('delete from `pr...', Array, Object(Closure))
#4 C:/laragon/www/APK_POS2/vendor/laravel/framework/src/Illuminate/Database/Connection.php(561): Illuminate/Database/Connection->affectingStatement('delete from `pr...', Array)
#5 C:/laragon/www/APK_POS2/vendor/laravel/framework/src/Illuminate/Database/Query/Builder.php(4426): Illuminate/Database/Connection->delete('delete from `pr...', Array)
#6 C:/laragon/www/APK_POS2/vendor/laravel/framework/src/Illuminate/Database/Eloquent/Builder.php(1480): Illuminate/Database/Query/Builder->delete()
#7 C:/laragon/www/APK_POS2/vendor/laravel/framework/src/Illuminate/Database/Eloquent/Model.php(1578): Illuminate/Database/Eloquent/Builder->delete()
#8 C:/laragon/www/APK_POS2/vendor/laravel/framework/src/Illuminate/Database/Eloquent/Model.php(1510): Illuminate/Database/Eloquent/Model->performDeleteOnModel()
#9 C:/laragon/www/APK_POS2/app/Http/Controllers/ProdukController.php(110): Illuminate/Database/Eloquent/Model->delete()
#10 C:/laragon/www/APK_POS2/vendor/laravel/framework/src/Illuminate/Routing/ControllerDispatcher.php(46): App/Http/Controllers/ProdukController->destroy(Object(App/Models/Produk))
#11 C:/laragon/www/APK_POS2/vendor/laravel/framework/src/Illuminate/Routing/Route.php(265): Illuminate/Routing/ControllerDispatcher->dispatch(Object(Illuminate/Routing/Route), Object(App/Http/Controllers/ProdukController), 'destroy')
#12 C:/laragon/www/APK_POS2/vendor/laravel/framework/src/Illuminate/Routing/Route.php(211): Illuminate/Routing/Route->runController()
#13 C:/laragon/www/APK_POS2/vendor/laravel/framework/src/Illuminate/Routing/Router.php(822): Illuminate/Routing/Route->run()
#14 C:/laragon/www/APK_POS2/vendor/laravel/framework/src/Illuminate/Pipeline/Pipeline.php(180): Illuminate/Routing/Router->{closure:Illuminate/Routing/Router::runRouteWithinStack():821}(Object(Illuminate/Http/Request))
#15 C:/laragon/www/APK_POS2/app/Http/Middleware/RoleMiddleware.php(27): Illuminate/Pipeline/Pipeline->{closure:Illuminate/Pipeline/Pipeline::prepareDestination():178}(Object(Illuminate/Http/Request))
#16 C:/laragon/www/APK_POS2/vendor/laravel/framework/src/Illuminate/Pipeline/Pipeline.php(219): App/Http/Middleware/RoleMiddleware->handle(Object(Illuminate/Http/Request), Object(Closure), 'admin', 'kasir')
#17 C:/laragon/www/APK_POS2/vendor/laravel/framework/src/Illuminate/Routing/Middleware/SubstituteBindings.php(50): Illuminate/Pipeline/Pipeline->{closure:{closure:Illuminate/Pipeline/Pipeline::carry():194}:195}(Object(Illuminate/Http/Request))
#18 C:/laragon/www/APK_POS2/vendor/laravel/framework/src/Illuminate/Pipeline/Pipeline.php(219): Illuminate/Routing/Middleware/SubstituteBindings->handle(Object(Illuminate/Http/Request), Object(Closure))
#19 C:/laragon/www/APK_POS2/vendor/laravel/framework/src/Illuminate/Auth/Middleware/Authenticate.php(63): Illuminate/Pipeline/Pipeline->{closure:{closure:Illuminate/Pipeline/Pipeline::carry():194}:195}(Object(Illuminate/Http/Request))
#20 C:/laragon/www/APK_POS2/vendor/laravel/framework/src/Illuminate/Pipeline/Pipeline.php(219): Illuminate/Auth/Middleware/Authenticate->handle(Object(Illuminate/Http/Request), Object(Closure))
#21 C:/laragon/www/APK_POS2/vendor/laravel/framework/src/Illuminate/Foundation/Http/Middleware/VerifyCsrfToken.php(87): Illuminate/Pipeline/Pipeline->{closure:{closure:Illuminate/Pipeline/Pipeline::carry():194}:195}(Object(Illuminate/Http/Request))
#22 C:/laragon/www/APK_POS2/vendor/laravel/framework/src/Illuminate/Pipeline/Pipeline.php(219): Illuminate/Foundation/Http/Middleware/VerifyCsrfToken->handle(Object(Illuminate/Http/Request), Object(Closure))
#23 C:/laragon/www/APK_POS2/vendor/laravel/framework/src/Illuminate/View/Middleware/ShareErrorsFromSession.php(48): Illuminate/Pipeline/Pipeline->{closure:{closure:Illuminate/Pipeline/Pipeline::carry():194}:195}(Object(Illuminate/Http/Request))
#24 C:/laragon/www/APK_POS2/vendor/laravel/framework/src/Illuminate/Pipeline/Pipeline.php(219): Illuminate/View/Middleware/ShareErrorsFromSession->handle(Object(Illuminate/Http/Request), Object(Closure))
#25 C:/laragon/www/APK_POS2/vendor/laravel/framework/src/Illuminate/Session/Middleware/StartSession.php(120): Illuminate/Pipeline/Pipeline->{closure:{closure:Illuminate/Pipeline/Pipeline::carry():194}:195}(Object(Illuminate/Http/Request))
#26 C:/laragon/www/APK_POS2/vendor/laravel/framework/src/Illuminate/Session/Middleware/StartSession.php(63): Illuminate/Session/Middleware/StartSession->handleStatefulRequest(Object(Illuminate/Http/Request), Object(Illuminate/Session/Store), Object(Closure))
#27 C:/laragon/www/APK_POS2/vendor/laravel/framework/src/Illuminate/Pipeline/Pipeline.php(219): Illuminate/Session/Middleware/StartSession->handle(Object(Illuminate/Http/Request), Object(Closure))
#28 C:/laragon/www/APK_POS2/vendor/laravel/framework/src/Illuminate/Cookie/Middleware/AddQueuedCookiesToResponse.php(36): Illuminate/Pipeline/Pipeline->{closure:{closure:Illuminate/Pipeline/Pipeline::carry():194}:195}(Object(Illuminate/Http/Request))
#29 C:/laragon/www/APK_POS2/vendor/laravel/framework/src/Illuminate/Pipeline/Pipeline.php(219): Illuminate/Cookie/Middleware/AddQueuedCookiesToResponse->handle(Object(Illuminate/Http/Request), Object(Closure))
#30 C:/laragon/www/APK_POS2/vendor/laravel/framework/src/Illuminate/Cookie/Middleware/EncryptCookies.php(74): Illuminate/Pipeline/Pipeline->{closure:{closure:Illuminate/Pipeline/Pipeline::carry():194}:195}(Object(Illuminate/Http/Request))
#31 C:/laragon/www/APK_POS2/vendor/laravel/framework/src/Illuminate/Pipeline/Pipeline.php(219): Illuminate/Cookie/Middleware/EncryptCookies->handle(Object(Illuminate/Http/Request), Object(Closure))
#32 C:/laragon/www/APK_POS2/vendor/laravel/framework/src/Illuminate/Pipeline/Pipeline.php(137): Illuminate/Pipeline/Pipeline->{closure:{closure:Illuminate/Pipeline/Pipeline::carry():194}:195}(Object(Illuminate/Http/Request))
#33 C:/laragon/www/APK_POS2/vendor/laravel/framework/src/Illuminate/Routing/Router.php(821): Illuminate/Pipeline/Pipeline->then(Object(Closure))
#34 C:/laragon/www/APK_POS2/vendor/laravel/framework/src/Illuminate/Routing/Router.php(800): Illuminate/Routing/Router->runRouteWithinStack(Object(Illuminate/Routing/Route), Object(Illuminate/Http/Request))
#35 C:/laragon/www/APK_POS2/vendor/laravel/framework/src/Illuminate/Routing/Router.php(764): Illuminate/Routing/Router->runRoute(Object(Illuminate/Http/Request), Object(Illuminate/Routing/Route))
#36 C:/laragon/www/APK_POS2/vendor/laravel/framework/src/Illuminate/Routing/Router.php(753): Illuminate/Routing/Router->dispatchToRoute(Object(Illuminate/Http/Request))
#37 C:/laragon/www/APK_POS2/vendor/laravel/framework/src/Illuminate/Foundation/Http/Kernel.php(200): Illuminate/Routing/Router->dispatch(Object(Illuminate/Http/Request))
#38 C:/laragon/www/APK_POS2/vendor/laravel/framework/src/Illuminate/Pipeline/Pipeline.php(180): Illuminate/Foundation/Http/Kernel->{closure:Illuminate/Foundation/Http/Kernel::dispatchToRouter():197}(Object(Illuminate/Http/Request))
#39 C:/laragon/www/APK_POS2/vendor/laravel/framework/src/Illuminate/Foundation/Http/Middleware/TransformsRequest.php(21): Illuminate/Pipeline/Pipeline->{closure:Illuminate/Pipeline/Pipeline::prepareDestination():178}(Object(Illuminate/Http/Request))
#40 C:/laragon/www/APK_POS2/vendor/laravel/framework/src/Illuminate/Foundation/Http/Middleware/ConvertEmptyStringsToNull.php(31): Illuminate/Foundation/Http/Middleware/TransformsRequest->handle(Object(Illuminate/Http/Request), Object(Closure))
#41 C:/laragon/www/APK_POS2/vendor/laravel/framework/src/Illuminate/Pipeline/Pipeline.php(219): Illuminate/Foundation/Http/Middleware/ConvertEmptyStringsToNull->handle(Object(Illuminate/Http/Request), Object(Closure))
#42 C:/laragon/www/APK_POS2/vendor/laravel/framework/src/Illuminate/Foundation/Http/Middleware/TransformsRequest.php(21): Illuminate/Pipeline/Pipeline->{closure:{closure:Illuminate/Pipeline/Pipeline::carry():194}:195}(Object(Illuminate/Http/Request))
#43 C:/laragon/www/APK_POS2/vendor/laravel/framework/src/Illuminate/Foundation/Http/Middleware/TrimStrings.php(51): Illuminate/Foundation/Http/Middleware/TransformsRequest->handle(Object(Illuminate/Http/Request), Object(Closure))
#44 C:/laragon/www/APK_POS2/vendor/laravel/framework/src/Illuminate/Pipeline/Pipeline.php(219): Illuminate/Foundation/Http/Middleware/TrimStrings->handle(Object(Illuminate/Http/Request), Object(Closure))
#45 C:/laragon/www/APK_POS2/vendor/laravel/framework/src/Illuminate/Http/Middleware/ValidatePostSize.php(27): Illuminate/Pipeline/Pipeline->{closure:{closure:Illuminate/Pipeline/Pipeline::carry():194}:195}(Object(Illuminate/Http/Request))
#46 C:/laragon/www/APK_POS2/vendor/laravel/framework/src/Illuminate/Pipeline/Pipeline.php(219): Illuminate/Http/Middleware/ValidatePostSize->handle(Object(Illuminate/Http/Request), Object(Closure))
#47 C:/laragon/www/APK_POS2/vendor/laravel/framework/src/Illuminate/Foundation/Http/Middleware/PreventRequestsDuringMaintenance.php(109): Illuminate/Pipeline/Pipeline->{closure:{closure:Illuminate/Pipeline/Pipeline::carry():194}:195}(Object(Illuminate/Http/Request))
#48 C:/laragon/www/APK_POS2/vendor/laravel/framework/src/Illuminate/Pipeline/Pipeline.php(219): Illuminate/Foundation/Http/Middleware/PreventRequestsDuringMaintenance->handle(Object(Illuminate/Http/Request), Object(Closure))
#49 C:/laragon/www/APK_POS2/vendor/laravel/framework/src/Illuminate/Http/Middleware/HandleCors.php(61): Illuminate/Pipeline/Pipeline->{closure:{closure:Illuminate/Pipeline/Pipeline::carry():194}:195}(Object(Illuminate/Http/Request))
#50 C:/laragon/www/APK_POS2/vendor/laravel/framework/src/Illuminate/Pipeline/Pipeline.php(219): Illuminate/Http/Middleware/HandleCors->handle(Object(Illuminate/Http/Request), Object(Closure))
#51 C:/laragon/www/APK_POS2/vendor/laravel/framework/src/Illuminate/Http/Middleware/TrustProxies.php(58): Illuminate/Pipeline/Pipeline->{closure:{closure:Illuminate/Pipeline/Pipeline::carry():194}:195}(Object(Illuminate/Http/Request))
#52 C:/laragon/www/APK_POS2/vendor/laravel/framework/src/Illuminate/Pipeline/Pipeline.php(219): Illuminate/Http/Middleware/TrustProxies->handle(Object(Illuminate/Http/Request), Object(Closure))
#53 C:/laragon/www/APK_POS2/vendor/laravel/framework/src/Illuminate/Foundation/Http/Middleware/InvokeDeferredCallbacks.php(22): Illuminate/Pipeline/Pipeline->{closure:{closure:Illuminate/Pipeline/Pipeline::carry():194}:195}(Object(Illuminate/Http/Request))
#54 C:/laragon/www/APK_POS2/vendor/laravel/framework/src/Illuminate/Pipeline/Pipeline.php(219): Illuminate/Foundation/Http/Middleware/InvokeDeferredCallbacks->handle(Object(Illuminate/Http/Request), Object(Closure))
#55 C:/laragon/www/APK_POS2/vendor/laravel/framework/src/Illuminate/Http/Middleware/ValidatePathEncoding.php(26): Illuminate/Pipeline/Pipeline->{closure:{closure:Illuminate/Pipeline/Pipeline::carry():194}:195}(Object(Illuminate/Http/Request))
#56 C:/laragon/www/APK_POS2/vendor/laravel/framework/src/Illuminate/Pipeline/Pipeline.php(219): Illuminate/Http/Middleware/ValidatePathEncoding->handle(Object(Illuminate/Http/Request), Object(Closure))
#57 C:/laragon/www/APK_POS2/vendor/laravel/framework/src/Illuminate/Pipeline/Pipeline.php(137): Illuminate/Pipeline/Pipeline->{closure:{closure:Illuminate/Pipeline/Pipeline::carry():194}:195}(Object(Illuminate/Http/Request))
#58 C:/laragon/www/APK_POS2/vendor/laravel/framework/src/Illuminate/Foundation/Http/Kernel.php(175): Illuminate/Pipeline/Pipeline->then(Object(Closure))
#59 C:/laragon/www/APK_POS2/vendor/laravel/framework/src/Illuminate/Foundation/Http/Kernel.php(144): Illuminate/Foundation/Http/Kernel->sendRequestThroughRouter(Object(Illuminate/Http/Request))
#60 C:/laragon/www/APK_POS2/vendor/laravel/framework/src/Illuminate/Foundation/Application.php(1220): Illuminate/Foundation/Http/Kernel->handle(Object(Illuminate/Http/Request))
#61 C:/laragon/www/APK_POS2/public/index.php(20): Illuminate/Foundation/Application->handleRequest(Object(Illuminate/Http/Request))
#62 C:/laragon/www/APK_POS2/vendor/laravel/framework/src/Illuminate/Foundation/resources/server.php(23): require_once('C://laragon//www//...')
#63 {main}
"} 
[2026-08-06 07:05:02] local.ERROR: SQLSTATE[23000]: Integrity constraint violation: 1451 Cannot delete or update a parent row: a foreign key constraint fails (`pos_faizzz`.`item_penjualan`, CONSTRAINT `item_penjualan_produk_id_foreign` FOREIGN KEY (`produk_id`) REFERENCES `produk` (`id`)) (Connection: mysql, Host: 127.0.0.1, Port: 3306, Database: pos_faizzz, SQL: delete from `produk` where `id` = 1) {"userId":2,"exception":"[object] (Illuminate\\Database\\QueryException(code: 23000): SQLSTATE[23000]: Integrity constraint violation: 1451 Cannot delete or update a parent row: a foreign key constraint fails (`pos_faizzz`.`item_penjualan`, CONSTRAINT `item_penjualan_produk_id_foreign` FOREIGN KEY (`produk_id`) REFERENCES `produk` (`id`)) (Connection: mysql, Host: 127.0.0.1, Port: 3306, Database: pos_faizzz, SQL: delete from `produk` where `id` = 1) at C:/laragon/www/APK_POS2/vendor/laravel/framework/src/Illuminate/Database/Connection.php:838)
[stacktrace]
#0 C:/laragon/www/APK_POS2/vendor/laravel/framework/src/Illuminate/Database/Connection.php(794): Illuminate/Database/Connection->runQueryCallback('delete from `pr...', Array, Object(Closure))
#1 C:/laragon/www/APK_POS2/vendor/laravel/framework/src/Illuminate/Database/Connection.php(597): Illuminate/Database/Connection->run('delete from `pr...', Array, Object(Closure))
#2 C:/laragon/www/APK_POS2/vendor/laravel/framework/src/Illuminate/Database/Connection.php(561): Illuminate/Database/Connection->affectingStatement('delete from `pr...', Array)
#3 C:/laragon/www/APK_POS2/vendor/laravel/framework/src/Illuminate/Database/Query/Builder.php(4426): Illuminate/Database/Connection->delete('delete from `pr...', Array)
#4 C:/laragon/www/APK_POS2/vendor/laravel/framework/src/Illuminate/Database/Eloquent/Builder.php(1480): Illuminate/Database/Query/Builder->delete()
#5 C:/laragon/www/APK_POS2/vendor/laravel/framework/src/Illuminate/Database/Eloquent/Model.php(1578): Illuminate/Database/Eloquent/Builder->delete()
#6 C:/laragon/www/APK_POS2/vendor/laravel/framework/src/Illuminate/Database/Eloquent/Model.php(1510): Illuminate/Database/Eloquent/Model->performDeleteOnModel()
#7 C:/laragon/www/APK_POS2/app/Http/Controllers/ProdukController.php(110): Illuminate/Database/Eloquent/Model->delete()
#8 C:/laragon/www/APK_POS2/vendor/laravel/framework/src/Illuminate/Routing/ControllerDispatcher.php(46): App/Http/Controllers/ProdukController->destroy(Object(App/Models/Produk))
#9 C:/laragon/www/APK_POS2/vendor/laravel/framework/src/Illuminate/Routing/Route.php(265): Illuminate/Routing/ControllerDispatcher->dispatch(Object(Illuminate/Routing/Route), Object(App/Http/Controllers/ProdukController), 'destroy')
#10 C:/laragon/www/APK_POS2/vendor/laravel/framework/src/Illuminate/Routing/Route.php(211): Illuminate/Routing/Route->runController()
#11 C:/laragon/www/APK_POS2/vendor/laravel/framework/src/Illuminate/Routing/Router.php(822): Illuminate/Routing/Route->run()
#12 C:/laragon/www/APK_POS2/vendor/laravel/framework/src/Illuminate/Pipeline/Pipeline.php(180): Illuminate/Routing/Router->{closure:Illuminate/Routing/Router::runRouteWithinStack():821}(Object(Illuminate/Http/Request))
#13 C:/laragon/www/APK_POS2/app/Http/Middleware/RoleMiddleware.php(27): Illuminate/Pipeline/Pipeline->{closure:Illuminate/Pipeline/Pipeline::prepareDestination():178}(Object(Illuminate/Http/Request))
#14 C:/laragon/www/APK_POS2/vendor/laravel/framework/src/Illuminate/Pipeline/Pipeline.php(219): App/Http/Middleware/RoleMiddleware->handle(Object(Illuminate/Http/Request), Object(Closure), 'admin', 'kasir')
#15 C:/laragon/www/APK_POS2/vendor/laravel/framework/src/Illuminate/Routing/Middleware/SubstituteBindings.php(50): Illuminate/Pipeline/Pipeline->{closure:{closure:Illuminate/Pipeline/Pipeline::carry():194}:195}(Object(Illuminate/Http/Request))
#16 C:/laragon/www/APK_POS2/vendor/laravel/framework/src/Illuminate/Pipeline/Pipeline.php(219): Illuminate/Routing/Middleware/SubstituteBindings->handle(Object(Illuminate/Http/Request), Object(Closure))
#17 C:/laragon/www/APK_POS2/vendor/laravel/framework/src/Illuminate/Auth/Middleware/Authenticate.php(63): Illuminate/Pipeline/Pipeline->{closure:{closure:Illuminate/Pipeline/Pipeline::carry():194}:195}(Object(Illuminate/Http/Request))
#18 C:/laragon/www/APK_POS2/vendor/laravel/framework/src/Illuminate/Pipeline/Pipeline.php(219): Illuminate/Auth/Middleware/Authenticate->handle(Object(Illuminate/Http/Request), Object(Closure))
#19 C:/laragon/www/APK_POS2/vendor/laravel/framework/src/Illuminate/Foundation/Http/Middleware/VerifyCsrfToken.php(87): Illuminate/Pipeline/Pipeline->{closure:{closure:Illuminate/Pipeline/Pipeline::carry():194}:195}(Object(Illuminate/Http/Request))
#20 C:/laragon/www/APK_POS2/vendor/laravel/framework/src/Illuminate/Pipeline/Pipeline.php(219): Illuminate/Foundation/Http/Middleware/VerifyCsrfToken->handle(Object(Illuminate/Http/Request), Object(Closure))
#21 C:/laragon/www/APK_POS2/vendor/laravel/framework/src/Illuminate/View/Middleware/ShareErrorsFromSession.php(48): Illuminate/Pipeline/Pipeline->{closure:{closure:Illuminate/Pipeline/Pipeline::carry():194}:195}(Object(Illuminate/Http/Request))
#22 C:/laragon/www/APK_POS2/vendor/laravel/framework/src/Illuminate/Pipeline/Pipeline.php(219): Illuminate/View/Middleware/ShareErrorsFromSession->handle(Object(Illuminate/Http/Request), Object(Closure))
#23 C:/laragon/www/APK_POS2/vendor/laravel/framework/src/Illuminate/Session/Middleware/StartSession.php(120): Illuminate/Pipeline/Pipeline->{closure:{closure:Illuminate/Pipeline/Pipeline::carry():194}:195}(Object(Illuminate/Http/Request))
#24 C:/laragon/www/APK_POS2/vendor/laravel/framework/src/Illuminate/Session/Middleware/StartSession.php(63): Illuminate/Session/Middleware/StartSession->handleStatefulRequest(Object(Illuminate/Http/Request), Object(Illuminate/Session/Store), Object(Closure))
#25 C:/laragon/www/APK_POS2/vendor/laravel/framework/src/Illuminate/Pipeline/Pipeline.php(219): Illuminate/Session/Middleware/StartSession->handle(Object(Illuminate/Http/Request), Object(Closure))
#26 C:/laragon/www/APK_POS2/vendor/laravel/framework/src/Illuminate/Cookie/Middleware/AddQueuedCookiesToResponse.php(36): Illuminate/Pipeline/Pipeline->{closure:{closure:Illuminate/Pipeline/Pipeline::carry():194}:195}(Object(Illuminate/Http/Request))
#27 C:/laragon/www/APK_POS2/vendor/laravel/framework/src/Illuminate/Pipeline/Pipeline.php(219): Illuminate/Cookie/Middleware/AddQueuedCookiesToResponse->handle(Object(Illuminate/Http/Request), Object(Closure))
#28 C:/laragon/www/APK_POS2/vendor/laravel/framework/src/Illuminate/Cookie/Middleware/EncryptCookies.php(74): Illuminate/Pipeline/Pipeline->{closure:{closure:Illuminate/Pipeline/Pipeline::carry():194}:195}(Object(Illuminate/Http/Request))
#29 C:/laragon/www/APK_POS2/vendor/laravel/framework/src/Illuminate/Pipeline/Pipeline.php(219): Illuminate/Cookie/Middleware/EncryptCookies->handle(Object(Illuminate/Http/Request), Object(Closure))
#30 C:/laragon/www/APK_POS2/vendor/laravel/framework/src/Illuminate/Pipeline/Pipeline.php(137): Illuminate/Pipeline/Pipeline->{closure:{closure:Illuminate/Pipeline/Pipeline::carry():194}:195}(Object(Illuminate/Http/Request))
#31 C:/laragon/www/APK_POS2/vendor/laravel/framework/src/Illuminate/Routing/Router.php(821): Illuminate/Pipeline/Pipeline->then(Object(Closure))
#32 C:/laragon/www/APK_POS2/vendor/laravel/framework/src/Illuminate/Routing/Router.php(800): Illuminate/Routing/Router->runRouteWithinStack(Object(Illuminate/Routing/Route), Object(Illuminate/Http/Request))
#33 C:/laragon/www/APK_POS2/vendor/laravel/framework/src/Illuminate/Routing/Router.php(764): Illuminate/Routing/Router->runRoute(Object(Illuminate/Http/Request), Object(Illuminate/Routing/Route))
#34 C:/laragon/www/APK_POS2/vendor/laravel/framework/src/Illuminate/Routing/Router.php(753): Illuminate/Routing/Router->dispatchToRoute(Object(Illuminate/Http/Request))
#35 C:/laragon/www/APK_POS2/vendor/laravel/framework/src/Illuminate/Foundation/Http/Kernel.php(200): Illuminate/Routing/Router->dispatch(Object(Illuminate/Http/Request))
#36 C:/laragon/www/APK_POS2/vendor/laravel/framework/src/Illuminate/Pipeline/Pipeline.php(180): Illuminate/Foundation/Http/Kernel->{closure:Illuminate/Foundation/Http/Kernel::dispatchToRouter():197}(Object(Illuminate/Http/Request))
#37 C:/laragon/www/APK_POS2/vendor/laravel/framework/src/Illuminate/Foundation/Http/Middleware/TransformsRequest.php(21): Illuminate/Pipeline/Pipeline->{closure:Illuminate/Pipeline/Pipeline::prepareDestination():178}(Object(Illuminate/Http/Request))
#38 C:/laragon/www/APK_POS2/vendor/laravel/framework/src/Illuminate/Foundation/Http/Middleware/ConvertEmptyStringsToNull.php(31): Illuminate/Foundation/Http/Middleware/TransformsRequest->handle(Object(Illuminate/Http/Request), Object(Closure))
#39 C:/laragon/www/APK_POS2/vendor/laravel/framework/src/Illuminate/Pipeline/Pipeline.php(219): Illuminate/Foundation/Http/Middleware/ConvertEmptyStringsToNull->handle(Object(Illuminate/Http/Request), Object(Closure))
#40 C:/laragon/www/APK_POS2/vendor/laravel/framework/src/Illuminate/Foundation/Http/Middleware/TransformsRequest.php(21): Illuminate/Pipeline/Pipeline->{closure:{closure:Illuminate/Pipeline/Pipeline::carry():194}:195}(Object(Illuminate/Http/Request))
#41 C:/laragon/www/APK_POS2/vendor/laravel/framework/src/Illuminate/Foundation/Http/Middleware/TrimStrings.php(51): Illuminate/Foundation/Http/Middleware/TransformsRequest->handle(Object(Illuminate/Http/Request), Object(Closure))
#42 C:/laragon/www/APK_POS2/vendor/laravel/framework/src/Illuminate/Pipeline/Pipeline.php(219): Illuminate/Foundation/Http/Middleware/TrimStrings->handle(Object(Illuminate/Http/Request), Object(Closure))
#43 C:/laragon/www/APK_POS2/vendor/laravel/framework/src/Illuminate/Http/Middleware/ValidatePostSize.php(27): Illuminate/Pipeline/Pipeline->{closure:{closure:Illuminate/Pipeline/Pipeline::carry():194}:195}(Object(Illuminate/Http/Request))
#44 C:/laragon/www/APK_POS2/vendor/laravel/framework/src/Illuminate/Pipeline/Pipeline.php(219): Illuminate/Http/Middleware/ValidatePostSize->handle(Object(Illuminate/Http/Request), Object(Closure))
#45 C:/laragon/www/APK_POS2/vendor/laravel/framework/src/Illuminate/Foundation/Http/Middleware/PreventRequestsDuringMaintenance.php(109): Illuminate/Pipeline/Pipeline->{closure:{closure:Illuminate/Pipeline/Pipeline::carry():194}:195}(Object(Illuminate/Http/Request))
#46 C:/laragon/www/APK_POS2/vendor/laravel/framework/src/Illuminate/Pipeline/Pipeline.php(219): Illuminate/Foundation/Http/Middleware/PreventRequestsDuringMaintenance->handle(Object(Illuminate/Http/Request), Object(Closure))
#47 C:/laragon/www/APK_POS2/vendor/laravel/framework/src/Illuminate/Http/Middleware/HandleCors.php(61): Illuminate/Pipeline/Pipeline->{closure:{closure:Illuminate/Pipeline/Pipeline::carry():194}:195}(Object(Illuminate/Http/Request))
#48 C:/laragon/www/APK_POS2/vendor/laravel/framework/src/Illuminate/Pipeline/Pipeline.php(219): Illuminate/Http/Middleware/HandleCors->handle(Object(Illuminate/Http/Request), Object(Closure))
#49 C:/laragon/www/APK_POS2/vendor/laravel/framework/src/Illuminate/Http/Middleware/TrustProxies.php(58): Illuminate/Pipeline/Pipeline->{closure:{closure:Illuminate/Pipeline/Pipeline::carry():194}:195}(Object(Illuminate/Http/Request))
#50 C:/laragon/www/APK_POS2/vendor/laravel/framework/src/Illuminate/Pipeline/Pipeline.php(219): Illuminate/Http/Middleware/TrustProxies->handle(Object(Illuminate/Http/Request), Object(Closure))
#51 C:/laragon/www/APK_POS2/vendor/laravel/framework/src/Illuminate/Foundation/Http/Middleware/InvokeDeferredCallbacks.php(22): Illuminate/Pipeline/Pipeline->{closure:{closure:Illuminate/Pipeline/Pipeline::carry():194}:195}(Object(Illuminate/Http/Request))
#52 C:/laragon/www/APK_POS2/vendor/laravel/framework/src/Illuminate/Pipeline/Pipeline.php(219): Illuminate/Foundation/Http/Middleware/InvokeDeferredCallbacks->handle(Object(Illuminate/Http/Request), Object(Closure))
#53 C:/laragon/www/APK_POS2/vendor/laravel/framework/src/Illuminate/Http/Middleware/ValidatePathEncoding.php(26): Illuminate/Pipeline/Pipeline->{closure:{closure:Illuminate/Pipeline/Pipeline::carry():194}:195}(Object(Illuminate/Http/Request))
#54 C:/laragon/www/APK_POS2/vendor/laravel/framework/src/Illuminate/Pipeline/Pipeline.php(219): Illuminate/Http/Middleware/ValidatePathEncoding->handle(Object(Illuminate/Http/Request), Object(Closure))
#55 C:/laragon/www/APK_POS2/vendor/laravel/framework/src/Illuminate/Pipeline/Pipeline.php(137): Illuminate/Pipeline/Pipeline->{closure:{closure:Illuminate/Pipeline/Pipeline::carry():194}:195}(Object(Illuminate/Http/Request))
#56 C:/laragon/www/APK_POS2/vendor/laravel/framework/src/Illuminate/Foundation/Http/Kernel.php(175): Illuminate/Pipeline/Pipeline->then(Object(Closure))
#57 C:/laragon/www/APK_POS2/vendor/laravel/framework/src/Illuminate/Foundation/Http/Kernel.php(144): Illuminate/Foundation/Http/Kernel->sendRequestThroughRouter(Object(Illuminate/Http/Request))
#58 C:/laragon/www/APK_POS2/vendor/laravel/framework/src/Illuminate/Foundation/Application.php(1220): Illuminate/Foundation/Http/Kernel->handle(Object(Illuminate/Http/Request))
#59 C:/laragon/www/APK_POS2/public/index.php(20): Illuminate/Foundation/Application->handleRequest(Object(Illuminate/Http/Request))
#60 C:/laragon/www/APK_POS2/vendor/laravel/framework/src/Illuminate/Foundation/resources/server.php(23): require_once('C://laragon//www//...')
#61 {main}

[previous exception] [object] (PDOException(code: 23000): SQLSTATE[23000]: Integrity constraint violation: 1451 Cannot delete or update a parent row: a foreign key constraint fails (`pos_faizzz`.`item_penjualan`, CONSTRAINT `item_penjualan_produk_id_foreign` FOREIGN KEY (`produk_id`) REFERENCES `produk` (`id`)) at C:/laragon/www/APK_POS2/vendor/laravel/framework/src/Illuminate/Database/Connection.php:609)
[stacktrace]
#0 C:/laragon/www/APK_POS2/vendor/laravel/framework/src/Illuminate/Database/Connection.php(609): PDOStatement->execute()
#1 C:/laragon/www/APK_POS2/vendor/laravel/framework/src/Illuminate/Database/Connection.php(827): Illuminate/Database/Connection->{closure:Illuminate/Database/Connection::affectingStatement():597}('delete from `pr...', Array)
#2 C:/laragon/www/APK_POS2/vendor/laravel/framework/src/Illuminate/Database/Connection.php(794): Illuminate/Database/Connection->runQueryCallback('delete from `pr...', Array, Object(Closure))
#3 C:/laragon/www/APK_POS2/vendor/laravel/framework/src/Illuminate/Database/Connection.php(597): Illuminate/Database/Connection->run('delete from `pr...', Array, Object(Closure))
#4 C:/laragon/www/APK_POS2/vendor/laravel/framework/src/Illuminate/Database/Connection.php(561): Illuminate/Database/Connection->affectingStatement('delete from `pr...', Array)
#5 C:/laragon/www/APK_POS2/vendor/laravel/framework/src/Illuminate/Database/Query/Builder.php(4426): Illuminate/Database/Connection->delete('delete from `pr...', Array)
#6 C:/laragon/www/APK_POS2/vendor/laravel/framework/src/Illuminate/Database/Eloquent/Builder.php(1480): Illuminate/Database/Query/Builder->delete()
#7 C:/laragon/www/APK_POS2/vendor/laravel/framework/src/Illuminate/Database/Eloquent/Model.php(1578): Illuminate/Database/Eloquent/Builder->delete()
#8 C:/laragon/www/APK_POS2/vendor/laravel/framework/src/Illuminate/Database/Eloquent/Model.php(1510): Illuminate/Database/Eloquent/Model->performDeleteOnModel()
#9 C:/laragon/www/APK_POS2/app/Http/Controllers/ProdukController.php(110): Illuminate/Database/Eloquent/Model->delete()
#10 C:/laragon/www/APK_POS2/vendor/laravel/framework/src/Illuminate/Routing/ControllerDispatcher.php(46): App/Http/Controllers/ProdukController->destroy(Object(App/Models/Produk))
#11 C:/laragon/www/APK_POS2/vendor/laravel/framework/src/Illuminate/Routing/Route.php(265): Illuminate/Routing/ControllerDispatcher->dispatch(Object(Illuminate/Routing/Route), Object(App/Http/Controllers/ProdukController), 'destroy')
#12 C:/laragon/www/APK_POS2/vendor/laravel/framework/src/Illuminate/Routing/Route.php(211): Illuminate/Routing/Route->runController()
#13 C:/laragon/www/APK_POS2/vendor/laravel/framework/src/Illuminate/Routing/Router.php(822): Illuminate/Routing/Route->run()
#14 C:/laragon/www/APK_POS2/vendor/laravel/framework/src/Illuminate/Pipeline/Pipeline.php(180): Illuminate/Routing/Router->{closure:Illuminate/Routing/Router::runRouteWithinStack():821}(Object(Illuminate/Http/Request))
#15 C:/laragon/www/APK_POS2/app/Http/Middleware/RoleMiddleware.php(27): Illuminate/Pipeline/Pipeline->{closure:Illuminate/Pipeline/Pipeline::prepareDestination():178}(Object(Illuminate/Http/Request))
#16 C:/laragon/www/APK_POS2/vendor/laravel/framework/src/Illuminate/Pipeline/Pipeline.php(219): App/Http/Middleware/RoleMiddleware->handle(Object(Illuminate/Http/Request), Object(Closure), 'admin', 'kasir')
#17 C:/laragon/www/APK_POS2/vendor/laravel/framework/src/Illuminate/Routing/Middleware/SubstituteBindings.php(50): Illuminate/Pipeline/Pipeline->{closure:{closure:Illuminate/Pipeline/Pipeline::carry():194}:195}(Object(Illuminate/Http/Request))
#18 C:/laragon/www/APK_POS2/vendor/laravel/framework/src/Illuminate/Pipeline/Pipeline.php(219): Illuminate/Routing/Middleware/SubstituteBindings->handle(Object(Illuminate/Http/Request), Object(Closure))
#19 C:/laragon/www/APK_POS2/vendor/laravel/framework/src/Illuminate/Auth/Middleware/Authenticate.php(63): Illuminate/Pipeline/Pipeline->{closure:{closure:Illuminate/Pipeline/Pipeline::carry():194}:195}(Object(Illuminate/Http/Request))
#20 C:/laragon/www/APK_POS2/vendor/laravel/framework/src/Illuminate/Pipeline/Pipeline.php(219): Illuminate/Auth/Middleware/Authenticate->handle(Object(Illuminate/Http/Request), Object(Closure))
#21 C:/laragon/www/APK_POS2/vendor/laravel/framework/src/Illuminate/Foundation/Http/Middleware/VerifyCsrfToken.php(87): Illuminate/Pipeline/Pipeline->{closure:{closure:Illuminate/Pipeline/Pipeline::carry():194}:195}(Object(Illuminate/Http/Request))
#22 C:/laragon/www/APK_POS2/vendor/laravel/framework/src/Illuminate/Pipeline/Pipeline.php(219): Illuminate/Foundation/Http/Middleware/VerifyCsrfToken->handle(Object(Illuminate/Http/Request), Object(Closure))
#23 C:/laragon/www/APK_POS2/vendor/laravel/framework/src/Illuminate/View/Middleware/ShareErrorsFromSession.php(48): Illuminate/Pipeline/Pipeline->{closure:{closure:Illuminate/Pipeline/Pipeline::carry():194}:195}(Object(Illuminate/Http/Request))
#24 C:/laragon/www/APK_POS2/vendor/laravel/framework/src/Illuminate/Pipeline/Pipeline.php(219): Illuminate/View/Middleware/ShareErrorsFromSession->handle(Object(Illuminate/Http/Request), Object(Closure))
#25 C:/laragon/www/APK_POS2/vendor/laravel/framework/src/Illuminate/Session/Middleware/StartSession.php(120): Illuminate/Pipeline/Pipeline->{closure:{closure:Illuminate/Pipeline/Pipeline::carry():194}:195}(Object(Illuminate/Http/Request))
#26 C:/laragon/www/APK_POS2/vendor/laravel/framework/src/Illuminate/Session/Middleware/StartSession.php(63): Illuminate/Session/Middleware/StartSession->handleStatefulRequest(Object(Illuminate/Http/Request), Object(Illuminate/Session/Store), Object(Closure))
#27 C:/laragon/www/APK_POS2/vendor/laravel/framework/src/Illuminate/Pipeline/Pipeline.php(219): Illuminate/Session/Middleware/StartSession->handle(Object(Illuminate/Http/Request), Object(Closure))
#28 C:/laragon/www/APK_POS2/vendor/laravel/framework/src/Illuminate/Cookie/Middleware/AddQueuedCookiesToResponse.php(36): Illuminate/Pipeline/Pipeline->{closure:{closure:Illuminate/Pipeline/Pipeline::carry():194}:195}(Object(Illuminate/Http/Request))
#29 C:/laragon/www/APK_POS2/vendor/laravel/framework/src/Illuminate/Pipeline/Pipeline.php(219): Illuminate/Cookie/Middleware/AddQueuedCookiesToResponse->handle(Object(Illuminate/Http/Request), Object(Closure))
#30 C:/laragon/www/APK_POS2/vendor/laravel/framework/src/Illuminate/Cookie/Middleware/EncryptCookies.php(74): Illuminate/Pipeline/Pipeline->{closure:{closure:Illuminate/Pipeline/Pipeline::carry():194}:195}(Object(Illuminate/Http/Request))
#31 C:/laragon/www/APK_POS2/vendor/laravel/framework/src/Illuminate/Pipeline/Pipeline.php(219): Illuminate/Cookie/Middleware/EncryptCookies->handle(Object(Illuminate/Http/Request), Object(Closure))
#32 C:/laragon/www/APK_POS2/vendor/laravel/framework/src/Illuminate/Pipeline/Pipeline.php(137): Illuminate/Pipeline/Pipeline->{closure:{closure:Illuminate/Pipeline/Pipeline::carry():194}:195}(Object(Illuminate/Http/Request))
#33 C:/laragon/www/APK_POS2/vendor/laravel/framework/src/Illuminate/Routing/Router.php(821): Illuminate/Pipeline/Pipeline->then(Object(Closure))
#34 C:/laragon/www/APK_POS2/vendor/laravel/framework/src/Illuminate/Routing/Router.php(800): Illuminate/Routing/Router->runRouteWithinStack(Object(Illuminate/Routing/Route), Object(Illuminate/Http/Request))
#35 C:/laragon/www/APK_POS2/vendor/laravel/framework/src/Illuminate/Routing/Router.php(764): Illuminate/Routing/Router->runRoute(Object(Illuminate/Http/Request), Object(Illuminate/Routing/Route))
#36 C:/laragon/www/APK_POS2/vendor/laravel/framework/src/Illuminate/Routing/Router.php(753): Illuminate/Routing/Router->dispatchToRoute(Object(Illuminate/Http/Request))
#37 C:/laragon/www/APK_POS2/vendor/laravel/framework/src/Illuminate/Foundation/Http/Kernel.php(200): Illuminate/Routing/Router->dispatch(Object(Illuminate/Http/Request))
#38 C:/laragon/www/APK_POS2/vendor/laravel/framework/src/Illuminate/Pipeline/Pipeline.php(180): Illuminate/Foundation/Http/Kernel->{closure:Illuminate/Foundation/Http/Kernel::dispatchToRouter():197}(Object(Illuminate/Http/Request))
#39 C:/laragon/www/APK_POS2/vendor/laravel/framework/src/Illuminate/Foundation/Http/Middleware/TransformsRequest.php(21): Illuminate/Pipeline/Pipeline->{closure:Illuminate/Pipeline/Pipeline::prepareDestination():178}(Object(Illuminate/Http/Request))
#40 C:/laragon/www/APK_POS2/vendor/laravel/framework/src/Illuminate/Foundation/Http/Middleware/ConvertEmptyStringsToNull.php(31): Illuminate/Foundation/Http/Middleware/TransformsRequest->handle(Object(Illuminate/Http/Request), Object(Closure))
#41 C:/laragon/www/APK_POS2/vendor/laravel/framework/src/Illuminate/Pipeline/Pipeline.php(219): Illuminate/Foundation/Http/Middleware/ConvertEmptyStringsToNull->handle(Object(Illuminate/Http/Request), Object(Closure))
#42 C:/laragon/www/APK_POS2/vendor/laravel/framework/src/Illuminate/Foundation/Http/Middleware/TransformsRequest.php(21): Illuminate/Pipeline/Pipeline->{closure:{closure:Illuminate/Pipeline/Pipeline::carry():194}:195}(Object(Illuminate/Http/Request))
#43 C:/laragon/www/APK_POS2/vendor/laravel/framework/src/Illuminate/Foundation/Http/Middleware/TrimStrings.php(51): Illuminate/Foundation/Http/Middleware/TransformsRequest->handle(Object(Illuminate/Http/Request), Object(Closure))
#44 C:/laragon/www/APK_POS2/vendor/laravel/framework/src/Illuminate/Pipeline/Pipeline.php(219): Illuminate/Foundation/Http/Middleware/TrimStrings->handle(Object(Illuminate/Http/Request), Object(Closure))
#45 C:/laragon/www/APK_POS2/vendor/laravel/framework/src/Illuminate/Http/Middleware/ValidatePostSize.php(27): Illuminate/Pipeline/Pipeline->{closure:{closure:Illuminate/Pipeline/Pipeline::carry():194}:195}(Object(Illuminate/Http/Request))
#46 C:/laragon/www/APK_POS2/vendor/laravel/framework/src/Illuminate/Pipeline/Pipeline.php(219): Illuminate/Http/Middleware/ValidatePostSize->handle(Object(Illuminate/Http/Request), Object(Closure))
#47 C:/laragon/www/APK_POS2/vendor/laravel/framework/src/Illuminate/Foundation/Http/Middleware/PreventRequestsDuringMaintenance.php(109): Illuminate/Pipeline/Pipeline->{closure:{closure:Illuminate/Pipeline/Pipeline::carry():194}:195}(Object(Illuminate/Http/Request))
#48 C:/laragon/www/APK_POS2/vendor/laravel/framework/src/Illuminate/Pipeline/Pipeline.php(219): Illuminate/Foundation/Http/Middleware/PreventRequestsDuringMaintenance->handle(Object(Illuminate/Http/Request), Object(Closure))
#49 C:/laragon/www/APK_POS2/vendor/laravel/framework/src/Illuminate/Http/Middleware/HandleCors.php(61): Illuminate/Pipeline/Pipeline->{closure:{closure:Illuminate/Pipeline/Pipeline::carry():194}:195}(Object(Illuminate/Http/Request))
#50 C:/laragon/www/APK_POS2/vendor/laravel/framework/src/Illuminate/Pipeline/Pipeline.php(219): Illuminate/Http/Middleware/HandleCors->handle(Object(Illuminate/Http/Request), Object(Closure))
#51 C:/laragon/www/APK_POS2/vendor/laravel/framework/src/Illuminate/Http/Middleware/TrustProxies.php(58): Illuminate/Pipeline/Pipeline->{closure:{closure:Illuminate/Pipeline/Pipeline::carry():194}:195}(Object(Illuminate/Http/Request))
#52 C:/laragon/www/APK_POS2/vendor/laravel/framework/src/Illuminate/Pipeline/Pipeline.php(219): Illuminate/Http/Middleware/TrustProxies->handle(Object(Illuminate/Http/Request), Object(Closure))
#53 C:/laragon/www/APK_POS2/vendor/laravel/framework/src/Illuminate/Foundation/Http/Middleware/InvokeDeferredCallbacks.php(22): Illuminate/Pipeline/Pipeline->{closure:{closure:Illuminate/Pipeline/Pipeline::carry():194}:195}(Object(Illuminate/Http/Request))
#54 C:/laragon/www/APK_POS2/vendor/laravel/framework/src/Illuminate/Pipeline/Pipeline.php(219): Illuminate/Foundation/Http/Middleware/InvokeDeferredCallbacks->handle(Object(Illuminate/Http/Request), Object(Closure))
#55 C:/laragon/www/APK_POS2/vendor/laravel/framework/src/Illuminate/Http/Middleware/ValidatePathEncoding.php(26): Illuminate/Pipeline/Pipeline->{closure:{closure:Illuminate/Pipeline/Pipeline::carry():194}:195}(Object(Illuminate/Http/Request))
#56 C:/laragon/www/APK_POS2/vendor/laravel/framework/src/Illuminate/Pipeline/Pipeline.php(219): Illuminate/Http/Middleware/ValidatePathEncoding->handle(Object(Illuminate/Http/Request), Object(Closure))
#57 C:/laragon/www/APK_POS2/vendor/laravel/framework/src/Illuminate/Pipeline/Pipeline.php(137): Illuminate/Pipeline/Pipeline->{closure:{closure:Illuminate/Pipeline/Pipeline::carry():194}:195}(Object(Illuminate/Http/Request))
#58 C:/laragon/www/APK_POS2/vendor/laravel/framework/src/Illuminate/Foundation/Http/Kernel.php(175): Illuminate/Pipeline/Pipeline->then(Object(Closure))
#59 C:/laragon/www/APK_POS2/vendor/laravel/framework/src/Illuminate/Foundation/Http/Kernel.php(144): Illuminate/Foundation/Http/Kernel->sendRequestThroughRouter(Object(Illuminate/Http/Request))
#60 C:/laragon/www/APK_POS2/vendor/laravel/framework/src/Illuminate/Foundation/Application.php(1220): Illuminate/Foundation/Http/Kernel->handle(Object(Illuminate/Http/Request))
#61 C:/laragon/www/APK_POS2/public/index.php(20): Illuminate/Foundation/Application->handleRequest(Object(Illuminate/Http/Request))
#62 C:/laragon/www/APK_POS2/vendor/laravel/framework/src/Illuminate/Foundation/resources/server.php(23): require_once('C://laragon//www//...')
#63 {main}
"} 
[2026-08-06 07:05:19] local.ERROR: SQLSTATE[23000]: Integrity constraint violation: 1451 Cannot delete or update a parent row: a foreign key constraint fails (`pos_faizzz`.`item_penjualan`, CONSTRAINT `item_penjualan_produk_id_foreign` FOREIGN KEY (`produk_id`) REFERENCES `produk` (`id`)) (Connection: mysql, Host: 127.0.0.1, Port: 3306, Database: pos_faizzz, SQL: delete from `produk` where `id` = 1) {"userId":2,"exception":"[object] (Illuminate\\Database\\QueryException(code: 23000): SQLSTATE[23000]: Integrity constraint violation: 1451 Cannot delete or update a parent row: a foreign key constraint fails (`pos_faizzz`.`item_penjualan`, CONSTRAINT `item_penjualan_produk_id_foreign` FOREIGN KEY (`produk_id`) REFERENCES `produk` (`id`)) (Connection: mysql, Host: 127.0.0.1, Port: 3306, Database: pos_faizzz, SQL: delete from `produk` where `id` = 1) at C:/laragon/www/APK_POS2/vendor/laravel/framework/src/Illuminate/Database/Connection.php:838)
[stacktrace]
#0 C:/laragon/www/APK_POS2/vendor/laravel/framework/src/Illuminate/Database/Connection.php(794): Illuminate/Database/Connection->runQueryCallback('delete from `pr...', Array, Object(Closure))
#1 C:/laragon/www/APK_POS2/vendor/laravel/framework/src/Illuminate/Database/Connection.php(597): Illuminate/Database/Connection->run('delete from `pr...', Array, Object(Closure))
#2 C:/laragon/www/APK_POS2/vendor/laravel/framework/src/Illuminate/Database/Connection.php(561): Illuminate/Database/Connection->affectingStatement('delete from `pr...', Array)
#3 C:/laragon/www/APK_POS2/vendor/laravel/framework/src/Illuminate/Database/Query/Builder.php(4426): Illuminate/Database/Connection->delete('delete from `pr...', Array)
#4 C:/laragon/www/APK_POS2/vendor/laravel/framework/src/Illuminate/Database/Eloquent/Builder.php(1480): Illuminate/Database/Query/Builder->delete()
#5 C:/laragon/www/APK_POS2/vendor/laravel/framework/src/Illuminate/Database/Eloquent/Model.php(1578): Illuminate/Database/Eloquent/Builder->delete()
#6 C:/laragon/www/APK_POS2/vendor/laravel/framework/src/Illuminate/Database/Eloquent/Model.php(1510): Illuminate/Database/Eloquent/Model->performDeleteOnModel()
#7 C:/laragon/www/APK_POS2/app/Http/Controllers/ProdukController.php(110): Illuminate/Database/Eloquent/Model->delete()
#8 C:/laragon/www/APK_POS2/vendor/laravel/framework/src/Illuminate/Routing/ControllerDispatcher.php(46): App/Http/Controllers/ProdukController->destroy(Object(App/Models/Produk))
#9 C:/laragon/www/APK_POS2/vendor/laravel/framework/src/Illuminate/Routing/Route.php(265): Illuminate/Routing/ControllerDispatcher->dispatch(Object(Illuminate/Routing/Route), Object(App/Http/Controllers/ProdukController), 'destroy')
#10 C:/laragon/www/APK_POS2/vendor/laravel/framework/src/Illuminate/Routing/Route.php(211): Illuminate/Routing/Route->runController()
#11 C:/laragon/www/APK_POS2/vendor/laravel/framework/src/Illuminate/Routing/Router.php(822): Illuminate/Routing/Route->run()
#12 C:/laragon/www/APK_POS2/vendor/laravel/framework/src/Illuminate/Pipeline/Pipeline.php(180): Illuminate/Routing/Router->{closure:Illuminate/Routing/Router::runRouteWithinStack():821}(Object(Illuminate/Http/Request))
#13 C:/laragon/www/APK_POS2/app/Http/Middleware/RoleMiddleware.php(27): Illuminate/Pipeline/Pipeline->{closure:Illuminate/Pipeline/Pipeline::prepareDestination():178}(Object(Illuminate/Http/Request))
#14 C:/laragon/www/APK_POS2/vendor/laravel/framework/src/Illuminate/Pipeline/Pipeline.php(219): App/Http/Middleware/RoleMiddleware->handle(Object(Illuminate/Http/Request), Object(Closure), 'admin', 'kasir')
#15 C:/laragon/www/APK_POS2/vendor/laravel/framework/src/Illuminate/Routing/Middleware/SubstituteBindings.php(50): Illuminate/Pipeline/Pipeline->{closure:{closure:Illuminate/Pipeline/Pipeline::carry():194}:195}(Object(Illuminate/Http/Request))
#16 C:/laragon/www/APK_POS2/vendor/laravel/framework/src/Illuminate/Pipeline/Pipeline.php(219): Illuminate/Routing/Middleware/SubstituteBindings->handle(Object(Illuminate/Http/Request), Object(Closure))
#17 C:/laragon/www/APK_POS2/vendor/laravel/framework/src/Illuminate/Auth/Middleware/Authenticate.php(63): Illuminate/Pipeline/Pipeline->{closure:{closure:Illuminate/Pipeline/Pipeline::carry():194}:195}(Object(Illuminate/Http/Request))
#18 C:/laragon/www/APK_POS2/vendor/laravel/framework/src/Illuminate/Pipeline/Pipeline.php(219): Illuminate/Auth/Middleware/Authenticate->handle(Object(Illuminate/Http/Request), Object(Closure))
#19 C:/laragon/www/APK_POS2/vendor/laravel/framework/src/Illuminate/Foundation/Http/Middleware/VerifyCsrfToken.php(87): Illuminate/Pipeline/Pipeline->{closure:{closure:Illuminate/Pipeline/Pipeline::carry():194}:195}(Object(Illuminate/Http/Request))
#20 C:/laragon/www/APK_POS2/vendor/laravel/framework/src/Illuminate/Pipeline/Pipeline.php(219): Illuminate/Foundation/Http/Middleware/VerifyCsrfToken->handle(Object(Illuminate/Http/Request), Object(Closure))
#21 C:/laragon/www/APK_POS2/vendor/laravel/framework/src/Illuminate/View/Middleware/ShareErrorsFromSession.php(48): Illuminate/Pipeline/Pipeline->{closure:{closure:Illuminate/Pipeline/Pipeline::carry():194}:195}(Object(Illuminate/Http/Request))
#22 C:/laragon/www/APK_POS2/vendor/laravel/framework/src/Illuminate/Pipeline/Pipeline.php(219): Illuminate/View/Middleware/ShareErrorsFromSession->handle(Object(Illuminate/Http/Request), Object(Closure))
#23 C:/laragon/www/APK_POS2/vendor/laravel/framework/src/Illuminate/Session/Middleware/StartSession.php(120): Illuminate/Pipeline/Pipeline->{closure:{closure:Illuminate/Pipeline/Pipeline::carry():194}:195}(Object(Illuminate/Http/Request))
#24 C:/laragon/www/APK_POS2/vendor/laravel/framework/src/Illuminate/Session/Middleware/StartSession.php(63): Illuminate/Session/Middleware/StartSession->handleStatefulRequest(Object(Illuminate/Http/Request), Object(Illuminate/Session/Store), Object(Closure))
#25 C:/laragon/www/APK_POS2/vendor/laravel/framework/src/Illuminate/Pipeline/Pipeline.php(219): Illuminate/Session/Middleware/StartSession->handle(Object(Illuminate/Http/Request), Object(Closure))
#26 C:/laragon/www/APK_POS2/vendor/laravel/framework/src/Illuminate/Cookie/Middleware/AddQueuedCookiesToResponse.php(36): Illuminate/Pipeline/Pipeline->{closure:{closure:Illuminate/Pipeline/Pipeline::carry():194}:195}(Object(Illuminate/Http/Request))
#27 C:/laragon/www/APK_POS2/vendor/laravel/framework/src/Illuminate/Pipeline/Pipeline.php(219): Illuminate/Cookie/Middleware/AddQueuedCookiesToResponse->handle(Object(Illuminate/Http/Request), Object(Closure))
#28 C:/laragon/www/APK_POS2/vendor/laravel/framework/src/Illuminate/Cookie/Middleware/EncryptCookies.php(74): Illuminate/Pipeline/Pipeline->{closure:{closure:Illuminate/Pipeline/Pipeline::carry():194}:195}(Object(Illuminate/Http/Request))
#29 C:/laragon/www/APK_POS2/vendor/laravel/framework/src/Illuminate/Pipeline/Pipeline.php(219): Illuminate/Cookie/Middleware/EncryptCookies->handle(Object(Illuminate/Http/Request), Object(Closure))
#30 C:/laragon/www/APK_POS2/vendor/laravel/framework/src/Illuminate/Pipeline/Pipeline.php(137): Illuminate/Pipeline/Pipeline->{closure:{closure:Illuminate/Pipeline/Pipeline::carry():194}:195}(Object(Illuminate/Http/Request))
#31 C:/laragon/www/APK_POS2/vendor/laravel/framework/src/Illuminate/Routing/Router.php(821): Illuminate/Pipeline/Pipeline->then(Object(Closure))
#32 C:/laragon/www/APK_POS2/vendor/laravel/framework/src/Illuminate/Routing/Router.php(800): Illuminate/Routing/Router->runRouteWithinStack(Object(Illuminate/Routing/Route), Object(Illuminate/Http/Request))
#33 C:/laragon/www/APK_POS2/vendor/laravel/framework/src/Illuminate/Routing/Router.php(764): Illuminate/Routing/Router->runRoute(Object(Illuminate/Http/Request), Object(Illuminate/Routing/Route))
#34 C:/laragon/www/APK_POS2/vendor/laravel/framework/src/Illuminate/Routing/Router.php(753): Illuminate/Routing/Router->dispatchToRoute(Object(Illuminate/Http/Request))
#35 C:/laragon/www/APK_POS2/vendor/laravel/framework/src/Illuminate/Foundation/Http/Kernel.php(200): Illuminate/Routing/Router->dispatch(Object(Illuminate/Http/Request))
#36 C:/laragon/www/APK_POS2/vendor/laravel/framework/src/Illuminate/Pipeline/Pipeline.php(180): Illuminate/Foundation/Http/Kernel->{closure:Illuminate/Foundation/Http/Kernel::dispatchToRouter():197}(Object(Illuminate/Http/Request))
#37 C:/laragon/www/APK_POS2/vendor/laravel/framework/src/Illuminate/Foundation/Http/Middleware/TransformsRequest.php(21): Illuminate/Pipeline/Pipeline->{closure:Illuminate/Pipeline/Pipeline::prepareDestination():178}(Object(Illuminate/Http/Request))
#38 C:/laragon/www/APK_POS2/vendor/laravel/framework/src/Illuminate/Foundation/Http/Middleware/ConvertEmptyStringsToNull.php(31): Illuminate/Foundation/Http/Middleware/TransformsRequest->handle(Object(Illuminate/Http/Request), Object(Closure))
#39 C:/laragon/www/APK_POS2/vendor/laravel/framework/src/Illuminate/Pipeline/Pipeline.php(219): Illuminate/Foundation/Http/Middleware/ConvertEmptyStringsToNull->handle(Object(Illuminate/Http/Request), Object(Closure))
#40 C:/laragon/www/APK_POS2/vendor/laravel/framework/src/Illuminate/Foundation/Http/Middleware/TransformsRequest.php(21): Illuminate/Pipeline/Pipeline->{closure:{closure:Illuminate/Pipeline/Pipeline::carry():194}:195}(Object(Illuminate/Http/Request))
#41 C:/laragon/www/APK_POS2/vendor/laravel/framework/src/Illuminate/Foundation/Http/Middleware/TrimStrings.php(51): Illuminate/Foundation/Http/Middleware/TransformsRequest->handle(Object(Illuminate/Http/Request), Object(Closure))
#42 C:/laragon/www/APK_POS2/vendor/laravel/framework/src/Illuminate/Pipeline/Pipeline.php(219): Illuminate/Foundation/Http/Middleware/TrimStrings->handle(Object(Illuminate/Http/Request), Object(Closure))
#43 C:/laragon/www/APK_POS2/vendor/laravel/framework/src/Illuminate/Http/Middleware/ValidatePostSize.php(27): Illuminate/Pipeline/Pipeline->{closure:{closure:Illuminate/Pipeline/Pipeline::carry():194}:195}(Object(Illuminate/Http/Request))
#44 C:/laragon/www/APK_POS2/vendor/laravel/framework/src/Illuminate/Pipeline/Pipeline.php(219): Illuminate/Http/Middleware/ValidatePostSize->handle(Object(Illuminate/Http/Request), Object(Closure))
#45 C:/laragon/www/APK_POS2/vendor/laravel/framework/src/Illuminate/Foundation/Http/Middleware/PreventRequestsDuringMaintenance.php(109): Illuminate/Pipeline/Pipeline->{closure:{closure:Illuminate/Pipeline/Pipeline::carry():194}:195}(Object(Illuminate/Http/Request))
#46 C:/laragon/www/APK_POS2/vendor/laravel/framework/src/Illuminate/Pipeline/Pipeline.php(219): Illuminate/Foundation/Http/Middleware/PreventRequestsDuringMaintenance->handle(Object(Illuminate/Http/Request), Object(Closure))
#47 C:/laragon/www/APK_POS2/vendor/laravel/framework/src/Illuminate/Http/Middleware/HandleCors.php(61): Illuminate/Pipeline/Pipeline->{closure:{closure:Illuminate/Pipeline/Pipeline::carry():194}:195}(Object(Illuminate/Http/Request))
#48 C:/laragon/www/APK_POS2/vendor/laravel/framework/src/Illuminate/Pipeline/Pipeline.php(219): Illuminate/Http/Middleware/HandleCors->handle(Object(Illuminate/Http/Request), Object(Closure))
#49 C:/laragon/www/APK_POS2/vendor/laravel/framework/src/Illuminate/Http/Middleware/TrustProxies.php(58): Illuminate/Pipeline/Pipeline->{closure:{closure:Illuminate/Pipeline/Pipeline::carry():194}:195}(Object(Illuminate/Http/Request))
#50 C:/laragon/www/APK_POS2/vendor/laravel/framework/src/Illuminate/Pipeline/Pipeline.php(219): Illuminate/Http/Middleware/TrustProxies->handle(Object(Illuminate/Http/Request), Object(Closure))
#51 C:/laragon/www/APK_POS2/vendor/laravel/framework/src/Illuminate/Foundation/Http/Middleware/InvokeDeferredCallbacks.php(22): Illuminate/Pipeline/Pipeline->{closure:{closure:Illuminate/Pipeline/Pipeline::carry():194}:195}(Object(Illuminate/Http/Request))
#52 C:/laragon/www/APK_POS2/vendor/laravel/framework/src/Illuminate/Pipeline/Pipeline.php(219): Illuminate/Foundation/Http/Middleware/InvokeDeferredCallbacks->handle(Object(Illuminate/Http/Request), Object(Closure))
#53 C:/laragon/www/APK_POS2/vendor/laravel/framework/src/Illuminate/Http/Middleware/ValidatePathEncoding.php(26): Illuminate/Pipeline/Pipeline->{closure:{closure:Illuminate/Pipeline/Pipeline::carry():194}:195}(Object(Illuminate/Http/Request))
#54 C:/laragon/www/APK_POS2/vendor/laravel/framework/src/Illuminate/Pipeline/Pipeline.php(219): Illuminate/Http/Middleware/ValidatePathEncoding->handle(Object(Illuminate/Http/Request), Object(Closure))
#55 C:/laragon/www/APK_POS2/vendor/laravel/framework/src/Illuminate/Pipeline/Pipeline.php(137): Illuminate/Pipeline/Pipeline->{closure:{closure:Illuminate/Pipeline/Pipeline::carry():194}:195}(Object(Illuminate/Http/Request))
#56 C:/laragon/www/APK_POS2/vendor/laravel/framework/src/Illuminate/Foundation/Http/Kernel.php(175): Illuminate/Pipeline/Pipeline->then(Object(Closure))
#57 C:/laragon/www/APK_POS2/vendor/laravel/framework/src/Illuminate/Foundation/Http/Kernel.php(144): Illuminate/Foundation/Http/Kernel->sendRequestThroughRouter(Object(Illuminate/Http/Request))
#58 C:/laragon/www/APK_POS2/vendor/laravel/framework/src/Illuminate/Foundation/Application.php(1220): Illuminate/Foundation/Http/Kernel->handle(Object(Illuminate/Http/Request))
#59 C:/laragon/www/APK_POS2/public/index.php(20): Illuminate/Foundation/Application->handleRequest(Object(Illuminate/Http/Request))
#60 C:/laragon/www/APK_POS2/vendor/laravel/framework/src/Illuminate/Foundation/resources/server.php(23): require_once('C://laragon//www//...')
#61 {main}

[previous exception] [object] (PDOException(code: 23000): SQLSTATE[23000]: Integrity constraint violation: 1451 Cannot delete or update a parent row: a foreign key constraint fails (`pos_faizzz`.`item_penjualan`, CONSTRAINT `item_penjualan_produk_id_foreign` FOREIGN KEY (`produk_id`) REFERENCES `produk` (`id`)) at C:/laragon/www/APK_POS2/vendor/laravel/framework/src/Illuminate/Database/Connection.php:609)
[stacktrace]
#0 C:/laragon/www/APK_POS2/vendor/laravel/framework/src/Illuminate/Database/Connection.php(609): PDOStatement->execute()
#1 C:/laragon/www/APK_POS2/vendor/laravel/framework/src/Illuminate/Database/Connection.php(827): Illuminate/Database/Connection->{closure:Illuminate/Database/Connection::affectingStatement():597}('delete from `pr...', Array)
#2 C:/laragon/www/APK_POS2/vendor/laravel/framework/src/Illuminate/Database/Connection.php(794): Illuminate/Database/Connection->runQueryCallback('delete from `pr...', Array, Object(Closure))
#3 C:/laragon/www/APK_POS2/vendor/laravel/framework/src/Illuminate/Database/Connection.php(597): Illuminate/Database/Connection->run('delete from `pr...', Array, Object(Closure))
#4 C:/laragon/www/APK_POS2/vendor/laravel/framework/src/Illuminate/Database/Connection.php(561): Illuminate/Database/Connection->affectingStatement('delete from `pr...', Array)
#5 C:/laragon/www/APK_POS2/vendor/laravel/framework/src/Illuminate/Database/Query/Builder.php(4426): Illuminate/Database/Connection->delete('delete from `pr...', Array)
#6 C:/laragon/www/APK_POS2/vendor/laravel/framework/src/Illuminate/Database/Eloquent/Builder.php(1480): Illuminate/Database/Query/Builder->delete()
#7 C:/laragon/www/APK_POS2/vendor/laravel/framework/src/Illuminate/Database/Eloquent/Model.php(1578): Illuminate/Database/Eloquent/Builder->delete()
#8 C:/laragon/www/APK_POS2/vendor/laravel/framework/src/Illuminate/Database/Eloquent/Model.php(1510): Illuminate/Database/Eloquent/Model->performDeleteOnModel()
#9 C:/laragon/www/APK_POS2/app/Http/Controllers/ProdukController.php(110): Illuminate/Database/Eloquent/Model->delete()
#10 C:/laragon/www/APK_POS2/vendor/laravel/framework/src/Illuminate/Routing/ControllerDispatcher.php(46): App/Http/Controllers/ProdukController->destroy(Object(App/Models/Produk))
#11 C:/laragon/www/APK_POS2/vendor/laravel/framework/src/Illuminate/Routing/Route.php(265): Illuminate/Routing/ControllerDispatcher->dispatch(Object(Illuminate/Routing/Route), Object(App/Http/Controllers/ProdukController), 'destroy')
#12 C:/laragon/www/APK_POS2/vendor/laravel/framework/src/Illuminate/Routing/Route.php(211): Illuminate/Routing/Route->runController()
#13 C:/laragon/www/APK_POS2/vendor/laravel/framework/src/Illuminate/Routing/Router.php(822): Illuminate/Routing/Route->run()
#14 C:/laragon/www/APK_POS2/vendor/laravel/framework/src/Illuminate/Pipeline/Pipeline.php(180): Illuminate/Routing/Router->{closure:Illuminate/Routing/Router::runRouteWithinStack():821}(Object(Illuminate/Http/Request))
#15 C:/laragon/www/APK_POS2/app/Http/Middleware/RoleMiddleware.php(27): Illuminate/Pipeline/Pipeline->{closure:Illuminate/Pipeline/Pipeline::prepareDestination():178}(Object(Illuminate/Http/Request))
#16 C:/laragon/www/APK_POS2/vendor/laravel/framework/src/Illuminate/Pipeline/Pipeline.php(219): App/Http/Middleware/RoleMiddleware->handle(Object(Illuminate/Http/Request), Object(Closure), 'admin', 'kasir')
#17 C:/laragon/www/APK_POS2/vendor/laravel/framework/src/Illuminate/Routing/Middleware/SubstituteBindings.php(50): Illuminate/Pipeline/Pipeline->{closure:{closure:Illuminate/Pipeline/Pipeline::carry():194}:195}(Object(Illuminate/Http/Request))
#18 C:/laragon/www/APK_POS2/vendor/laravel/framework/src/Illuminate/Pipeline/Pipeline.php(219): Illuminate/Routing/Middleware/SubstituteBindings->handle(Object(Illuminate/Http/Request), Object(Closure))
#19 C:/laragon/www/APK_POS2/vendor/laravel/framework/src/Illuminate/Auth/Middleware/Authenticate.php(63): Illuminate/Pipeline/Pipeline->{closure:{closure:Illuminate/Pipeline/Pipeline::carry():194}:195}(Object(Illuminate/Http/Request))
#20 C:/laragon/www/APK_POS2/vendor/laravel/framework/src/Illuminate/Pipeline/Pipeline.php(219): Illuminate/Auth/Middleware/Authenticate->handle(Object(Illuminate/Http/Request), Object(Closure))
#21 C:/laragon/www/APK_POS2/vendor/laravel/framework/src/Illuminate/Foundation/Http/Middleware/VerifyCsrfToken.php(87): Illuminate/Pipeline/Pipeline->{closure:{closure:Illuminate/Pipeline/Pipeline::carry():194}:195}(Object(Illuminate/Http/Request))
#22 C:/laragon/www/APK_POS2/vendor/laravel/framework/src/Illuminate/Pipeline/Pipeline.php(219): Illuminate/Foundation/Http/Middleware/VerifyCsrfToken->handle(Object(Illuminate/Http/Request), Object(Closure))
#23 C:/laragon/www/APK_POS2/vendor/laravel/framework/src/Illuminate/View/Middleware/ShareErrorsFromSession.php(48): Illuminate/Pipeline/Pipeline->{closure:{closure:Illuminate/Pipeline/Pipeline::carry():194}:195}(Object(Illuminate/Http/Request))
#24 C:/laragon/www/APK_POS2/vendor/laravel/framework/src/Illuminate/Pipeline/Pipeline.php(219): Illuminate/View/Middleware/ShareErrorsFromSession->handle(Object(Illuminate/Http/Request), Object(Closure))
#25 C:/laragon/www/APK_POS2/vendor/laravel/framework/src/Illuminate/Session/Middleware/StartSession.php(120): Illuminate/Pipeline/Pipeline->{closure:{closure:Illuminate/Pipeline/Pipeline::carry():194}:195}(Object(Illuminate/Http/Request))
#26 C:/laragon/www/APK_POS2/vendor/laravel/framework/src/Illuminate/Session/Middleware/StartSession.php(63): Illuminate/Session/Middleware/StartSession->handleStatefulRequest(Object(Illuminate/Http/Request), Object(Illuminate/Session/Store), Object(Closure))
#27 C:/laragon/www/APK_POS2/vendor/laravel/framework/src/Illuminate/Pipeline/Pipeline.php(219): Illuminate/Session/Middleware/StartSession->handle(Object(Illuminate/Http/Request), Object(Closure))
#28 C:/laragon/www/APK_POS2/vendor/laravel/framework/src/Illuminate/Cookie/Middleware/AddQueuedCookiesToResponse.php(36): Illuminate/Pipeline/Pipeline->{closure:{closure:Illuminate/Pipeline/Pipeline::carry():194}:195}(Object(Illuminate/Http/Request))
#29 C:/laragon/www/APK_POS2/vendor/laravel/framework/src/Illuminate/Pipeline/Pipeline.php(219): Illuminate/Cookie/Middleware/AddQueuedCookiesToResponse->handle(Object(Illuminate/Http/Request), Object(Closure))
#30 C:/laragon/www/APK_POS2/vendor/laravel/framework/src/Illuminate/Cookie/Middleware/EncryptCookies.php(74): Illuminate/Pipeline/Pipeline->{closure:{closure:Illuminate/Pipeline/Pipeline::carry():194}:195}(Object(Illuminate/Http/Request))
#31 C:/laragon/www/APK_POS2/vendor/laravel/framework/src/Illuminate/Pipeline/Pipeline.php(219): Illuminate/Cookie/Middleware/EncryptCookies->handle(Object(Illuminate/Http/Request), Object(Closure))
#32 C:/laragon/www/APK_POS2/vendor/laravel/framework/src/Illuminate/Pipeline/Pipeline.php(137): Illuminate/Pipeline/Pipeline->{closure:{closure:Illuminate/Pipeline/Pipeline::carry():194}:195}(Object(Illuminate/Http/Request))
#33 C:/laragon/www/APK_POS2/vendor/laravel/framework/src/Illuminate/Routing/Router.php(821): Illuminate/Pipeline/Pipeline->then(Object(Closure))
#34 C:/laragon/www/APK_POS2/vendor/laravel/framework/src/Illuminate/Routing/Router.php(800): Illuminate/Routing/Router->runRouteWithinStack(Object(Illuminate/Routing/Route), Object(Illuminate/Http/Request))
#35 C:/laragon/www/APK_POS2/vendor/laravel/framework/src/Illuminate/Routing/Router.php(764): Illuminate/Routing/Router->runRoute(Object(Illuminate/Http/Request), Object(Illuminate/Routing/Route))
#36 C:/laragon/www/APK_POS2/vendor/laravel/framework/src/Illuminate/Routing/Router.php(753): Illuminate/Routing/Router->dispatchToRoute(Object(Illuminate/Http/Request))
#37 C:/laragon/www/APK_POS2/vendor/laravel/framework/src/Illuminate/Foundation/Http/Kernel.php(200): Illuminate/Routing/Router->dispatch(Object(Illuminate/Http/Request))
#38 C:/laragon/www/APK_POS2/vendor/laravel/framework/src/Illuminate/Pipeline/Pipeline.php(180): Illuminate/Foundation/Http/Kernel->{closure:Illuminate/Foundation/Http/Kernel::dispatchToRouter():197}(Object(Illuminate/Http/Request))
#39 C:/laragon/www/APK_POS2/vendor/laravel/framework/src/Illuminate/Foundation/Http/Middleware/TransformsRequest.php(21): Illuminate/Pipeline/Pipeline->{closure:Illuminate/Pipeline/Pipeline::prepareDestination():178}(Object(Illuminate/Http/Request))
#40 C:/laragon/www/APK_POS2/vendor/laravel/framework/src/Illuminate/Foundation/Http/Middleware/ConvertEmptyStringsToNull.php(31): Illuminate/Foundation/Http/Middleware/TransformsRequest->handle(Object(Illuminate/Http/Request), Object(Closure))
#41 C:/laragon/www/APK_POS2/vendor/laravel/framework/src/Illuminate/Pipeline/Pipeline.php(219): Illuminate/Foundation/Http/Middleware/ConvertEmptyStringsToNull->handle(Object(Illuminate/Http/Request), Object(Closure))
#42 C:/laragon/www/APK_POS2/vendor/laravel/framework/src/Illuminate/Foundation/Http/Middleware/TransformsRequest.php(21): Illuminate/Pipeline/Pipeline->{closure:{closure:Illuminate/Pipeline/Pipeline::carry():194}:195}(Object(Illuminate/Http/Request))
#43 C:/laragon/www/APK_POS2/vendor/laravel/framework/src/Illuminate/Foundation/Http/Middleware/TrimStrings.php(51): Illuminate/Foundation/Http/Middleware/TransformsRequest->handle(Object(Illuminate/Http/Request), Object(Closure))
#44 C:/laragon/www/APK_POS2/vendor/laravel/framework/src/Illuminate/Pipeline/Pipeline.php(219): Illuminate/Foundation/Http/Middleware/TrimStrings->handle(Object(Illuminate/Http/Request), Object(Closure))
#45 C:/laragon/www/APK_POS2/vendor/laravel/framework/src/Illuminate/Http/Middleware/ValidatePostSize.php(27): Illuminate/Pipeline/Pipeline->{closure:{closure:Illuminate/Pipeline/Pipeline::carry():194}:195}(Object(Illuminate/Http/Request))
#46 C:/laragon/www/APK_POS2/vendor/laravel/framework/src/Illuminate/Pipeline/Pipeline.php(219): Illuminate/Http/Middleware/ValidatePostSize->handle(Object(Illuminate/Http/Request), Object(Closure))
#47 C:/laragon/www/APK_POS2/vendor/laravel/framework/src/Illuminate/Foundation/Http/Middleware/PreventRequestsDuringMaintenance.php(109): Illuminate/Pipeline/Pipeline->{closure:{closure:Illuminate/Pipeline/Pipeline::carry():194}:195}(Object(Illuminate/Http/Request))
#48 C:/laragon/www/APK_POS2/vendor/laravel/framework/src/Illuminate/Pipeline/Pipeline.php(219): Illuminate/Foundation/Http/Middleware/PreventRequestsDuringMaintenance->handle(Object(Illuminate/Http/Request), Object(Closure))
#49 C:/laragon/www/APK_POS2/vendor/laravel/framework/src/Illuminate/Http/Middleware/HandleCors.php(61): Illuminate/Pipeline/Pipeline->{closure:{closure:Illuminate/Pipeline/Pipeline::carry():194}:195}(Object(Illuminate/Http/Request))
#50 C:/laragon/www/APK_POS2/vendor/laravel/framework/src/Illuminate/Pipeline/Pipeline.php(219): Illuminate/Http/Middleware/HandleCors->handle(Object(Illuminate/Http/Request), Object(Closure))
#51 C:/laragon/www/APK_POS2/vendor/laravel/framework/src/Illuminate/Http/Middleware/TrustProxies.php(58): Illuminate/Pipeline/Pipeline->{closure:{closure:Illuminate/Pipeline/Pipeline::carry():194}:195}(Object(Illuminate/Http/Request))
#52 C:/laragon/www/APK_POS2/vendor/laravel/framework/src/Illuminate/Pipeline/Pipeline.php(219): Illuminate/Http/Middleware/TrustProxies->handle(Object(Illuminate/Http/Request), Object(Closure))
#53 C:/laragon/www/APK_POS2/vendor/laravel/framework/src/Illuminate/Foundation/Http/Middleware/InvokeDeferredCallbacks.php(22): Illuminate/Pipeline/Pipeline->{closure:{closure:Illuminate/Pipeline/Pipeline::carry():194}:195}(Object(Illuminate/Http/Request))
#54 C:/laragon/www/APK_POS2/vendor/laravel/framework/src/Illuminate/Pipeline/Pipeline.php(219): Illuminate/Foundation/Http/Middleware/InvokeDeferredCallbacks->handle(Object(Illuminate/Http/Request), Object(Closure))
#55 C:/laragon/www/APK_POS2/vendor/laravel/framework/src/Illuminate/Http/Middleware/ValidatePathEncoding.php(26): Illuminate/Pipeline/Pipeline->{closure:{closure:Illuminate/Pipeline/Pipeline::carry():194}:195}(Object(Illuminate/Http/Request))
#56 C:/laragon/www/APK_POS2/vendor/laravel/framework/src/Illuminate/Pipeline/Pipeline.php(219): Illuminate/Http/Middleware/ValidatePathEncoding->handle(Object(Illuminate/Http/Request), Object(Closure))
#57 C:/laragon/www/APK_POS2/vendor/laravel/framework/src/Illuminate/Pipeline/Pipeline.php(137): Illuminate/Pipeline/Pipeline->{closure:{closure:Illuminate/Pipeline/Pipeline::carry():194}:195}(Object(Illuminate/Http/Request))
#58 C:/laragon/www/APK_POS2/vendor/laravel/framework/src/Illuminate/Foundation/Http/Kernel.php(175): Illuminate/Pipeline/Pipeline->then(Object(Closure))
#59 C:/laragon/www/APK_POS2/vendor/laravel/framework/src/Illuminate/Foundation/Http/Kernel.php(144): Illuminate/Foundation/Http/Kernel->sendRequestThroughRouter(Object(Illuminate/Http/Request))
#60 C:/laragon/www/APK_POS2/vendor/laravel/framework/src/Illuminate/Foundation/Application.php(1220): Illuminate/Foundation/Http/Kernel->handle(Object(Illuminate/Http/Request))
#61 C:/laragon/www/APK_POS2/public/index.php(20): Illuminate/Foundation/Application->handleRequest(Object(Illuminate/Http/Request))
#62 C:/laragon/www/APK_POS2/vendor/laravel/framework/src/Illuminate/Foundation/resources/server.php(23): require_once('C://laragon//www//...')
#63 {main}
"} 
[2026-08-06 07:05:32] local.ERROR: SQLSTATE[23000]: Integrity constraint violation: 1451 Cannot delete or update a parent row: a foreign key constraint fails (`pos_faizzz`.`item_penjualan`, CONSTRAINT `item_penjualan_produk_id_foreign` FOREIGN KEY (`produk_id`) REFERENCES `produk` (`id`)) (Connection: mysql, Host: 127.0.0.1, Port: 3306, Database: pos_faizzz, SQL: delete from `produk` where `id` = 1) {"userId":2,"exception":"[object] (Illuminate\\Database\\QueryException(code: 23000): SQLSTATE[23000]: Integrity constraint violation: 1451 Cannot delete or update a parent row: a foreign key constraint fails (`pos_faizzz`.`item_penjualan`, CONSTRAINT `item_penjualan_produk_id_foreign` FOREIGN KEY (`produk_id`) REFERENCES `produk` (`id`)) (Connection: mysql, Host: 127.0.0.1, Port: 3306, Database: pos_faizzz, SQL: delete from `produk` where `id` = 1) at C:/laragon/www/APK_POS2/vendor/laravel/framework/src/Illuminate/Database/Connection.php:838)
[stacktrace]
#0 C:/laragon/www/APK_POS2/vendor/laravel/framework/src/Illuminate/Database/Connection.php(794): Illuminate/Database/Connection->runQueryCallback('delete from `pr...', Array, Object(Closure))
#1 C:/laragon/www/APK_POS2/vendor/laravel/framework/src/Illuminate/Database/Connection.php(597): Illuminate/Database/Connection->run('delete from `pr...', Array, Object(Closure))
#2 C:/laragon/www/APK_POS2/vendor/laravel/framework/src/Illuminate/Database/Connection.php(561): Illuminate/Database/Connection->affectingStatement('delete from `pr...', Array)
#3 C:/laragon/www/APK_POS2/vendor/laravel/framework/src/Illuminate/Database/Query/Builder.php(4426): Illuminate/Database/Connection->delete('delete from `pr...', Array)
#4 C:/laragon/www/APK_POS2/vendor/laravel/framework/src/Illuminate/Database/Eloquent/Builder.php(1480): Illuminate/Database/Query/Builder->delete()
#5 C:/laragon/www/APK_POS2/vendor/laravel/framework/src/Illuminate/Database/Eloquent/Model.php(1578): Illuminate/Database/Eloquent/Builder->delete()
#6 C:/laragon/www/APK_POS2/vendor/laravel/framework/src/Illuminate/Database/Eloquent/Model.php(1510): Illuminate/Database/Eloquent/Model->performDeleteOnModel()
#7 C:/laragon/www/APK_POS2/app/Http/Controllers/ProdukController.php(110): Illuminate/Database/Eloquent/Model->delete()
#8 C:/laragon/www/APK_POS2/vendor/laravel/framework/src/Illuminate/Routing/ControllerDispatcher.php(46): App/Http/Controllers/ProdukController->destroy(Object(App/Models/Produk))
#9 C:/laragon/www/APK_POS2/vendor/laravel/framework/src/Illuminate/Routing/Route.php(265): Illuminate/Routing/ControllerDispatcher->dispatch(Object(Illuminate/Routing/Route), Object(App/Http/Controllers/ProdukController), 'destroy')
#10 C:/laragon/www/APK_POS2/vendor/laravel/framework/src/Illuminate/Routing/Route.php(211): Illuminate/Routing/Route->runController()
#11 C:/laragon/www/APK_POS2/vendor/laravel/framework/src/Illuminate/Routing/Router.php(822): Illuminate/Routing/Route->run()
#12 C:/laragon/www/APK_POS2/vendor/laravel/framework/src/Illuminate/Pipeline/Pipeline.php(180): Illuminate/Routing/Router->{closure:Illuminate/Routing/Router::runRouteWithinStack():821}(Object(Illuminate/Http/Request))
#13 C:/laragon/www/APK_POS2/app/Http/Middleware/RoleMiddleware.php(27): Illuminate/Pipeline/Pipeline->{closure:Illuminate/Pipeline/Pipeline::prepareDestination():178}(Object(Illuminate/Http/Request))
#14 C:/laragon/www/APK_POS2/vendor/laravel/framework/src/Illuminate/Pipeline/Pipeline.php(219): App/Http/Middleware/RoleMiddleware->handle(Object(Illuminate/Http/Request), Object(Closure), 'admin', 'kasir')
#15 C:/laragon/www/APK_POS2/vendor/laravel/framework/src/Illuminate/Routing/Middleware/SubstituteBindings.php(50): Illuminate/Pipeline/Pipeline->{closure:{closure:Illuminate/Pipeline/Pipeline::carry():194}:195}(Object(Illuminate/Http/Request))
#16 C:/laragon/www/APK_POS2/vendor/laravel/framework/src/Illuminate/Pipeline/Pipeline.php(219): Illuminate/Routing/Middleware/SubstituteBindings->handle(Object(Illuminate/Http/Request), Object(Closure))
#17 C:/laragon/www/APK_POS2/vendor/laravel/framework/src/Illuminate/Auth/Middleware/Authenticate.php(63): Illuminate/Pipeline/Pipeline->{closure:{closure:Illuminate/Pipeline/Pipeline::carry():194}:195}(Object(Illuminate/Http/Request))
#18 C:/laragon/www/APK_POS2/vendor/laravel/framework/src/Illuminate/Pipeline/Pipeline.php(219): Illuminate/Auth/Middleware/Authenticate->handle(Object(Illuminate/Http/Request), Object(Closure))
#19 C:/laragon/www/APK_POS2/vendor/laravel/framework/src/Illuminate/Foundation/Http/Middleware/VerifyCsrfToken.php(87): Illuminate/Pipeline/Pipeline->{closure:{closure:Illuminate/Pipeline/Pipeline::carry():194}:195}(Object(Illuminate/Http/Request))
#20 C:/laragon/www/APK_POS2/vendor/laravel/framework/src/Illuminate/Pipeline/Pipeline.php(219): Illuminate/Foundation/Http/Middleware/VerifyCsrfToken->handle(Object(Illuminate/Http/Request), Object(Closure))
#21 C:/laragon/www/APK_POS2/vendor/laravel/framework/src/Illuminate/View/Middleware/ShareErrorsFromSession.php(48): Illuminate/Pipeline/Pipeline->{closure:{closure:Illuminate/Pipeline/Pipeline::carry():194}:195}(Object(Illuminate/Http/Request))
#22 C:/laragon/www/APK_POS2/vendor/laravel/framework/src/Illuminate/Pipeline/Pipeline.php(219): Illuminate/View/Middleware/ShareErrorsFromSession->handle(Object(Illuminate/Http/Request), Object(Closure))
#23 C:/laragon/www/APK_POS2/vendor/laravel/framework/src/Illuminate/Session/Middleware/StartSession.php(120): Illuminate/Pipeline/Pipeline->{closure:{closure:Illuminate/Pipeline/Pipeline::carry():194}:195}(Object(Illuminate/Http/Request))
#24 C:/laragon/www/APK_POS2/vendor/laravel/framework/src/Illuminate/Session/Middleware/StartSession.php(63): Illuminate/Session/Middleware/StartSession->handleStatefulRequest(Object(Illuminate/Http/Request), Object(Illuminate/Session/Store), Object(Closure))
#25 C:/laragon/www/APK_POS2/vendor/laravel/framework/src/Illuminate/Pipeline/Pipeline.php(219): Illuminate/Session/Middleware/StartSession->handle(Object(Illuminate/Http/Request), Object(Closure))
#26 C:/laragon/www/APK_POS2/vendor/laravel/framework/src/Illuminate/Cookie/Middleware/AddQueuedCookiesToResponse.php(36): Illuminate/Pipeline/Pipeline->{closure:{closure:Illuminate/Pipeline/Pipeline::carry():194}:195}(Object(Illuminate/Http/Request))
#27 C:/laragon/www/APK_POS2/vendor/laravel/framework/src/Illuminate/Pipeline/Pipeline.php(219): Illuminate/Cookie/Middleware/AddQueuedCookiesToResponse->handle(Object(Illuminate/Http/Request), Object(Closure))
#28 C:/laragon/www/APK_POS2/vendor/laravel/framework/src/Illuminate/Cookie/Middleware/EncryptCookies.php(74): Illuminate/Pipeline/Pipeline->{closure:{closure:Illuminate/Pipeline/Pipeline::carry():194}:195}(Object(Illuminate/Http/Request))
#29 C:/laragon/www/APK_POS2/vendor/laravel/framework/src/Illuminate/Pipeline/Pipeline.php(219): Illuminate/Cookie/Middleware/EncryptCookies->handle(Object(Illuminate/Http/Request), Object(Closure))
#30 C:/laragon/www/APK_POS2/vendor/laravel/framework/src/Illuminate/Pipeline/Pipeline.php(137): Illuminate/Pipeline/Pipeline->{closure:{closure:Illuminate/Pipeline/Pipeline::carry():194}:195}(Object(Illuminate/Http/Request))
#31 C:/laragon/www/APK_POS2/vendor/laravel/framework/src/Illuminate/Routing/Router.php(821): Illuminate/Pipeline/Pipeline->then(Object(Closure))
#32 C:/laragon/www/APK_POS2/vendor/laravel/framework/src/Illuminate/Routing/Router.php(800): Illuminate/Routing/Router->runRouteWithinStack(Object(Illuminate/Routing/Route), Object(Illuminate/Http/Request))
#33 C:/laragon/www/APK_POS2/vendor/laravel/framework/src/Illuminate/Routing/Router.php(764): Illuminate/Routing/Router->runRoute(Object(Illuminate/Http/Request), Object(Illuminate/Routing/Route))
#34 C:/laragon/www/APK_POS2/vendor/laravel/framework/src/Illuminate/Routing/Router.php(753): Illuminate/Routing/Router->dispatchToRoute(Object(Illuminate/Http/Request))
#35 C:/laragon/www/APK_POS2/vendor/laravel/framework/src/Illuminate/Foundation/Http/Kernel.php(200): Illuminate/Routing/Router->dispatch(Object(Illuminate/Http/Request))
#36 C:/laragon/www/APK_POS2/vendor/laravel/framework/src/Illuminate/Pipeline/Pipeline.php(180): Illuminate/Foundation/Http/Kernel->{closure:Illuminate/Foundation/Http/Kernel::dispatchToRouter():197}(Object(Illuminate/Http/Request))
#37 C:/laragon/www/APK_POS2/vendor/laravel/framework/src/Illuminate/Foundation/Http/Middleware/TransformsRequest.php(21): Illuminate/Pipeline/Pipeline->{closure:Illuminate/Pipeline/Pipeline::prepareDestination():178}(Object(Illuminate/Http/Request))
#38 C:/laragon/www/APK_POS2/vendor/laravel/framework/src/Illuminate/Foundation/Http/Middleware/ConvertEmptyStringsToNull.php(31): Illuminate/Foundation/Http/Middleware/TransformsRequest->handle(Object(Illuminate/Http/Request), Object(Closure))
#39 C:/laragon/www/APK_POS2/vendor/laravel/framework/src/Illuminate/Pipeline/Pipeline.php(219): Illuminate/Foundation/Http/Middleware/ConvertEmptyStringsToNull->handle(Object(Illuminate/Http/Request), Object(Closure))
#40 C:/laragon/www/APK_POS2/vendor/laravel/framework/src/Illuminate/Foundation/Http/Middleware/TransformsRequest.php(21): Illuminate/Pipeline/Pipeline->{closure:{closure:Illuminate/Pipeline/Pipeline::carry():194}:195}(Object(Illuminate/Http/Request))
#41 C:/laragon/www/APK_POS2/vendor/laravel/framework/src/Illuminate/Foundation/Http/Middleware/TrimStrings.php(51): Illuminate/Foundation/Http/Middleware/TransformsRequest->handle(Object(Illuminate/Http/Request), Object(Closure))
#42 C:/laragon/www/APK_POS2/vendor/laravel/framework/src/Illuminate/Pipeline/Pipeline.php(219): Illuminate/Foundation/Http/Middleware/TrimStrings->handle(Object(Illuminate/Http/Request), Object(Closure))
#43 C:/laragon/www/APK_POS2/vendor/laravel/framework/src/Illuminate/Http/Middleware/ValidatePostSize.php(27): Illuminate/Pipeline/Pipeline->{closure:{closure:Illuminate/Pipeline/Pipeline::carry():194}:195}(Object(Illuminate/Http/Request))
#44 C:/laragon/www/APK_POS2/vendor/laravel/framework/src/Illuminate/Pipeline/Pipeline.php(219): Illuminate/Http/Middleware/ValidatePostSize->handle(Object(Illuminate/Http/Request), Object(Closure))
#45 C:/laragon/www/APK_POS2/vendor/laravel/framework/src/Illuminate/Foundation/Http/Middleware/PreventRequestsDuringMaintenance.php(109): Illuminate/Pipeline/Pipeline->{closure:{closure:Illuminate/Pipeline/Pipeline::carry():194}:195}(Object(Illuminate/Http/Request))
#46 C:/laragon/www/APK_POS2/vendor/laravel/framework/src/Illuminate/Pipeline/Pipeline.php(219): Illuminate/Foundation/Http/Middleware/PreventRequestsDuringMaintenance->handle(Object(Illuminate/Http/Request), Object(Closure))
#47 C:/laragon/www/APK_POS2/vendor/laravel/framework/src/Illuminate/Http/Middleware/HandleCors.php(61): Illuminate/Pipeline/Pipeline->{closure:{closure:Illuminate/Pipeline/Pipeline::carry():194}:195}(Object(Illuminate/Http/Request))
#48 C:/laragon/www/APK_POS2/vendor/laravel/framework/src/Illuminate/Pipeline/Pipeline.php(219): Illuminate/Http/Middleware/HandleCors->handle(Object(Illuminate/Http/Request), Object(Closure))
#49 C:/laragon/www/APK_POS2/vendor/laravel/framework/src/Illuminate/Http/Middleware/TrustProxies.php(58): Illuminate/Pipeline/Pipeline->{closure:{closure:Illuminate/Pipeline/Pipeline::carry():194}:195}(Object(Illuminate/Http/Request))
#50 C:/laragon/www/APK_POS2/vendor/laravel/framework/src/Illuminate/Pipeline/Pipeline.php(219): Illuminate/Http/Middleware/TrustProxies->handle(Object(Illuminate/Http/Request), Object(Closure))
#51 C:/laragon/www/APK_POS2/vendor/laravel/framework/src/Illuminate/Foundation/Http/Middleware/InvokeDeferredCallbacks.php(22): Illuminate/Pipeline/Pipeline->{closure:{closure:Illuminate/Pipeline/Pipeline::carry():194}:195}(Object(Illuminate/Http/Request))
#52 C:/laragon/www/APK_POS2/vendor/laravel/framework/src/Illuminate/Pipeline/Pipeline.php(219): Illuminate/Foundation/Http/Middleware/InvokeDeferredCallbacks->handle(Object(Illuminate/Http/Request), Object(Closure))
#53 C:/laragon/www/APK_POS2/vendor/laravel/framework/src/Illuminate/Http/Middleware/ValidatePathEncoding.php(26): Illuminate/Pipeline/Pipeline->{closure:{closure:Illuminate/Pipeline/Pipeline::carry():194}:195}(Object(Illuminate/Http/Request))
#54 C:/laragon/www/APK_POS2/vendor/laravel/framework/src/Illuminate/Pipeline/Pipeline.php(219): Illuminate/Http/Middleware/ValidatePathEncoding->handle(Object(Illuminate/Http/Request), Object(Closure))
#55 C:/laragon/www/APK_POS2/vendor/laravel/framework/src/Illuminate/Pipeline/Pipeline.php(137): Illuminate/Pipeline/Pipeline->{closure:{closure:Illuminate/Pipeline/Pipeline::carry():194}:195}(Object(Illuminate/Http/Request))
#56 C:/laragon/www/APK_POS2/vendor/laravel/framework/src/Illuminate/Foundation/Http/Kernel.php(175): Illuminate/Pipeline/Pipeline->then(Object(Closure))
#57 C:/laragon/www/APK_POS2/vendor/laravel/framework/src/Illuminate/Foundation/Http/Kernel.php(144): Illuminate/Foundation/Http/Kernel->sendRequestThroughRouter(Object(Illuminate/Http/Request))
#58 C:/laragon/www/APK_POS2/vendor/laravel/framework/src/Illuminate/Foundation/Application.php(1220): Illuminate/Foundation/Http/Kernel->handle(Object(Illuminate/Http/Request))
#59 C:/laragon/www/APK_POS2/public/index.php(20): Illuminate/Foundation/Application->handleRequest(Object(Illuminate/Http/Request))
#60 C:/laragon/www/APK_POS2/vendor/laravel/framework/src/Illuminate/Foundation/resources/server.php(23): require_once('C://laragon//www//...')
#61 {main}

[previous exception] [object] (PDOException(code: 23000): SQLSTATE[23000]: Integrity constraint violation: 1451 Cannot delete or update a parent row: a foreign key constraint fails (`pos_faizzz`.`item_penjualan`, CONSTRAINT `item_penjualan_produk_id_foreign` FOREIGN KEY (`produk_id`) REFERENCES `produk` (`id`)) at C:/laragon/www/APK_POS2/vendor/laravel/framework/src/Illuminate/Database/Connection.php:609)
[stacktrace]
#0 C:/laragon/www/APK_POS2/vendor/laravel/framework/src/Illuminate/Database/Connection.php(609): PDOStatement->execute()
#1 C:/laragon/www/APK_POS2/vendor/laravel/framework/src/Illuminate/Database/Connection.php(827): Illuminate/Database/Connection->{closure:Illuminate/Database/Connection::affectingStatement():597}('delete from `pr...', Array)
#2 C:/laragon/www/APK_POS2/vendor/laravel/framework/src/Illuminate/Database/Connection.php(794): Illuminate/Database/Connection->runQueryCallback('delete from `pr...', Array, Object(Closure))
#3 C:/laragon/www/APK_POS2/vendor/laravel/framework/src/Illuminate/Database/Connection.php(597): Illuminate/Database/Connection->run('delete from `pr...', Array, Object(Closure))
#4 C:/laragon/www/APK_POS2/vendor/laravel/framework/src/Illuminate/Database/Connection.php(561): Illuminate/Database/Connection->affectingStatement('delete from `pr...', Array)
#5 C:/laragon/www/APK_POS2/vendor/laravel/framework/src/Illuminate/Database/Query/Builder.php(4426): Illuminate/Database/Connection->delete('delete from `pr...', Array)
#6 C:/laragon/www/APK_POS2/vendor/laravel/framework/src/Illuminate/Database/Eloquent/Builder.php(1480): Illuminate/Database/Query/Builder->delete()
#7 C:/laragon/www/APK_POS2/vendor/laravel/framework/src/Illuminate/Database/Eloquent/Model.php(1578): Illuminate/Database/Eloquent/Builder->delete()
#8 C:/laragon/www/APK_POS2/vendor/laravel/framework/src/Illuminate/Database/Eloquent/Model.php(1510): Illuminate/Database/Eloquent/Model->performDeleteOnModel()
#9 C:/laragon/www/APK_POS2/app/Http/Controllers/ProdukController.php(110): Illuminate/Database/Eloquent/Model->delete()
#10 C:/laragon/www/APK_POS2/vendor/laravel/framework/src/Illuminate/Routing/ControllerDispatcher.php(46): App/Http/Controllers/ProdukController->destroy(Object(App/Models/Produk))
#11 C:/laragon/www/APK_POS2/vendor/laravel/framework/src/Illuminate/Routing/Route.php(265): Illuminate/Routing/ControllerDispatcher->dispatch(Object(Illuminate/Routing/Route), Object(App/Http/Controllers/ProdukController), 'destroy')
#12 C:/laragon/www/APK_POS2/vendor/laravel/framework/src/Illuminate/Routing/Route.php(211): Illuminate/Routing/Route->runController()
#13 C:/laragon/www/APK_POS2/vendor/laravel/framework/src/Illuminate/Routing/Router.php(822): Illuminate/Routing/Route->run()
#14 C:/laragon/www/APK_POS2/vendor/laravel/framework/src/Illuminate/Pipeline/Pipeline.php(180): Illuminate/Routing/Router->{closure:Illuminate/Routing/Router::runRouteWithinStack():821}(Object(Illuminate/Http/Request))
#15 C:/laragon/www/APK_POS2/app/Http/Middleware/RoleMiddleware.php(27): Illuminate/Pipeline/Pipeline->{closure:Illuminate/Pipeline/Pipeline::prepareDestination():178}(Object(Illuminate/Http/Request))
#16 C:/laragon/www/APK_POS2/vendor/laravel/framework/src/Illuminate/Pipeline/Pipeline.php(219): App/Http/Middleware/RoleMiddleware->handle(Object(Illuminate/Http/Request), Object(Closure), 'admin', 'kasir')
#17 C:/laragon/www/APK_POS2/vendor/laravel/framework/src/Illuminate/Routing/Middleware/SubstituteBindings.php(50): Illuminate/Pipeline/Pipeline->{closure:{closure:Illuminate/Pipeline/Pipeline::carry():194}:195}(Object(Illuminate/Http/Request))
#18 C:/laragon/www/APK_POS2/vendor/laravel/framework/src/Illuminate/Pipeline/Pipeline.php(219): Illuminate/Routing/Middleware/SubstituteBindings->handle(Object(Illuminate/Http/Request), Object(Closure))
#19 C:/laragon/www/APK_POS2/vendor/laravel/framework/src/Illuminate/Auth/Middleware/Authenticate.php(63): Illuminate/Pipeline/Pipeline->{closure:{closure:Illuminate/Pipeline/Pipeline::carry():194}:195}(Object(Illuminate/Http/Request))
#20 C:/laragon/www/APK_POS2/vendor/laravel/framework/src/Illuminate/Pipeline/Pipeline.php(219): Illuminate/Auth/Middleware/Authenticate->handle(Object(Illuminate/Http/Request), Object(Closure))
#21 C:/laragon/www/APK_POS2/vendor/laravel/framework/src/Illuminate/Foundation/Http/Middleware/VerifyCsrfToken.php(87): Illuminate/Pipeline/Pipeline->{closure:{closure:Illuminate/Pipeline/Pipeline::carry():194}:195}(Object(Illuminate/Http/Request))
#22 C:/laragon/www/APK_POS2/vendor/laravel/framework/src/Illuminate/Pipeline/Pipeline.php(219): Illuminate/Foundation/Http/Middleware/VerifyCsrfToken->handle(Object(Illuminate/Http/Request), Object(Closure))
#23 C:/laragon/www/APK_POS2/vendor/laravel/framework/src/Illuminate/View/Middleware/ShareErrorsFromSession.php(48): Illuminate/Pipeline/Pipeline->{closure:{closure:Illuminate/Pipeline/Pipeline::carry():194}:195}(Object(Illuminate/Http/Request))
#24 C:/laragon/www/APK_POS2/vendor/laravel/framework/src/Illuminate/Pipeline/Pipeline.php(219): Illuminate/View/Middleware/ShareErrorsFromSession->handle(Object(Illuminate/Http/Request), Object(Closure))
#25 C:/laragon/www/APK_POS2/vendor/laravel/framework/src/Illuminate/Session/Middleware/StartSession.php(120): Illuminate/Pipeline/Pipeline->{closure:{closure:Illuminate/Pipeline/Pipeline::carry():194}:195}(Object(Illuminate/Http/Request))
#26 C:/laragon/www/APK_POS2/vendor/laravel/framework/src/Illuminate/Session/Middleware/StartSession.php(63): Illuminate/Session/Middleware/StartSession->handleStatefulRequest(Object(Illuminate/Http/Request), Object(Illuminate/Session/Store), Object(Closure))
#27 C:/laragon/www/APK_POS2/vendor/laravel/framework/src/Illuminate/Pipeline/Pipeline.php(219): Illuminate/Session/Middleware/StartSession->handle(Object(Illuminate/Http/Request), Object(Closure))
#28 C:/laragon/www/APK_POS2/vendor/laravel/framework/src/Illuminate/Cookie/Middleware/AddQueuedCookiesToResponse.php(36): Illuminate/Pipeline/Pipeline->{closure:{closure:Illuminate/Pipeline/Pipeline::carry():194}:195}(Object(Illuminate/Http/Request))
#29 C:/laragon/www/APK_POS2/vendor/laravel/framework/src/Illuminate/Pipeline/Pipeline.php(219): Illuminate/Cookie/Middleware/AddQueuedCookiesToResponse->handle(Object(Illuminate/Http/Request), Object(Closure))
#30 C:/laragon/www/APK_POS2/vendor/laravel/framework/src/Illuminate/Cookie/Middleware/EncryptCookies.php(74): Illuminate/Pipeline/Pipeline->{closure:{closure:Illuminate/Pipeline/Pipeline::carry():194}:195}(Object(Illuminate/Http/Request))
#31 C:/laragon/www/APK_POS2/vendor/laravel/framework/src/Illuminate/Pipeline/Pipeline.php(219): Illuminate/Cookie/Middleware/EncryptCookies->handle(Object(Illuminate/Http/Request), Object(Closure))
#32 C:/laragon/www/APK_POS2/vendor/laravel/framework/src/Illuminate/Pipeline/Pipeline.php(137): Illuminate/Pipeline/Pipeline->{closure:{closure:Illuminate/Pipeline/Pipeline::carry():194}:195}(Object(Illuminate/Http/Request))
#33 C:/laragon/www/APK_POS2/vendor/laravel/framework/src/Illuminate/Routing/Router.php(821): Illuminate/Pipeline/Pipeline->then(Object(Closure))
#34 C:/laragon/www/APK_POS2/vendor/laravel/framework/src/Illuminate/Routing/Router.php(800): Illuminate/Routing/Router->runRouteWithinStack(Object(Illuminate/Routing/Route), Object(Illuminate/Http/Request))
#35 C:/laragon/www/APK_POS2/vendor/laravel/framework/src/Illuminate/Routing/Router.php(764): Illuminate/Routing/Router->runRoute(Object(Illuminate/Http/Request), Object(Illuminate/Routing/Route))
#36 C:/laragon/www/APK_POS2/vendor/laravel/framework/src/Illuminate/Routing/Router.php(753): Illuminate/Routing/Router->dispatchToRoute(Object(Illuminate/Http/Request))
#37 C:/laragon/www/APK_POS2/vendor/laravel/framework/src/Illuminate/Foundation/Http/Kernel.php(200): Illuminate/Routing/Router->dispatch(Object(Illuminate/Http/Request))
#38 C:/laragon/www/APK_POS2/vendor/laravel/framework/src/Illuminate/Pipeline/Pipeline.php(180): Illuminate/Foundation/Http/Kernel->{closure:Illuminate/Foundation/Http/Kernel::dispatchToRouter():197}(Object(Illuminate/Http/Request))
#39 C:/laragon/www/APK_POS2/vendor/laravel/framework/src/Illuminate/Foundation/Http/Middleware/TransformsRequest.php(21): Illuminate/Pipeline/Pipeline->{closure:Illuminate/Pipeline/Pipeline::prepareDestination():178}(Object(Illuminate/Http/Request))
#40 C:/laragon/www/APK_POS2/vendor/laravel/framework/src/Illuminate/Foundation/Http/Middleware/ConvertEmptyStringsToNull.php(31): Illuminate/Foundation/Http/Middleware/TransformsRequest->handle(Object(Illuminate/Http/Request), Object(Closure))
#41 C:/laragon/www/APK_POS2/vendor/laravel/framework/src/Illuminate/Pipeline/Pipeline.php(219): Illuminate/Foundation/Http/Middleware/ConvertEmptyStringsToNull->handle(Object(Illuminate/Http/Request), Object(Closure))
#42 C:/laragon/www/APK_POS2/vendor/laravel/framework/src/Illuminate/Foundation/Http/Middleware/TransformsRequest.php(21): Illuminate/Pipeline/Pipeline->{closure:{closure:Illuminate/Pipeline/Pipeline::carry():194}:195}(Object(Illuminate/Http/Request))
#43 C:/laragon/www/APK_POS2/vendor/laravel/framework/src/Illuminate/Foundation/Http/Middleware/TrimStrings.php(51): Illuminate/Foundation/Http/Middleware/TransformsRequest->handle(Object(Illuminate/Http/Request), Object(Closure))
#44 C:/laragon/www/APK_POS2/vendor/laravel/framework/src/Illuminate/Pipeline/Pipeline.php(219): Illuminate/Foundation/Http/Middleware/TrimStrings->handle(Object(Illuminate/Http/Request), Object(Closure))
#45 C:/laragon/www/APK_POS2/vendor/laravel/framework/src/Illuminate/Http/Middleware/ValidatePostSize.php(27): Illuminate/Pipeline/Pipeline->{closure:{closure:Illuminate/Pipeline/Pipeline::carry():194}:195}(Object(Illuminate/Http/Request))
#46 C:/laragon/www/APK_POS2/vendor/laravel/framework/src/Illuminate/Pipeline/Pipeline.php(219): Illuminate/Http/Middleware/ValidatePostSize->handle(Object(Illuminate/Http/Request), Object(Closure))
#47 C:/laragon/www/APK_POS2/vendor/laravel/framework/src/Illuminate/Foundation/Http/Middleware/PreventRequestsDuringMaintenance.php(109): Illuminate/Pipeline/Pipeline->{closure:{closure:Illuminate/Pipeline/Pipeline::carry():194}:195}(Object(Illuminate/Http/Request))
#48 C:/laragon/www/APK_POS2/vendor/laravel/framework/src/Illuminate/Pipeline/Pipeline.php(219): Illuminate/Foundation/Http/Middleware/PreventRequestsDuringMaintenance->handle(Object(Illuminate/Http/Request), Object(Closure))
#49 C:/laragon/www/APK_POS2/vendor/laravel/framework/src/Illuminate/Http/Middleware/HandleCors.php(61): Illuminate/Pipeline/Pipeline->{closure:{closure:Illuminate/Pipeline/Pipeline::carry():194}:195}(Object(Illuminate/Http/Request))
#50 C:/laragon/www/APK_POS2/vendor/laravel/framework/src/Illuminate/Pipeline/Pipeline.php(219): Illuminate/Http/Middleware/HandleCors->handle(Object(Illuminate/Http/Request), Object(Closure))
#51 C:/laragon/www/APK_POS2/vendor/laravel/framework/src/Illuminate/Http/Middleware/TrustProxies.php(58): Illuminate/Pipeline/Pipeline->{closure:{closure:Illuminate/Pipeline/Pipeline::carry():194}:195}(Object(Illuminate/Http/Request))
#52 C:/laragon/www/APK_POS2/vendor/laravel/framework/src/Illuminate/Pipeline/Pipeline.php(219): Illuminate/Http/Middleware/TrustProxies->handle(Object(Illuminate/Http/Request), Object(Closure))
#53 C:/laragon/www/APK_POS2/vendor/laravel/framework/src/Illuminate/Foundation/Http/Middleware/InvokeDeferredCallbacks.php(22): Illuminate/Pipeline/Pipeline->{closure:{closure:Illuminate/Pipeline/Pipeline::carry():194}:195}(Object(Illuminate/Http/Request))
#54 C:/laragon/www/APK_POS2/vendor/laravel/framework/src/Illuminate/Pipeline/Pipeline.php(219): Illuminate/Foundation/Http/Middleware/InvokeDeferredCallbacks->handle(Object(Illuminate/Http/Request), Object(Closure))
#55 C:/laragon/www/APK_POS2/vendor/laravel/framework/src/Illuminate/Http/Middleware/ValidatePathEncoding.php(26): Illuminate/Pipeline/Pipeline->{closure:{closure:Illuminate/Pipeline/Pipeline::carry():194}:195}(Object(Illuminate/Http/Request))
#56 C:/laragon/www/APK_POS2/vendor/laravel/framework/src/Illuminate/Pipeline/Pipeline.php(219): Illuminate/Http/Middleware/ValidatePathEncoding->handle(Object(Illuminate/Http/Request), Object(Closure))
#57 C:/laragon/www/APK_POS2/vendor/laravel/framework/src/Illuminate/Pipeline/Pipeline.php(137): Illuminate/Pipeline/Pipeline->{closure:{closure:Illuminate/Pipeline/Pipeline::carry():194}:195}(Object(Illuminate/Http/Request))
#58 C:/laragon/www/APK_POS2/vendor/laravel/framework/src/Illuminate/Foundation/Http/Kernel.php(175): Illuminate/Pipeline/Pipeline->then(Object(Closure))
#59 C:/laragon/www/APK_POS2/vendor/laravel/framework/src/Illuminate/Foundation/Http/Kernel.php(144): Illuminate/Foundation/Http/Kernel->sendRequestThroughRouter(Object(Illuminate/Http/Request))
#60 C:/laragon/www/APK_POS2/vendor/laravel/framework/src/Illuminate/Foundation/Application.php(1220): Illuminate/Foundation/Http/Kernel->handle(Object(Illuminate/Http/Request))
#61 C:/laragon/www/APK_POS2/public/index.php(20): Illuminate/Foundation/Application->handleRequest(Object(Illuminate/Http/Request))
#62 C:/laragon/www/APK_POS2/vendor/laravel/framework/src/Illuminate/Foundation/resources/server.php(23): require_once('C://laragon//www//...')
#63 {main}
"} 
[2026-08-06 07:06:21] local.ERROR: SQLSTATE[23000]: Integrity constraint violation: 1451 Cannot delete or update a parent row: a foreign key constraint fails (`pos_faizzz`.`item_penjualan`, CONSTRAINT `item_penjualan_produk_id_foreign` FOREIGN KEY (`produk_id`) REFERENCES `produk` (`id`)) (Connection: mysql, Host: 127.0.0.1, Port: 3306, Database: pos_faizzz, SQL: delete from `produk` where `id` = 1) {"userId":2,"exception":"[object] (Illuminate\\Database\\QueryException(code: 23000): SQLSTATE[23000]: Integrity constraint violation: 1451 Cannot delete or update a parent row: a foreign key constraint fails (`pos_faizzz`.`item_penjualan`, CONSTRAINT `item_penjualan_produk_id_foreign` FOREIGN KEY (`produk_id`) REFERENCES `produk` (`id`)) (Connection: mysql, Host: 127.0.0.1, Port: 3306, Database: pos_faizzz, SQL: delete from `produk` where `id` = 1) at C:/laragon/www/APK_POS2/vendor/laravel/framework/src/Illuminate/Database/Connection.php:838)
[stacktrace]
#0 C:/laragon/www/APK_POS2/vendor/laravel/framework/src/Illuminate/Database/Connection.php(794): Illuminate/Database/Connection->runQueryCallback('delete from `pr...', Array, Object(Closure))
#1 C:/laragon/www/APK_POS2/vendor/laravel/framework/src/Illuminate/Database/Connection.php(597): Illuminate/Database/Connection->run('delete from `pr...', Array, Object(Closure))
#2 C:/laragon/www/APK_POS2/vendor/laravel/framework/src/Illuminate/Database/Connection.php(561): Illuminate/Database/Connection->affectingStatement('delete from `pr...', Array)
#3 C:/laragon/www/APK_POS2/vendor/laravel/framework/src/Illuminate/Database/Query/Builder.php(4426): Illuminate/Database/Connection->delete('delete from `pr...', Array)
#4 C:/laragon/www/APK_POS2/vendor/laravel/framework/src/Illuminate/Database/Eloquent/Builder.php(1480): Illuminate/Database/Query/Builder->delete()
#5 C:/laragon/www/APK_POS2/vendor/laravel/framework/src/Illuminate/Database/Eloquent/Model.php(1578): Illuminate/Database/Eloquent/Builder->delete()
#6 C:/laragon/www/APK_POS2/vendor/laravel/framework/src/Illuminate/Database/Eloquent/Model.php(1510): Illuminate/Database/Eloquent/Model->performDeleteOnModel()
#7 C:/laragon/www/APK_POS2/app/Http/Controllers/ProdukController.php(110): Illuminate/Database/Eloquent/Model->delete()
#8 C:/laragon/www/APK_POS2/vendor/laravel/framework/src/Illuminate/Routing/ControllerDispatcher.php(46): App/Http/Controllers/ProdukController->destroy(Object(App/Models/Produk))
#9 C:/laragon/www/APK_POS2/vendor/laravel/framework/src/Illuminate/Routing/Route.php(265): Illuminate/Routing/ControllerDispatcher->dispatch(Object(Illuminate/Routing/Route), Object(App/Http/Controllers/ProdukController), 'destroy')
#10 C:/laragon/www/APK_POS2/vendor/laravel/framework/src/Illuminate/Routing/Route.php(211): Illuminate/Routing/Route->runController()
#11 C:/laragon/www/APK_POS2/vendor/laravel/framework/src/Illuminate/Routing/Router.php(822): Illuminate/Routing/Route->run()
#12 C:/laragon/www/APK_POS2/vendor/laravel/framework/src/Illuminate/Pipeline/Pipeline.php(180): Illuminate/Routing/Router->{closure:Illuminate/Routing/Router::runRouteWithinStack():821}(Object(Illuminate/Http/Request))
#13 C:/laragon/www/APK_POS2/app/Http/Middleware/RoleMiddleware.php(27): Illuminate/Pipeline/Pipeline->{closure:Illuminate/Pipeline/Pipeline::prepareDestination():178}(Object(Illuminate/Http/Request))
#14 C:/laragon/www/APK_POS2/vendor/laravel/framework/src/Illuminate/Pipeline/Pipeline.php(219): App/Http/Middleware/RoleMiddleware->handle(Object(Illuminate/Http/Request), Object(Closure), 'admin', 'kasir')
#15 C:/laragon/www/APK_POS2/vendor/laravel/framework/src/Illuminate/Routing/Middleware/SubstituteBindings.php(50): Illuminate/Pipeline/Pipeline->{closure:{closure:Illuminate/Pipeline/Pipeline::carry():194}:195}(Object(Illuminate/Http/Request))
#16 C:/laragon/www/APK_POS2/vendor/laravel/framework/src/Illuminate/Pipeline/Pipeline.php(219): Illuminate/Routing/Middleware/SubstituteBindings->handle(Object(Illuminate/Http/Request), Object(Closure))
#17 C:/laragon/www/APK_POS2/vendor/laravel/framework/src/Illuminate/Auth/Middleware/Authenticate.php(63): Illuminate/Pipeline/Pipeline->{closure:{closure:Illuminate/Pipeline/Pipeline::carry():194}:195}(Object(Illuminate/Http/Request))
#18 C:/laragon/www/APK_POS2/vendor/laravel/framework/src/Illuminate/Pipeline/Pipeline.php(219): Illuminate/Auth/Middleware/Authenticate->handle(Object(Illuminate/Http/Request), Object(Closure))
#19 C:/laragon/www/APK_POS2/vendor/laravel/framework/src/Illuminate/Foundation/Http/Middleware/VerifyCsrfToken.php(87): Illuminate/Pipeline/Pipeline->{closure:{closure:Illuminate/Pipeline/Pipeline::carry():194}:195}(Object(Illuminate/Http/Request))
#20 C:/laragon/www/APK_POS2/vendor/laravel/framework/src/Illuminate/Pipeline/Pipeline.php(219): Illuminate/Foundation/Http/Middleware/VerifyCsrfToken->handle(Object(Illuminate/Http/Request), Object(Closure))
#21 C:/laragon/www/APK_POS2/vendor/laravel/framework/src/Illuminate/View/Middleware/ShareErrorsFromSession.php(48): Illuminate/Pipeline/Pipeline->{closure:{closure:Illuminate/Pipeline/Pipeline::carry():194}:195}(Object(Illuminate/Http/Request))
#22 C:/laragon/www/APK_POS2/vendor/laravel/framework/src/Illuminate/Pipeline/Pipeline.php(219): Illuminate/View/Middleware/ShareErrorsFromSession->handle(Object(Illuminate/Http/Request), Object(Closure))
#23 C:/laragon/www/APK_POS2/vendor/laravel/framework/src/Illuminate/Session/Middleware/StartSession.php(120): Illuminate/Pipeline/Pipeline->{closure:{closure:Illuminate/Pipeline/Pipeline::carry():194}:195}(Object(Illuminate/Http/Request))
#24 C:/laragon/www/APK_POS2/vendor/laravel/framework/src/Illuminate/Session/Middleware/StartSession.php(63): Illuminate/Session/Middleware/StartSession->handleStatefulRequest(Object(Illuminate/Http/Request), Object(Illuminate/Session/Store), Object(Closure))
#25 C:/laragon/www/APK_POS2/vendor/laravel/framework/src/Illuminate/Pipeline/Pipeline.php(219): Illuminate/Session/Middleware/StartSession->handle(Object(Illuminate/Http/Request), Object(Closure))
#26 C:/laragon/www/APK_POS2/vendor/laravel/framework/src/Illuminate/Cookie/Middleware/AddQueuedCookiesToResponse.php(36): Illuminate/Pipeline/Pipeline->{closure:{closure:Illuminate/Pipeline/Pipeline::carry():194}:195}(Object(Illuminate/Http/Request))
#27 C:/laragon/www/APK_POS2/vendor/laravel/framework/src/Illuminate/Pipeline/Pipeline.php(219): Illuminate/Cookie/Middleware/AddQueuedCookiesToResponse->handle(Object(Illuminate/Http/Request), Object(Closure))
#28 C:/laragon/www/APK_POS2/vendor/laravel/framework/src/Illuminate/Cookie/Middleware/EncryptCookies.php(74): Illuminate/Pipeline/Pipeline->{closure:{closure:Illuminate/Pipeline/Pipeline::carry():194}:195}(Object(Illuminate/Http/Request))
#29 C:/laragon/www/APK_POS2/vendor/laravel/framework/src/Illuminate/Pipeline/Pipeline.php(219): Illuminate/Cookie/Middleware/EncryptCookies->handle(Object(Illuminate/Http/Request), Object(Closure))
#30 C:/laragon/www/APK_POS2/vendor/laravel/framework/src/Illuminate/Pipeline/Pipeline.php(137): Illuminate/Pipeline/Pipeline->{closure:{closure:Illuminate/Pipeline/Pipeline::carry():194}:195}(Object(Illuminate/Http/Request))
#31 C:/laragon/www/APK_POS2/vendor/laravel/framework/src/Illuminate/Routing/Router.php(821): Illuminate/Pipeline/Pipeline->then(Object(Closure))
#32 C:/laragon/www/APK_POS2/vendor/laravel/framework/src/Illuminate/Routing/Router.php(800): Illuminate/Routing/Router->runRouteWithinStack(Object(Illuminate/Routing/Route), Object(Illuminate/Http/Request))
#33 C:/laragon/www/APK_POS2/vendor/laravel/framework/src/Illuminate/Routing/Router.php(764): Illuminate/Routing/Router->runRoute(Object(Illuminate/Http/Request), Object(Illuminate/Routing/Route))
#34 C:/laragon/www/APK_POS2/vendor/laravel/framework/src/Illuminate/Routing/Router.php(753): Illuminate/Routing/Router->dispatchToRoute(Object(Illuminate/Http/Request))
#35 C:/laragon/www/APK_POS2/vendor/laravel/framework/src/Illuminate/Foundation/Http/Kernel.php(200): Illuminate/Routing/Router->dispatch(Object(Illuminate/Http/Request))
#36 C:/laragon/www/APK_POS2/vendor/laravel/framework/src/Illuminate/Pipeline/Pipeline.php(180): Illuminate/Foundation/Http/Kernel->{closure:Illuminate/Foundation/Http/Kernel::dispatchToRouter():197}(Object(Illuminate/Http/Request))
#37 C:/laragon/www/APK_POS2/vendor/laravel/framework/src/Illuminate/Foundation/Http/Middleware/TransformsRequest.php(21): Illuminate/Pipeline/Pipeline->{closure:Illuminate/Pipeline/Pipeline::prepareDestination():178}(Object(Illuminate/Http/Request))
#38 C:/laragon/www/APK_POS2/vendor/laravel/framework/src/Illuminate/Foundation/Http/Middleware/ConvertEmptyStringsToNull.php(31): Illuminate/Foundation/Http/Middleware/TransformsRequest->handle(Object(Illuminate/Http/Request), Object(Closure))
#39 C:/laragon/www/APK_POS2/vendor/laravel/framework/src/Illuminate/Pipeline/Pipeline.php(219): Illuminate/Foundation/Http/Middleware/ConvertEmptyStringsToNull->handle(Object(Illuminate/Http/Request), Object(Closure))
#40 C:/laragon/www/APK_POS2/vendor/laravel/framework/src/Illuminate/Foundation/Http/Middleware/TransformsRequest.php(21): Illuminate/Pipeline/Pipeline->{closure:{closure:Illuminate/Pipeline/Pipeline::carry():194}:195}(Object(Illuminate/Http/Request))
#41 C:/laragon/www/APK_POS2/vendor/laravel/framework/src/Illuminate/Foundation/Http/Middleware/TrimStrings.php(51): Illuminate/Foundation/Http/Middleware/TransformsRequest->handle(Object(Illuminate/Http/Request), Object(Closure))
#42 C:/laragon/www/APK_POS2/vendor/laravel/framework/src/Illuminate/Pipeline/Pipeline.php(219): Illuminate/Foundation/Http/Middleware/TrimStrings->handle(Object(Illuminate/Http/Request), Object(Closure))
#43 C:/laragon/www/APK_POS2/vendor/laravel/framework/src/Illuminate/Http/Middleware/ValidatePostSize.php(27): Illuminate/Pipeline/Pipeline->{closure:{closure:Illuminate/Pipeline/Pipeline::carry():194}:195}(Object(Illuminate/Http/Request))
#44 C:/laragon/www/APK_POS2/vendor/laravel/framework/src/Illuminate/Pipeline/Pipeline.php(219): Illuminate/Http/Middleware/ValidatePostSize->handle(Object(Illuminate/Http/Request), Object(Closure))
#45 C:/laragon/www/APK_POS2/vendor/laravel/framework/src/Illuminate/Foundation/Http/Middleware/PreventRequestsDuringMaintenance.php(109): Illuminate/Pipeline/Pipeline->{closure:{closure:Illuminate/Pipeline/Pipeline::carry():194}:195}(Object(Illuminate/Http/Request))
#46 C:/laragon/www/APK_POS2/vendor/laravel/framework/src/Illuminate/Pipeline/Pipeline.php(219): Illuminate/Foundation/Http/Middleware/PreventRequestsDuringMaintenance->handle(Object(Illuminate/Http/Request), Object(Closure))
#47 C:/laragon/www/APK_POS2/vendor/laravel/framework/src/Illuminate/Http/Middleware/HandleCors.php(61): Illuminate/Pipeline/Pipeline->{closure:{closure:Illuminate/Pipeline/Pipeline::carry():194}:195}(Object(Illuminate/Http/Request))
#48 C:/laragon/www/APK_POS2/vendor/laravel/framework/src/Illuminate/Pipeline/Pipeline.php(219): Illuminate/Http/Middleware/HandleCors->handle(Object(Illuminate/Http/Request), Object(Closure))
#49 C:/laragon/www/APK_POS2/vendor/laravel/framework/src/Illuminate/Http/Middleware/TrustProxies.php(58): Illuminate/Pipeline/Pipeline->{closure:{closure:Illuminate/Pipeline/Pipeline::carry():194}:195}(Object(Illuminate/Http/Request))
#50 C:/laragon/www/APK_POS2/vendor/laravel/framework/src/Illuminate/Pipeline/Pipeline.php(219): Illuminate/Http/Middleware/TrustProxies->handle(Object(Illuminate/Http/Request), Object(Closure))
#51 C:/laragon/www/APK_POS2/vendor/laravel/framework/src/Illuminate/Foundation/Http/Middleware/InvokeDeferredCallbacks.php(22): Illuminate/Pipeline/Pipeline->{closure:{closure:Illuminate/Pipeline/Pipeline::carry():194}:195}(Object(Illuminate/Http/Request))
#52 C:/laragon/www/APK_POS2/vendor/laravel/framework/src/Illuminate/Pipeline/Pipeline.php(219): Illuminate/Foundation/Http/Middleware/InvokeDeferredCallbacks->handle(Object(Illuminate/Http/Request), Object(Closure))
#53 C:/laragon/www/APK_POS2/vendor/laravel/framework/src/Illuminate/Http/Middleware/ValidatePathEncoding.php(26): Illuminate/Pipeline/Pipeline->{closure:{closure:Illuminate/Pipeline/Pipeline::carry():194}:195}(Object(Illuminate/Http/Request))
#54 C:/laragon/www/APK_POS2/vendor/laravel/framework/src/Illuminate/Pipeline/Pipeline.php(219): Illuminate/Http/Middleware/ValidatePathEncoding->handle(Object(Illuminate/Http/Request), Object(Closure))
#55 C:/laragon/www/APK_POS2/vendor/laravel/framework/src/Illuminate/Pipeline/Pipeline.php(137): Illuminate/Pipeline/Pipeline->{closure:{closure:Illuminate/Pipeline/Pipeline::carry():194}:195}(Object(Illuminate/Http/Request))
#56 C:/laragon/www/APK_POS2/vendor/laravel/framework/src/Illuminate/Foundation/Http/Kernel.php(175): Illuminate/Pipeline/Pipeline->then(Object(Closure))
#57 C:/laragon/www/APK_POS2/vendor/laravel/framework/src/Illuminate/Foundation/Http/Kernel.php(144): Illuminate/Foundation/Http/Kernel->sendRequestThroughRouter(Object(Illuminate/Http/Request))
#58 C:/laragon/www/APK_POS2/vendor/laravel/framework/src/Illuminate/Foundation/Application.php(1220): Illuminate/Foundation/Http/Kernel->handle(Object(Illuminate/Http/Request))
#59 C:/laragon/www/APK_POS2/public/index.php(20): Illuminate/Foundation/Application->handleRequest(Object(Illuminate/Http/Request))
#60 C:/laragon/www/APK_POS2/vendor/laravel/framework/src/Illuminate/Foundation/resources/server.php(23): require_once('C://laragon//www//...')
#61 {main}

[previous exception] [object] (PDOException(code: 23000): SQLSTATE[23000]: Integrity constraint violation: 1451 Cannot delete or update a parent row: a foreign key constraint fails (`pos_faizzz`.`item_penjualan`, CONSTRAINT `item_penjualan_produk_id_foreign` FOREIGN KEY (`produk_id`) REFERENCES `produk` (`id`)) at C:/laragon/www/APK_POS2/vendor/laravel/framework/src/Illuminate/Database/Connection.php:609)
[stacktrace]
#0 C:/laragon/www/APK_POS2/vendor/laravel/framework/src/Illuminate/Database/Connection.php(609): PDOStatement->execute()
#1 C:/laragon/www/APK_POS2/vendor/laravel/framework/src/Illuminate/Database/Connection.php(827): Illuminate/Database/Connection->{closure:Illuminate/Database/Connection::affectingStatement():597}('delete from `pr...', Array)
#2 C:/laragon/www/APK_POS2/vendor/laravel/framework/src/Illuminate/Database/Connection.php(794): Illuminate/Database/Connection->runQueryCallback('delete from `pr...', Array, Object(Closure))
#3 C:/laragon/www/APK_POS2/vendor/laravel/framework/src/Illuminate/Database/Connection.php(597): Illuminate/Database/Connection->run('delete from `pr...', Array, Object(Closure))
#4 C:/laragon/www/APK_POS2/vendor/laravel/framework/src/Illuminate/Database/Connection.php(561): Illuminate/Database/Connection->affectingStatement('delete from `pr...', Array)
#5 C:/laragon/www/APK_POS2/vendor/laravel/framework/src/Illuminate/Database/Query/Builder.php(4426): Illuminate/Database/Connection->delete('delete from `pr...', Array)
#6 C:/laragon/www/APK_POS2/vendor/laravel/framework/src/Illuminate/Database/Eloquent/Builder.php(1480): Illuminate/Database/Query/Builder->delete()
#7 C:/laragon/www/APK_POS2/vendor/laravel/framework/src/Illuminate/Database/Eloquent/Model.php(1578): Illuminate/Database/Eloquent/Builder->delete()
#8 C:/laragon/www/APK_POS2/vendor/laravel/framework/src/Illuminate/Database/Eloquent/Model.php(1510): Illuminate/Database/Eloquent/Model->performDeleteOnModel()
#9 C:/laragon/www/APK_POS2/app/Http/Controllers/ProdukController.php(110): Illuminate/Database/Eloquent/Model->delete()
#10 C:/laragon/www/APK_POS2/vendor/laravel/framework/src/Illuminate/Routing/ControllerDispatcher.php(46): App/Http/Controllers/ProdukController->destroy(Object(App/Models/Produk))
#11 C:/laragon/www/APK_POS2/vendor/laravel/framework/src/Illuminate/Routing/Route.php(265): Illuminate/Routing/ControllerDispatcher->dispatch(Object(Illuminate/Routing/Route), Object(App/Http/Controllers/ProdukController), 'destroy')
#12 C:/laragon/www/APK_POS2/vendor/laravel/framework/src/Illuminate/Routing/Route.php(211): Illuminate/Routing/Route->runController()
#13 C:/laragon/www/APK_POS2/vendor/laravel/framework/src/Illuminate/Routing/Router.php(822): Illuminate/Routing/Route->run()
#14 C:/laragon/www/APK_POS2/vendor/laravel/framework/src/Illuminate/Pipeline/Pipeline.php(180): Illuminate/Routing/Router->{closure:Illuminate/Routing/Router::runRouteWithinStack():821}(Object(Illuminate/Http/Request))
#15 C:/laragon/www/APK_POS2/app/Http/Middleware/RoleMiddleware.php(27): Illuminate/Pipeline/Pipeline->{closure:Illuminate/Pipeline/Pipeline::prepareDestination():178}(Object(Illuminate/Http/Request))
#16 C:/laragon/www/APK_POS2/vendor/laravel/framework/src/Illuminate/Pipeline/Pipeline.php(219): App/Http/Middleware/RoleMiddleware->handle(Object(Illuminate/Http/Request), Object(Closure), 'admin', 'kasir')
#17 C:/laragon/www/APK_POS2/vendor/laravel/framework/src/Illuminate/Routing/Middleware/SubstituteBindings.php(50): Illuminate/Pipeline/Pipeline->{closure:{closure:Illuminate/Pipeline/Pipeline::carry():194}:195}(Object(Illuminate/Http/Request))
#18 C:/laragon/www/APK_POS2/vendor/laravel/framework/src/Illuminate/Pipeline/Pipeline.php(219): Illuminate/Routing/Middleware/SubstituteBindings->handle(Object(Illuminate/Http/Request), Object(Closure))
#19 C:/laragon/www/APK_POS2/vendor/laravel/framework/src/Illuminate/Auth/Middleware/Authenticate.php(63): Illuminate/Pipeline/Pipeline->{closure:{closure:Illuminate/Pipeline/Pipeline::carry():194}:195}(Object(Illuminate/Http/Request))
#20 C:/laragon/www/APK_POS2/vendor/laravel/framework/src/Illuminate/Pipeline/Pipeline.php(219): Illuminate/Auth/Middleware/Authenticate->handle(Object(Illuminate/Http/Request), Object(Closure))
#21 C:/laragon/www/APK_POS2/vendor/laravel/framework/src/Illuminate/Foundation/Http/Middleware/VerifyCsrfToken.php(87): Illuminate/Pipeline/Pipeline->{closure:{closure:Illuminate/Pipeline/Pipeline::carry():194}:195}(Object(Illuminate/Http/Request))
#22 C:/laragon/www/APK_POS2/vendor/laravel/framework/src/Illuminate/Pipeline/Pipeline.php(219): Illuminate/Foundation/Http/Middleware/VerifyCsrfToken->handle(Object(Illuminate/Http/Request), Object(Closure))
#23 C:/laragon/www/APK_POS2/vendor/laravel/framework/src/Illuminate/View/Middleware/ShareErrorsFromSession.php(48): Illuminate/Pipeline/Pipeline->{closure:{closure:Illuminate/Pipeline/Pipeline::carry():194}:195}(Object(Illuminate/Http/Request))
#24 C:/laragon/www/APK_POS2/vendor/laravel/framework/src/Illuminate/Pipeline/Pipeline.php(219): Illuminate/View/Middleware/ShareErrorsFromSession->handle(Object(Illuminate/Http/Request), Object(Closure))
#25 C:/laragon/www/APK_POS2/vendor/laravel/framework/src/Illuminate/Session/Middleware/StartSession.php(120): Illuminate/Pipeline/Pipeline->{closure:{closure:Illuminate/Pipeline/Pipeline::carry():194}:195}(Object(Illuminate/Http/Request))
#26 C:/laragon/www/APK_POS2/vendor/laravel/framework/src/Illuminate/Session/Middleware/StartSession.php(63): Illuminate/Session/Middleware/StartSession->handleStatefulRequest(Object(Illuminate/Http/Request), Object(Illuminate/Session/Store), Object(Closure))
#27 C:/laragon/www/APK_POS2/vendor/laravel/framework/src/Illuminate/Pipeline/Pipeline.php(219): Illuminate/Session/Middleware/StartSession->handle(Object(Illuminate/Http/Request), Object(Closure))
#28 C:/laragon/www/APK_POS2/vendor/laravel/framework/src/Illuminate/Cookie/Middleware/AddQueuedCookiesToResponse.php(36): Illuminate/Pipeline/Pipeline->{closure:{closure:Illuminate/Pipeline/Pipeline::carry():194}:195}(Object(Illuminate/Http/Request))
#29 C:/laragon/www/APK_POS2/vendor/laravel/framework/src/Illuminate/Pipeline/Pipeline.php(219): Illuminate/Cookie/Middleware/AddQueuedCookiesToResponse->handle(Object(Illuminate/Http/Request), Object(Closure))
#30 C:/laragon/www/APK_POS2/vendor/laravel/framework/src/Illuminate/Cookie/Middleware/EncryptCookies.php(74): Illuminate/Pipeline/Pipeline->{closure:{closure:Illuminate/Pipeline/Pipeline::carry():194}:195}(Object(Illuminate/Http/Request))
#31 C:/laragon/www/APK_POS2/vendor/laravel/framework/src/Illuminate/Pipeline/Pipeline.php(219): Illuminate/Cookie/Middleware/EncryptCookies->handle(Object(Illuminate/Http/Request), Object(Closure))
#32 C:/laragon/www/APK_POS2/vendor/laravel/framework/src/Illuminate/Pipeline/Pipeline.php(137): Illuminate/Pipeline/Pipeline->{closure:{closure:Illuminate/Pipeline/Pipeline::carry():194}:195}(Object(Illuminate/Http/Request))
#33 C:/laragon/www/APK_POS2/vendor/laravel/framework/src/Illuminate/Routing/Router.php(821): Illuminate/Pipeline/Pipeline->then(Object(Closure))
#34 C:/laragon/www/APK_POS2/vendor/laravel/framework/src/Illuminate/Routing/Router.php(800): Illuminate/Routing/Router->runRouteWithinStack(Object(Illuminate/Routing/Route), Object(Illuminate/Http/Request))
#35 C:/laragon/www/APK_POS2/vendor/laravel/framework/src/Illuminate/Routing/Router.php(764): Illuminate/Routing/Router->runRoute(Object(Illuminate/Http/Request), Object(Illuminate/Routing/Route))
#36 C:/laragon/www/APK_POS2/vendor/laravel/framework/src/Illuminate/Routing/Router.php(753): Illuminate/Routing/Router->dispatchToRoute(Object(Illuminate/Http/Request))
#37 C:/laragon/www/APK_POS2/vendor/laravel/framework/src/Illuminate/Foundation/Http/Kernel.php(200): Illuminate/Routing/Router->dispatch(Object(Illuminate/Http/Request))
#38 C:/laragon/www/APK_POS2/vendor/laravel/framework/src/Illuminate/Pipeline/Pipeline.php(180): Illuminate/Foundation/Http/Kernel->{closure:Illuminate/Foundation/Http/Kernel::dispatchToRouter():197}(Object(Illuminate/Http/Request))
#39 C:/laragon/www/APK_POS2/vendor/laravel/framework/src/Illuminate/Foundation/Http/Middleware/TransformsRequest.php(21): Illuminate/Pipeline/Pipeline->{closure:Illuminate/Pipeline/Pipeline::prepareDestination():178}(Object(Illuminate/Http/Request))
#40 C:/laragon/www/APK_POS2/vendor/laravel/framework/src/Illuminate/Foundation/Http/Middleware/ConvertEmptyStringsToNull.php(31): Illuminate/Foundation/Http/Middleware/TransformsRequest->handle(Object(Illuminate/Http/Request), Object(Closure))
#41 C:/laragon/www/APK_POS2/vendor/laravel/framework/src/Illuminate/Pipeline/Pipeline.php(219): Illuminate/Foundation/Http/Middleware/ConvertEmptyStringsToNull->handle(Object(Illuminate/Http/Request), Object(Closure))
#42 C:/laragon/www/APK_POS2/vendor/laravel/framework/src/Illuminate/Foundation/Http/Middleware/TransformsRequest.php(21): Illuminate/Pipeline/Pipeline->{closure:{closure:Illuminate/Pipeline/Pipeline::carry():194}:195}(Object(Illuminate/Http/Request))
#43 C:/laragon/www/APK_POS2/vendor/laravel/framework/src/Illuminate/Foundation/Http/Middleware/TrimStrings.php(51): Illuminate/Foundation/Http/Middleware/TransformsRequest->handle(Object(Illuminate/Http/Request), Object(Closure))
#44 C:/laragon/www/APK_POS2/vendor/laravel/framework/src/Illuminate/Pipeline/Pipeline.php(219): Illuminate/Foundation/Http/Middleware/TrimStrings->handle(Object(Illuminate/Http/Request), Object(Closure))
#45 C:/laragon/www/APK_POS2/vendor/laravel/framework/src/Illuminate/Http/Middleware/ValidatePostSize.php(27): Illuminate/Pipeline/Pipeline->{closure:{closure:Illuminate/Pipeline/Pipeline::carry():194}:195}(Object(Illuminate/Http/Request))
#46 C:/laragon/www/APK_POS2/vendor/laravel/framework/src/Illuminate/Pipeline/Pipeline.php(219): Illuminate/Http/Middleware/ValidatePostSize->handle(Object(Illuminate/Http/Request), Object(Closure))
#47 C:/laragon/www/APK_POS2/vendor/laravel/framework/src/Illuminate/Foundation/Http/Middleware/PreventRequestsDuringMaintenance.php(109): Illuminate/Pipeline/Pipeline->{closure:{closure:Illuminate/Pipeline/Pipeline::carry():194}:195}(Object(Illuminate/Http/Request))
#48 C:/laragon/www/APK_POS2/vendor/laravel/framework/src/Illuminate/Pipeline/Pipeline.php(219): Illuminate/Foundation/Http/Middleware/PreventRequestsDuringMaintenance->handle(Object(Illuminate/Http/Request), Object(Closure))
#49 C:/laragon/www/APK_POS2/vendor/laravel/framework/src/Illuminate/Http/Middleware/HandleCors.php(61): Illuminate/Pipeline/Pipeline->{closure:{closure:Illuminate/Pipeline/Pipeline::carry():194}:195}(Object(Illuminate/Http/Request))
#50 C:/laragon/www/APK_POS2/vendor/laravel/framework/src/Illuminate/Pipeline/Pipeline.php(219): Illuminate/Http/Middleware/HandleCors->handle(Object(Illuminate/Http/Request), Object(Closure))
#51 C:/laragon/www/APK_POS2/vendor/laravel/framework/src/Illuminate/Http/Middleware/TrustProxies.php(58): Illuminate/Pipeline/Pipeline->{closure:{closure:Illuminate/Pipeline/Pipeline::carry():194}:195}(Object(Illuminate/Http/Request))
#52 C:/laragon/www/APK_POS2/vendor/laravel/framework/src/Illuminate/Pipeline/Pipeline.php(219): Illuminate/Http/Middleware/TrustProxies->handle(Object(Illuminate/Http/Request), Object(Closure))
#53 C:/laragon/www/APK_POS2/vendor/laravel/framework/src/Illuminate/Foundation/Http/Middleware/InvokeDeferredCallbacks.php(22): Illuminate/Pipeline/Pipeline->{closure:{closure:Illuminate/Pipeline/Pipeline::carry():194}:195}(Object(Illuminate/Http/Request))
#54 C:/laragon/www/APK_POS2/vendor/laravel/framework/src/Illuminate/Pipeline/Pipeline.php(219): Illuminate/Foundation/Http/Middleware/InvokeDeferredCallbacks->handle(Object(Illuminate/Http/Request), Object(Closure))
#55 C:/laragon/www/APK_POS2/vendor/laravel/framework/src/Illuminate/Http/Middleware/ValidatePathEncoding.php(26): Illuminate/Pipeline/Pipeline->{closure:{closure:Illuminate/Pipeline/Pipeline::carry():194}:195}(Object(Illuminate/Http/Request))
#56 C:/laragon/www/APK_POS2/vendor/laravel/framework/src/Illuminate/Pipeline/Pipeline.php(219): Illuminate/Http/Middleware/ValidatePathEncoding->handle(Object(Illuminate/Http/Request), Object(Closure))
#57 C:/laragon/www/APK_POS2/vendor/laravel/framework/src/Illuminate/Pipeline/Pipeline.php(137): Illuminate/Pipeline/Pipeline->{closure:{closure:Illuminate/Pipeline/Pipeline::carry():194}:195}(Object(Illuminate/Http/Request))
#58 C:/laragon/www/APK_POS2/vendor/laravel/framework/src/Illuminate/Foundation/Http/Kernel.php(175): Illuminate/Pipeline/Pipeline->then(Object(Closure))
#59 C:/laragon/www/APK_POS2/vendor/laravel/framework/src/Illuminate/Foundation/Http/Kernel.php(144): Illuminate/Foundation/Http/Kernel->sendRequestThroughRouter(Object(Illuminate/Http/Request))
#60 C:/laragon/www/APK_POS2/vendor/laravel/framework/src/Illuminate/Foundation/Application.php(1220): Illuminate/Foundation/Http/Kernel->handle(Object(Illuminate/Http/Request))
#61 C:/laragon/www/APK_POS2/public/index.php(20): Illuminate/Foundation/Application->handleRequest(Object(Illuminate/Http/Request))
#62 C:/laragon/www/APK_POS2/vendor/laravel/framework/src/Illuminate/Foundation/resources/server.php(23): require_once('C://laragon//www//...')
#63 {main}
"} 
[2026-08-06 07:06:27] local.ERROR: SQLSTATE[23000]: Integrity constraint violation: 1451 Cannot delete or update a parent row: a foreign key constraint fails (`pos_faizzz`.`item_penjualan`, CONSTRAINT `item_penjualan_produk_id_foreign` FOREIGN KEY (`produk_id`) REFERENCES `produk` (`id`)) (Connection: mysql, Host: 127.0.0.1, Port: 3306, Database: pos_faizzz, SQL: delete from `produk` where `id` = 1) {"userId":2,"exception":"[object] (Illuminate\\Database\\QueryException(code: 23000): SQLSTATE[23000]: Integrity constraint violation: 1451 Cannot delete or update a parent row: a foreign key constraint fails (`pos_faizzz`.`item_penjualan`, CONSTRAINT `item_penjualan_produk_id_foreign` FOREIGN KEY (`produk_id`) REFERENCES `produk` (`id`)) (Connection: mysql, Host: 127.0.0.1, Port: 3306, Database: pos_faizzz, SQL: delete from `produk` where `id` = 1) at C:/laragon/www/APK_POS2/vendor/laravel/framework/src/Illuminate/Database/Connection.php:838)
[stacktrace]
#0 C:/laragon/www/APK_POS2/vendor/laravel/framework/src/Illuminate/Database/Connection.php(794): Illuminate/Database/Connection->runQueryCallback('delete from `pr...', Array, Object(Closure))
#1 C:/laragon/www/APK_POS2/vendor/laravel/framework/src/Illuminate/Database/Connection.php(597): Illuminate/Database/Connection->run('delete from `pr...', Array, Object(Closure))
#2 C:/laragon/www/APK_POS2/vendor/laravel/framework/src/Illuminate/Database/Connection.php(561): Illuminate/Database/Connection->affectingStatement('delete from `pr...', Array)
#3 C:/laragon/www/APK_POS2/vendor/laravel/framework/src/Illuminate/Database/Query/Builder.php(4426): Illuminate/Database/Connection->delete('delete from `pr...', Array)
#4 C:/laragon/www/APK_POS2/vendor/laravel/framework/src/Illuminate/Database/Eloquent/Builder.php(1480): Illuminate/Database/Query/Builder->delete()
#5 C:/laragon/www/APK_POS2/vendor/laravel/framework/src/Illuminate/Database/Eloquent/Model.php(1578): Illuminate/Database/Eloquent/Builder->delete()
#6 C:/laragon/www/APK_POS2/vendor/laravel/framework/src/Illuminate/Database/Eloquent/Model.php(1510): Illuminate/Database/Eloquent/Model->performDeleteOnModel()
#7 C:/laragon/www/APK_POS2/app/Http/Controllers/ProdukController.php(110): Illuminate/Database/Eloquent/Model->delete()
#8 C:/laragon/www/APK_POS2/vendor/laravel/framework/src/Illuminate/Routing/ControllerDispatcher.php(46): App/Http/Controllers/ProdukController->destroy(Object(App/Models/Produk))
#9 C:/laragon/www/APK_POS2/vendor/laravel/framework/src/Illuminate/Routing/Route.php(265): Illuminate/Routing/ControllerDispatcher->dispatch(Object(Illuminate/Routing/Route), Object(App/Http/Controllers/ProdukController), 'destroy')
#10 C:/laragon/www/APK_POS2/vendor/laravel/framework/src/Illuminate/Routing/Route.php(211): Illuminate/Routing/Route->runController()
#11 C:/laragon/www/APK_POS2/vendor/laravel/framework/src/Illuminate/Routing/Router.php(822): Illuminate/Routing/Route->run()
#12 C:/laragon/www/APK_POS2/vendor/laravel/framework/src/Illuminate/Pipeline/Pipeline.php(180): Illuminate/Routing/Router->{closure:Illuminate/Routing/Router::runRouteWithinStack():821}(Object(Illuminate/Http/Request))
#13 C:/laragon/www/APK_POS2/app/Http/Middleware/RoleMiddleware.php(27): Illuminate/Pipeline/Pipeline->{closure:Illuminate/Pipeline/Pipeline::prepareDestination():178}(Object(Illuminate/Http/Request))
#14 C:/laragon/www/APK_POS2/vendor/laravel/framework/src/Illuminate/Pipeline/Pipeline.php(219): App/Http/Middleware/RoleMiddleware->handle(Object(Illuminate/Http/Request), Object(Closure), 'admin', 'kasir')
#15 C:/laragon/www/APK_POS2/vendor/laravel/framework/src/Illuminate/Routing/Middleware/SubstituteBindings.php(50): Illuminate/Pipeline/Pipeline->{closure:{closure:Illuminate/Pipeline/Pipeline::carry():194}:195}(Object(Illuminate/Http/Request))
#16 C:/laragon/www/APK_POS2/vendor/laravel/framework/src/Illuminate/Pipeline/Pipeline.php(219): Illuminate/Routing/Middleware/SubstituteBindings->handle(Object(Illuminate/Http/Request), Object(Closure))
#17 C:/laragon/www/APK_POS2/vendor/laravel/framework/src/Illuminate/Auth/Middleware/Authenticate.php(63): Illuminate/Pipeline/Pipeline->{closure:{closure:Illuminate/Pipeline/Pipeline::carry():194}:195}(Object(Illuminate/Http/Request))
#18 C:/laragon/www/APK_POS2/vendor/laravel/framework/src/Illuminate/Pipeline/Pipeline.php(219): Illuminate/Auth/Middleware/Authenticate->handle(Object(Illuminate/Http/Request), Object(Closure))
#19 C:/laragon/www/APK_POS2/vendor/laravel/framework/src/Illuminate/Foundation/Http/Middleware/VerifyCsrfToken.php(87): Illuminate/Pipeline/Pipeline->{closure:{closure:Illuminate/Pipeline/Pipeline::carry():194}:195}(Object(Illuminate/Http/Request))
#20 C:/laragon/www/APK_POS2/vendor/laravel/framework/src/Illuminate/Pipeline/Pipeline.php(219): Illuminate/Foundation/Http/Middleware/VerifyCsrfToken->handle(Object(Illuminate/Http/Request), Object(Closure))
#21 C:/laragon/www/APK_POS2/vendor/laravel/framework/src/Illuminate/View/Middleware/ShareErrorsFromSession.php(48): Illuminate/Pipeline/Pipeline->{closure:{closure:Illuminate/Pipeline/Pipeline::carry():194}:195}(Object(Illuminate/Http/Request))
#22 C:/laragon/www/APK_POS2/vendor/laravel/framework/src/Illuminate/Pipeline/Pipeline.php(219): Illuminate/View/Middleware/ShareErrorsFromSession->handle(Object(Illuminate/Http/Request), Object(Closure))
#23 C:/laragon/www/APK_POS2/vendor/laravel/framework/src/Illuminate/Session/Middleware/StartSession.php(120): Illuminate/Pipeline/Pipeline->{closure:{closure:Illuminate/Pipeline/Pipeline::carry():194}:195}(Object(Illuminate/Http/Request))
#24 C:/laragon/www/APK_POS2/vendor/laravel/framework/src/Illuminate/Session/Middleware/StartSession.php(63): Illuminate/Session/Middleware/StartSession->handleStatefulRequest(Object(Illuminate/Http/Request), Object(Illuminate/Session/Store), Object(Closure))
#25 C:/laragon/www/APK_POS2/vendor/laravel/framework/src/Illuminate/Pipeline/Pipeline.php(219): Illuminate/Session/Middleware/StartSession->handle(Object(Illuminate/Http/Request), Object(Closure))
#26 C:/laragon/www/APK_POS2/vendor/laravel/framework/src/Illuminate/Cookie/Middleware/AddQueuedCookiesToResponse.php(36): Illuminate/Pipeline/Pipeline->{closure:{closure:Illuminate/Pipeline/Pipeline::carry():194}:195}(Object(Illuminate/Http/Request))
#27 C:/laragon/www/APK_POS2/vendor/laravel/framework/src/Illuminate/Pipeline/Pipeline.php(219): Illuminate/Cookie/Middleware/AddQueuedCookiesToResponse->handle(Object(Illuminate/Http/Request), Object(Closure))
#28 C:/laragon/www/APK_POS2/vendor/laravel/framework/src/Illuminate/Cookie/Middleware/EncryptCookies.php(74): Illuminate/Pipeline/Pipeline->{closure:{closure:Illuminate/Pipeline/Pipeline::carry():194}:195}(Object(Illuminate/Http/Request))
#29 C:/laragon/www/APK_POS2/vendor/laravel/framework/src/Illuminate/Pipeline/Pipeline.php(219): Illuminate/Cookie/Middleware/EncryptCookies->handle(Object(Illuminate/Http/Request), Object(Closure))
#30 C:/laragon/www/APK_POS2/vendor/laravel/framework/src/Illuminate/Pipeline/Pipeline.php(137): Illuminate/Pipeline/Pipeline->{closure:{closure:Illuminate/Pipeline/Pipeline::carry():194}:195}(Object(Illuminate/Http/Request))
#31 C:/laragon/www/APK_POS2/vendor/laravel/framework/src/Illuminate/Routing/Router.php(821): Illuminate/Pipeline/Pipeline->then(Object(Closure))
#32 C:/laragon/www/APK_POS2/vendor/laravel/framework/src/Illuminate/Routing/Router.php(800): Illuminate/Routing/Router->runRouteWithinStack(Object(Illuminate/Routing/Route), Object(Illuminate/Http/Request))
#33 C:/laragon/www/APK_POS2/vendor/laravel/framework/src/Illuminate/Routing/Router.php(764): Illuminate/Routing/Router->runRoute(Object(Illuminate/Http/Request), Object(Illuminate/Routing/Route))
#34 C:/laragon/www/APK_POS2/vendor/laravel/framework/src/Illuminate/Routing/Router.php(753): Illuminate/Routing/Router->dispatchToRoute(Object(Illuminate/Http/Request))
#35 C:/laragon/www/APK_POS2/vendor/laravel/framework/src/Illuminate/Foundation/Http/Kernel.php(200): Illuminate/Routing/Router->dispatch(Object(Illuminate/Http/Request))
#36 C:/laragon/www/APK_POS2/vendor/laravel/framework/src/Illuminate/Pipeline/Pipeline.php(180): Illuminate/Foundation/Http/Kernel->{closure:Illuminate/Foundation/Http/Kernel::dispatchToRouter():197}(Object(Illuminate/Http/Request))
#37 C:/laragon/www/APK_POS2/vendor/laravel/framework/src/Illuminate/Foundation/Http/Middleware/TransformsRequest.php(21): Illuminate/Pipeline/Pipeline->{closure:Illuminate/Pipeline/Pipeline::prepareDestination():178}(Object(Illuminate/Http/Request))
#38 C:/laragon/www/APK_POS2/vendor/laravel/framework/src/Illuminate/Foundation/Http/Middleware/ConvertEmptyStringsToNull.php(31): Illuminate/Foundation/Http/Middleware/TransformsRequest->handle(Object(Illuminate/Http/Request), Object(Closure))
#39 C:/laragon/www/APK_POS2/vendor/laravel/framework/src/Illuminate/Pipeline/Pipeline.php(219): Illuminate/Foundation/Http/Middleware/ConvertEmptyStringsToNull->handle(Object(Illuminate/Http/Request), Object(Closure))
#40 C:/laragon/www/APK_POS2/vendor/laravel/framework/src/Illuminate/Foundation/Http/Middleware/TransformsRequest.php(21): Illuminate/Pipeline/Pipeline->{closure:{closure:Illuminate/Pipeline/Pipeline::carry():194}:195}(Object(Illuminate/Http/Request))
#41 C:/laragon/www/APK_POS2/vendor/laravel/framework/src/Illuminate/Foundation/Http/Middleware/TrimStrings.php(51): Illuminate/Foundation/Http/Middleware/TransformsRequest->handle(Object(Illuminate/Http/Request), Object(Closure))
#42 C:/laragon/www/APK_POS2/vendor/laravel/framework/src/Illuminate/Pipeline/Pipeline.php(219): Illuminate/Foundation/Http/Middleware/TrimStrings->handle(Object(Illuminate/Http/Request), Object(Closure))
#43 C:/laragon/www/APK_POS2/vendor/laravel/framework/src/Illuminate/Http/Middleware/ValidatePostSize.php(27): Illuminate/Pipeline/Pipeline->{closure:{closure:Illuminate/Pipeline/Pipeline::carry():194}:195}(Object(Illuminate/Http/Request))
#44 C:/laragon/www/APK_POS2/vendor/laravel/framework/src/Illuminate/Pipeline/Pipeline.php(219): Illuminate/Http/Middleware/ValidatePostSize->handle(Object(Illuminate/Http/Request), Object(Closure))
#45 C:/laragon/www/APK_POS2/vendor/laravel/framework/src/Illuminate/Foundation/Http/Middleware/PreventRequestsDuringMaintenance.php(109): Illuminate/Pipeline/Pipeline->{closure:{closure:Illuminate/Pipeline/Pipeline::carry():194}:195}(Object(Illuminate/Http/Request))
#46 C:/laragon/www/APK_POS2/vendor/laravel/framework/src/Illuminate/Pipeline/Pipeline.php(219): Illuminate/Foundation/Http/Middleware/PreventRequestsDuringMaintenance->handle(Object(Illuminate/Http/Request), Object(Closure))
#47 C:/laragon/www/APK_POS2/vendor/laravel/framework/src/Illuminate/Http/Middleware/HandleCors.php(61): Illuminate/Pipeline/Pipeline->{closure:{closure:Illuminate/Pipeline/Pipeline::carry():194}:195}(Object(Illuminate/Http/Request))
#48 C:/laragon/www/APK_POS2/vendor/laravel/framework/src/Illuminate/Pipeline/Pipeline.php(219): Illuminate/Http/Middleware/HandleCors->handle(Object(Illuminate/Http/Request), Object(Closure))
#49 C:/laragon/www/APK_POS2/vendor/laravel/framework/src/Illuminate/Http/Middleware/TrustProxies.php(58): Illuminate/Pipeline/Pipeline->{closure:{closure:Illuminate/Pipeline/Pipeline::carry():194}:195}(Object(Illuminate/Http/Request))
#50 C:/laragon/www/APK_POS2/vendor/laravel/framework/src/Illuminate/Pipeline/Pipeline.php(219): Illuminate/Http/Middleware/TrustProxies->handle(Object(Illuminate/Http/Request), Object(Closure))
#51 C:/laragon/www/APK_POS2/vendor/laravel/framework/src/Illuminate/Foundation/Http/Middleware/InvokeDeferredCallbacks.php(22): Illuminate/Pipeline/Pipeline->{closure:{closure:Illuminate/Pipeline/Pipeline::carry():194}:195}(Object(Illuminate/Http/Request))
#52 C:/laragon/www/APK_POS2/vendor/laravel/framework/src/Illuminate/Pipeline/Pipeline.php(219): Illuminate/Foundation/Http/Middleware/InvokeDeferredCallbacks->handle(Object(Illuminate/Http/Request), Object(Closure))
#53 C:/laragon/www/APK_POS2/vendor/laravel/framework/src/Illuminate/Http/Middleware/ValidatePathEncoding.php(26): Illuminate/Pipeline/Pipeline->{closure:{closure:Illuminate/Pipeline/Pipeline::carry():194}:195}(Object(Illuminate/Http/Request))
#54 C:/laragon/www/APK_POS2/vendor/laravel/framework/src/Illuminate/Pipeline/Pipeline.php(219): Illuminate/Http/Middleware/ValidatePathEncoding->handle(Object(Illuminate/Http/Request), Object(Closure))
#55 C:/laragon/www/APK_POS2/vendor/laravel/framework/src/Illuminate/Pipeline/Pipeline.php(137): Illuminate/Pipeline/Pipeline->{closure:{closure:Illuminate/Pipeline/Pipeline::carry():194}:195}(Object(Illuminate/Http/Request))
#56 C:/laragon/www/APK_POS2/vendor/laravel/framework/src/Illuminate/Foundation/Http/Kernel.php(175): Illuminate/Pipeline/Pipeline->then(Object(Closure))
#57 C:/laragon/www/APK_POS2/vendor/laravel/framework/src/Illuminate/Foundation/Http/Kernel.php(144): Illuminate/Foundation/Http/Kernel->sendRequestThroughRouter(Object(Illuminate/Http/Request))
#58 C:/laragon/www/APK_POS2/vendor/laravel/framework/src/Illuminate/Foundation/Application.php(1220): Illuminate/Foundation/Http/Kernel->handle(Object(Illuminate/Http/Request))
#59 C:/laragon/www/APK_POS2/public/index.php(20): Illuminate/Foundation/Application->handleRequest(Object(Illuminate/Http/Request))
#60 C:/laragon/www/APK_POS2/vendor/laravel/framework/src/Illuminate/Foundation/resources/server.php(23): require_once('C://laragon//www//...')
#61 {main}

[previous exception] [object] (PDOException(code: 23000): SQLSTATE[23000]: Integrity constraint violation: 1451 Cannot delete or update a parent row: a foreign key constraint fails (`pos_faizzz`.`item_penjualan`, CONSTRAINT `item_penjualan_produk_id_foreign` FOREIGN KEY (`produk_id`) REFERENCES `produk` (`id`)) at C:/laragon/www/APK_POS2/vendor/laravel/framework/src/Illuminate/Database/Connection.php:609)
[stacktrace]
#0 C:/laragon/www/APK_POS2/vendor/laravel/framework/src/Illuminate/Database/Connection.php(609): PDOStatement->execute()
#1 C:/laragon/www/APK_POS2/vendor/laravel/framework/src/Illuminate/Database/Connection.php(827): Illuminate/Database/Connection->{closure:Illuminate/Database/Connection::affectingStatement():597}('delete from `pr...', Array)
#2 C:/laragon/www/APK_POS2/vendor/laravel/framework/src/Illuminate/Database/Connection.php(794): Illuminate/Database/Connection->runQueryCallback('delete from `pr...', Array, Object(Closure))
#3 C:/laragon/www/APK_POS2/vendor/laravel/framework/src/Illuminate/Database/Connection.php(597): Illuminate/Database/Connection->run('delete from `pr...', Array, Object(Closure))
#4 C:/laragon/www/APK_POS2/vendor/laravel/framework/src/Illuminate/Database/Connection.php(561): Illuminate/Database/Connection->affectingStatement('delete from `pr...', Array)
#5 C:/laragon/www/APK_POS2/vendor/laravel/framework/src/Illuminate/Database/Query/Builder.php(4426): Illuminate/Database/Connection->delete('delete from `pr...', Array)
#6 C:/laragon/www/APK_POS2/vendor/laravel/framework/src/Illuminate/Database/Eloquent/Builder.php(1480): Illuminate/Database/Query/Builder->delete()
#7 C:/laragon/www/APK_POS2/vendor/laravel/framework/src/Illuminate/Database/Eloquent/Model.php(1578): Illuminate/Database/Eloquent/Builder->delete()
#8 C:/laragon/www/APK_POS2/vendor/laravel/framework/src/Illuminate/Database/Eloquent/Model.php(1510): Illuminate/Database/Eloquent/Model->performDeleteOnModel()
#9 C:/laragon/www/APK_POS2/app/Http/Controllers/ProdukController.php(110): Illuminate/Database/Eloquent/Model->delete()
#10 C:/laragon/www/APK_POS2/vendor/laravel/framework/src/Illuminate/Routing/ControllerDispatcher.php(46): App/Http/Controllers/ProdukController->destroy(Object(App/Models/Produk))
#11 C:/laragon/www/APK_POS2/vendor/laravel/framework/src/Illuminate/Routing/Route.php(265): Illuminate/Routing/ControllerDispatcher->dispatch(Object(Illuminate/Routing/Route), Object(App/Http/Controllers/ProdukController), 'destroy')
#12 C:/laragon/www/APK_POS2/vendor/laravel/framework/src/Illuminate/Routing/Route.php(211): Illuminate/Routing/Route->runController()
#13 C:/laragon/www/APK_POS2/vendor/laravel/framework/src/Illuminate/Routing/Router.php(822): Illuminate/Routing/Route->run()
#14 C:/laragon/www/APK_POS2/vendor/laravel/framework/src/Illuminate/Pipeline/Pipeline.php(180): Illuminate/Routing/Router->{closure:Illuminate/Routing/Router::runRouteWithinStack():821}(Object(Illuminate/Http/Request))
#15 C:/laragon/www/APK_POS2/app/Http/Middleware/RoleMiddleware.php(27): Illuminate/Pipeline/Pipeline->{closure:Illuminate/Pipeline/Pipeline::prepareDestination():178}(Object(Illuminate/Http/Request))
#16 C:/laragon/www/APK_POS2/vendor/laravel/framework/src/Illuminate/Pipeline/Pipeline.php(219): App/Http/Middleware/RoleMiddleware->handle(Object(Illuminate/Http/Request), Object(Closure), 'admin', 'kasir')
#17 C:/laragon/www/APK_POS2/vendor/laravel/framework/src/Illuminate/Routing/Middleware/SubstituteBindings.php(50): Illuminate/Pipeline/Pipeline->{closure:{closure:Illuminate/Pipeline/Pipeline::carry():194}:195}(Object(Illuminate/Http/Request))
#18 C:/laragon/www/APK_POS2/vendor/laravel/framework/src/Illuminate/Pipeline/Pipeline.php(219): Illuminate/Routing/Middleware/SubstituteBindings->handle(Object(Illuminate/Http/Request), Object(Closure))
#19 C:/laragon/www/APK_POS2/vendor/laravel/framework/src/Illuminate/Auth/Middleware/Authenticate.php(63): Illuminate/Pipeline/Pipeline->{closure:{closure:Illuminate/Pipeline/Pipeline::carry():194}:195}(Object(Illuminate/Http/Request))
#20 C:/laragon/www/APK_POS2/vendor/laravel/framework/src/Illuminate/Pipeline/Pipeline.php(219): Illuminate/Auth/Middleware/Authenticate->handle(Object(Illuminate/Http/Request), Object(Closure))
#21 C:/laragon/www/APK_POS2/vendor/laravel/framework/src/Illuminate/Foundation/Http/Middleware/VerifyCsrfToken.php(87): Illuminate/Pipeline/Pipeline->{closure:{closure:Illuminate/Pipeline/Pipeline::carry():194}:195}(Object(Illuminate/Http/Request))
#22 C:/laragon/www/APK_POS2/vendor/laravel/framework/src/Illuminate/Pipeline/Pipeline.php(219): Illuminate/Foundation/Http/Middleware/VerifyCsrfToken->handle(Object(Illuminate/Http/Request), Object(Closure))
#23 C:/laragon/www/APK_POS2/vendor/laravel/framework/src/Illuminate/View/Middleware/ShareErrorsFromSession.php(48): Illuminate/Pipeline/Pipeline->{closure:{closure:Illuminate/Pipeline/Pipeline::carry():194}:195}(Object(Illuminate/Http/Request))
#24 C:/laragon/www/APK_POS2/vendor/laravel/framework/src/Illuminate/Pipeline/Pipeline.php(219): Illuminate/View/Middleware/ShareErrorsFromSession->handle(Object(Illuminate/Http/Request), Object(Closure))
#25 C:/laragon/www/APK_POS2/vendor/laravel/framework/src/Illuminate/Session/Middleware/StartSession.php(120): Illuminate/Pipeline/Pipeline->{closure:{closure:Illuminate/Pipeline/Pipeline::carry():194}:195}(Object(Illuminate/Http/Request))
#26 C:/laragon/www/APK_POS2/vendor/laravel/framework/src/Illuminate/Session/Middleware/StartSession.php(63): Illuminate/Session/Middleware/StartSession->handleStatefulRequest(Object(Illuminate/Http/Request), Object(Illuminate/Session/Store), Object(Closure))
#27 C:/laragon/www/APK_POS2/vendor/laravel/framework/src/Illuminate/Pipeline/Pipeline.php(219): Illuminate/Session/Middleware/StartSession->handle(Object(Illuminate/Http/Request), Object(Closure))
#28 C:/laragon/www/APK_POS2/vendor/laravel/framework/src/Illuminate/Cookie/Middleware/AddQueuedCookiesToResponse.php(36): Illuminate/Pipeline/Pipeline->{closure:{closure:Illuminate/Pipeline/Pipeline::carry():194}:195}(Object(Illuminate/Http/Request))
#29 C:/laragon/www/APK_POS2/vendor/laravel/framework/src/Illuminate/Pipeline/Pipeline.php(219): Illuminate/Cookie/Middleware/AddQueuedCookiesToResponse->handle(Object(Illuminate/Http/Request), Object(Closure))
#30 C:/laragon/www/APK_POS2/vendor/laravel/framework/src/Illuminate/Cookie/Middleware/EncryptCookies.php(74): Illuminate/Pipeline/Pipeline->{closure:{closure:Illuminate/Pipeline/Pipeline::carry():194}:195}(Object(Illuminate/Http/Request))
#31 C:/laragon/www/APK_POS2/vendor/laravel/framework/src/Illuminate/Pipeline/Pipeline.php(219): Illuminate/Cookie/Middleware/EncryptCookies->handle(Object(Illuminate/Http/Request), Object(Closure))
#32 C:/laragon/www/APK_POS2/vendor/laravel/framework/src/Illuminate/Pipeline/Pipeline.php(137): Illuminate/Pipeline/Pipeline->{closure:{closure:Illuminate/Pipeline/Pipeline::carry():194}:195}(Object(Illuminate/Http/Request))
#33 C:/laragon/www/APK_POS2/vendor/laravel/framework/src/Illuminate/Routing/Router.php(821): Illuminate/Pipeline/Pipeline->then(Object(Closure))
#34 C:/laragon/www/APK_POS2/vendor/laravel/framework/src/Illuminate/Routing/Router.php(800): Illuminate/Routing/Router->runRouteWithinStack(Object(Illuminate/Routing/Route), Object(Illuminate/Http/Request))
#35 C:/laragon/www/APK_POS2/vendor/laravel/framework/src/Illuminate/Routing/Router.php(764): Illuminate/Routing/Router->runRoute(Object(Illuminate/Http/Request), Object(Illuminate/Routing/Route))
#36 C:/laragon/www/APK_POS2/vendor/laravel/framework/src/Illuminate/Routing/Router.php(753): Illuminate/Routing/Router->dispatchToRoute(Object(Illuminate/Http/Request))
#37 C:/laragon/www/APK_POS2/vendor/laravel/framework/src/Illuminate/Foundation/Http/Kernel.php(200): Illuminate/Routing/Router->dispatch(Object(Illuminate/Http/Request))
#38 C:/laragon/www/APK_POS2/vendor/laravel/framework/src/Illuminate/Pipeline/Pipeline.php(180): Illuminate/Foundation/Http/Kernel->{closure:Illuminate/Foundation/Http/Kernel::dispatchToRouter():197}(Object(Illuminate/Http/Request))
#39 C:/laragon/www/APK_POS2/vendor/laravel/framework/src/Illuminate/Foundation/Http/Middleware/TransformsRequest.php(21): Illuminate/Pipeline/Pipeline->{closure:Illuminate/Pipeline/Pipeline::prepareDestination():178}(Object(Illuminate/Http/Request))
#40 C:/laragon/www/APK_POS2/vendor/laravel/framework/src/Illuminate/Foundation/Http/Middleware/ConvertEmptyStringsToNull.php(31): Illuminate/Foundation/Http/Middleware/TransformsRequest->handle(Object(Illuminate/Http/Request), Object(Closure))
#41 C:/laragon/www/APK_POS2/vendor/laravel/framework/src/Illuminate/Pipeline/Pipeline.php(219): Illuminate/Foundation/Http/Middleware/ConvertEmptyStringsToNull->handle(Object(Illuminate/Http/Request), Object(Closure))
#42 C:/laragon/www/APK_POS2/vendor/laravel/framework/src/Illuminate/Foundation/Http/Middleware/TransformsRequest.php(21): Illuminate/Pipeline/Pipeline->{closure:{closure:Illuminate/Pipeline/Pipeline::carry():194}:195}(Object(Illuminate/Http/Request))
#43 C:/laragon/www/APK_POS2/vendor/laravel/framework/src/Illuminate/Foundation/Http/Middleware/TrimStrings.php(51): Illuminate/Foundation/Http/Middleware/TransformsRequest->handle(Object(Illuminate/Http/Request), Object(Closure))
#44 C:/laragon/www/APK_POS2/vendor/laravel/framework/src/Illuminate/Pipeline/Pipeline.php(219): Illuminate/Foundation/Http/Middleware/TrimStrings->handle(Object(Illuminate/Http/Request), Object(Closure))
#45 C:/laragon/www/APK_POS2/vendor/laravel/framework/src/Illuminate/Http/Middleware/ValidatePostSize.php(27): Illuminate/Pipeline/Pipeline->{closure:{closure:Illuminate/Pipeline/Pipeline::carry():194}:195}(Object(Illuminate/Http/Request))
#46 C:/laragon/www/APK_POS2/vendor/laravel/framework/src/Illuminate/Pipeline/Pipeline.php(219): Illuminate/Http/Middleware/ValidatePostSize->handle(Object(Illuminate/Http/Request), Object(Closure))
#47 C:/laragon/www/APK_POS2/vendor/laravel/framework/src/Illuminate/Foundation/Http/Middleware/PreventRequestsDuringMaintenance.php(109): Illuminate/Pipeline/Pipeline->{closure:{closure:Illuminate/Pipeline/Pipeline::carry():194}:195}(Object(Illuminate/Http/Request))
#48 C:/laragon/www/APK_POS2/vendor/laravel/framework/src/Illuminate/Pipeline/Pipeline.php(219): Illuminate/Foundation/Http/Middleware/PreventRequestsDuringMaintenance->handle(Object(Illuminate/Http/Request), Object(Closure))
#49 C:/laragon/www/APK_POS2/vendor/laravel/framework/src/Illuminate/Http/Middleware/HandleCors.php(61): Illuminate/Pipeline/Pipeline->{closure:{closure:Illuminate/Pipeline/Pipeline::carry():194}:195}(Object(Illuminate/Http/Request))
#50 C:/laragon/www/APK_POS2/vendor/laravel/framework/src/Illuminate/Pipeline/Pipeline.php(219): Illuminate/Http/Middleware/HandleCors->handle(Object(Illuminate/Http/Request), Object(Closure))
#51 C:/laragon/www/APK_POS2/vendor/laravel/framework/src/Illuminate/Http/Middleware/TrustProxies.php(58): Illuminate/Pipeline/Pipeline->{closure:{closure:Illuminate/Pipeline/Pipeline::carry():194}:195}(Object(Illuminate/Http/Request))
#52 C:/laragon/www/APK_POS2/vendor/laravel/framework/src/Illuminate/Pipeline/Pipeline.php(219): Illuminate/Http/Middleware/TrustProxies->handle(Object(Illuminate/Http/Request), Object(Closure))
#53 C:/laragon/www/APK_POS2/vendor/laravel/framework/src/Illuminate/Foundation/Http/Middleware/InvokeDeferredCallbacks.php(22): Illuminate/Pipeline/Pipeline->{closure:{closure:Illuminate/Pipeline/Pipeline::carry():194}:195}(Object(Illuminate/Http/Request))
#54 C:/laragon/www/APK_POS2/vendor/laravel/framework/src/Illuminate/Pipeline/Pipeline.php(219): Illuminate/Foundation/Http/Middleware/InvokeDeferredCallbacks->handle(Object(Illuminate/Http/Request), Object(Closure))
#55 C:/laragon/www/APK_POS2/vendor/laravel/framework/src/Illuminate/Http/Middleware/ValidatePathEncoding.php(26): Illuminate/Pipeline/Pipeline->{closure:{closure:Illuminate/Pipeline/Pipeline::carry():194}:195}(Object(Illuminate/Http/Request))
#56 C:/laragon/www/APK_POS2/vendor/laravel/framework/src/Illuminate/Pipeline/Pipeline.php(219): Illuminate/Http/Middleware/ValidatePathEncoding->handle(Object(Illuminate/Http/Request), Object(Closure))
#57 C:/laragon/www/APK_POS2/vendor/laravel/framework/src/Illuminate/Pipeline/Pipeline.php(137): Illuminate/Pipeline/Pipeline->{closure:{closure:Illuminate/Pipeline/Pipeline::carry():194}:195}(Object(Illuminate/Http/Request))
#58 C:/laragon/www/APK_POS2/vendor/laravel/framework/src/Illuminate/Foundation/Http/Kernel.php(175): Illuminate/Pipeline/Pipeline->then(Object(Closure))
#59 C:/laragon/www/APK_POS2/vendor/laravel/framework/src/Illuminate/Foundation/Http/Kernel.php(144): Illuminate/Foundation/Http/Kernel->sendRequestThroughRouter(Object(Illuminate/Http/Request))
#60 C:/laragon/www/APK_POS2/vendor/laravel/framework/src/Illuminate/Foundation/Application.php(1220): Illuminate/Foundation/Http/Kernel->handle(Object(Illuminate/Http/Request))
#61 C:/laragon/www/APK_POS2/public/index.php(20): Illuminate/Foundation/Application->handleRequest(Object(Illuminate/Http/Request))
#62 C:/laragon/www/APK_POS2/vendor/laravel/framework/src/Illuminate/Foundation/resources/server.php(23): require_once('C://laragon//www//...')
#63 {main}
"} 
[2026-08-06 07:07:07] local.ERROR: SQLSTATE[23000]: Integrity constraint violation: 1451 Cannot delete or update a parent row: a foreign key constraint fails (`pos_faizzz`.`item_penjualan`, CONSTRAINT `item_penjualan_produk_id_foreign` FOREIGN KEY (`produk_id`) REFERENCES `produk` (`id`)) (Connection: mysql, Host: 127.0.0.1, Port: 3306, Database: pos_faizzz, SQL: delete from `produk` where `id` = 1) {"userId":2,"exception":"[object] (Illuminate\\Database\\QueryException(code: 23000): SQLSTATE[23000]: Integrity constraint violation: 1451 Cannot delete or update a parent row: a foreign key constraint fails (`pos_faizzz`.`item_penjualan`, CONSTRAINT `item_penjualan_produk_id_foreign` FOREIGN KEY (`produk_id`) REFERENCES `produk` (`id`)) (Connection: mysql, Host: 127.0.0.1, Port: 3306, Database: pos_faizzz, SQL: delete from `produk` where `id` = 1) at C:/laragon/www/APK_POS2/vendor/laravel/framework/src/Illuminate/Database/Connection.php:838)
[stacktrace]
#0 C:/laragon/www/APK_POS2/vendor/laravel/framework/src/Illuminate/Database/Connection.php(794): Illuminate/Database/Connection->runQueryCallback('delete from `pr...', Array, Object(Closure))
#1 C:/laragon/www/APK_POS2/vendor/laravel/framework/src/Illuminate/Database/Connection.php(597): Illuminate/Database/Connection->run('delete from `pr...', Array, Object(Closure))
#2 C:/laragon/www/APK_POS2/vendor/laravel/framework/src/Illuminate/Database/Connection.php(561): Illuminate/Database/Connection->affectingStatement('delete from `pr...', Array)
#3 C:/laragon/www/APK_POS2/vendor/laravel/framework/src/Illuminate/Database/Query/Builder.php(4426): Illuminate/Database/Connection->delete('delete from `pr...', Array)
#4 C:/laragon/www/APK_POS2/vendor/laravel/framework/src/Illuminate/Database/Eloquent/Builder.php(1480): Illuminate/Database/Query/Builder->delete()
#5 C:/laragon/www/APK_POS2/vendor/laravel/framework/src/Illuminate/Database/Eloquent/Model.php(1578): Illuminate/Database/Eloquent/Builder->delete()
#6 C:/laragon/www/APK_POS2/vendor/laravel/framework/src/Illuminate/Database/Eloquent/Model.php(1510): Illuminate/Database/Eloquent/Model->performDeleteOnModel()
#7 C:/laragon/www/APK_POS2/app/Http/Controllers/ProdukController.php(110): Illuminate/Database/Eloquent/Model->delete()
#8 C:/laragon/www/APK_POS2/vendor/laravel/framework/src/Illuminate/Routing/ControllerDispatcher.php(46): App/Http/Controllers/ProdukController->destroy(Object(App/Models/Produk))
#9 C:/laragon/www/APK_POS2/vendor/laravel/framework/src/Illuminate/Routing/Route.php(265): Illuminate/Routing/ControllerDispatcher->dispatch(Object(Illuminate/Routing/Route), Object(App/Http/Controllers/ProdukController), 'destroy')
#10 C:/laragon/www/APK_POS2/vendor/laravel/framework/src/Illuminate/Routing/Route.php(211): Illuminate/Routing/Route->runController()
#11 C:/laragon/www/APK_POS2/vendor/laravel/framework/src/Illuminate/Routing/Router.php(822): Illuminate/Routing/Route->run()
#12 C:/laragon/www/APK_POS2/vendor/laravel/framework/src/Illuminate/Pipeline/Pipeline.php(180): Illuminate/Routing/Router->{closure:Illuminate/Routing/Router::runRouteWithinStack():821}(Object(Illuminate/Http/Request))
#13 C:/laragon/www/APK_POS2/app/Http/Middleware/RoleMiddleware.php(27): Illuminate/Pipeline/Pipeline->{closure:Illuminate/Pipeline/Pipeline::prepareDestination():178}(Object(Illuminate/Http/Request))
#14 C:/laragon/www/APK_POS2/vendor/laravel/framework/src/Illuminate/Pipeline/Pipeline.php(219): App/Http/Middleware/RoleMiddleware->handle(Object(Illuminate/Http/Request), Object(Closure), 'admin', 'kasir')
#15 C:/laragon/www/APK_POS2/vendor/laravel/framework/src/Illuminate/Routing/Middleware/SubstituteBindings.php(50): Illuminate/Pipeline/Pipeline->{closure:{closure:Illuminate/Pipeline/Pipeline::carry():194}:195}(Object(Illuminate/Http/Request))
#16 C:/laragon/www/APK_POS2/vendor/laravel/framework/src/Illuminate/Pipeline/Pipeline.php(219): Illuminate/Routing/Middleware/SubstituteBindings->handle(Object(Illuminate/Http/Request), Object(Closure))
#17 C:/laragon/www/APK_POS2/vendor/laravel/framework/src/Illuminate/Auth/Middleware/Authenticate.php(63): Illuminate/Pipeline/Pipeline->{closure:{closure:Illuminate/Pipeline/Pipeline::carry():194}:195}(Object(Illuminate/Http/Request))
#18 C:/laragon/www/APK_POS2/vendor/laravel/framework/src/Illuminate/Pipeline/Pipeline.php(219): Illuminate/Auth/Middleware/Authenticate->handle(Object(Illuminate/Http/Request), Object(Closure))
#19 C:/laragon/www/APK_POS2/vendor/laravel/framework/src/Illuminate/Foundation/Http/Middleware/VerifyCsrfToken.php(87): Illuminate/Pipeline/Pipeline->{closure:{closure:Illuminate/Pipeline/Pipeline::carry():194}:195}(Object(Illuminate/Http/Request))
#20 C:/laragon/www/APK_POS2/vendor/laravel/framework/src/Illuminate/Pipeline/Pipeline.php(219): Illuminate/Foundation/Http/Middleware/VerifyCsrfToken->handle(Object(Illuminate/Http/Request), Object(Closure))
#21 C:/laragon/www/APK_POS2/vendor/laravel/framework/src/Illuminate/View/Middleware/ShareErrorsFromSession.php(48): Illuminate/Pipeline/Pipeline->{closure:{closure:Illuminate/Pipeline/Pipeline::carry():194}:195}(Object(Illuminate/Http/Request))
#22 C:/laragon/www/APK_POS2/vendor/laravel/framework/src/Illuminate/Pipeline/Pipeline.php(219): Illuminate/View/Middleware/ShareErrorsFromSession->handle(Object(Illuminate/Http/Request), Object(Closure))
#23 C:/laragon/www/APK_POS2/vendor/laravel/framework/src/Illuminate/Session/Middleware/StartSession.php(120): Illuminate/Pipeline/Pipeline->{closure:{closure:Illuminate/Pipeline/Pipeline::carry():194}:195}(Object(Illuminate/Http/Request))
#24 C:/laragon/www/APK_POS2/vendor/laravel/framework/src/Illuminate/Session/Middleware/StartSession.php(63): Illuminate/Session/Middleware/StartSession->handleStatefulRequest(Object(Illuminate/Http/Request), Object(Illuminate/Session/Store), Object(Closure))
#25 C:/laragon/www/APK_POS2/vendor/laravel/framework/src/Illuminate/Pipeline/Pipeline.php(219): Illuminate/Session/Middleware/StartSession->handle(Object(Illuminate/Http/Request), Object(Closure))
#26 C:/laragon/www/APK_POS2/vendor/laravel/framework/src/Illuminate/Cookie/Middleware/AddQueuedCookiesToResponse.php(36): Illuminate/Pipeline/Pipeline->{closure:{closure:Illuminate/Pipeline/Pipeline::carry():194}:195}(Object(Illuminate/Http/Request))
#27 C:/laragon/www/APK_POS2/vendor/laravel/framework/src/Illuminate/Pipeline/Pipeline.php(219): Illuminate/Cookie/Middleware/AddQueuedCookiesToResponse->handle(Object(Illuminate/Http/Request), Object(Closure))
#28 C:/laragon/www/APK_POS2/vendor/laravel/framework/src/Illuminate/Cookie/Middleware/EncryptCookies.php(74): Illuminate/Pipeline/Pipeline->{closure:{closure:Illuminate/Pipeline/Pipeline::carry():194}:195}(Object(Illuminate/Http/Request))
#29 C:/laragon/www/APK_POS2/vendor/laravel/framework/src/Illuminate/Pipeline/Pipeline.php(219): Illuminate/Cookie/Middleware/EncryptCookies->handle(Object(Illuminate/Http/Request), Object(Closure))
#30 C:/laragon/www/APK_POS2/vendor/laravel/framework/src/Illuminate/Pipeline/Pipeline.php(137): Illuminate/Pipeline/Pipeline->{closure:{closure:Illuminate/Pipeline/Pipeline::carry():194}:195}(Object(Illuminate/Http/Request))
#31 C:/laragon/www/APK_POS2/vendor/laravel/framework/src/Illuminate/Routing/Router.php(821): Illuminate/Pipeline/Pipeline->then(Object(Closure))
#32 C:/laragon/www/APK_POS2/vendor/laravel/framework/src/Illuminate/Routing/Router.php(800): Illuminate/Routing/Router->runRouteWithinStack(Object(Illuminate/Routing/Route), Object(Illuminate/Http/Request))
#33 C:/laragon/www/APK_POS2/vendor/laravel/framework/src/Illuminate/Routing/Router.php(764): Illuminate/Routing/Router->runRoute(Object(Illuminate/Http/Request), Object(Illuminate/Routing/Route))
#34 C:/laragon/www/APK_POS2/vendor/laravel/framework/src/Illuminate/Routing/Router.php(753): Illuminate/Routing/Router->dispatchToRoute(Object(Illuminate/Http/Request))
#35 C:/laragon/www/APK_POS2/vendor/laravel/framework/src/Illuminate/Foundation/Http/Kernel.php(200): Illuminate/Routing/Router->dispatch(Object(Illuminate/Http/Request))
#36 C:/laragon/www/APK_POS2/vendor/laravel/framework/src/Illuminate/Pipeline/Pipeline.php(180): Illuminate/Foundation/Http/Kernel->{closure:Illuminate/Foundation/Http/Kernel::dispatchToRouter():197}(Object(Illuminate/Http/Request))
#37 C:/laragon/www/APK_POS2/vendor/laravel/framework/src/Illuminate/Foundation/Http/Middleware/TransformsRequest.php(21): Illuminate/Pipeline/Pipeline->{closure:Illuminate/Pipeline/Pipeline::prepareDestination():178}(Object(Illuminate/Http/Request))
#38 C:/laragon/www/APK_POS2/vendor/laravel/framework/src/Illuminate/Foundation/Http/Middleware/ConvertEmptyStringsToNull.php(31): Illuminate/Foundation/Http/Middleware/TransformsRequest->handle(Object(Illuminate/Http/Request), Object(Closure))
#39 C:/laragon/www/APK_POS2/vendor/laravel/framework/src/Illuminate/Pipeline/Pipeline.php(219): Illuminate/Foundation/Http/Middleware/ConvertEmptyStringsToNull->handle(Object(Illuminate/Http/Request), Object(Closure))
#40 C:/laragon/www/APK_POS2/vendor/laravel/framework/src/Illuminate/Foundation/Http/Middleware/TransformsRequest.php(21): Illuminate/Pipeline/Pipeline->{closure:{closure:Illuminate/Pipeline/Pipeline::carry():194}:195}(Object(Illuminate/Http/Request))
#41 C:/laragon/www/APK_POS2/vendor/laravel/framework/src/Illuminate/Foundation/Http/Middleware/TrimStrings.php(51): Illuminate/Foundation/Http/Middleware/TransformsRequest->handle(Object(Illuminate/Http/Request), Object(Closure))
#42 C:/laragon/www/APK_POS2/vendor/laravel/framework/src/Illuminate/Pipeline/Pipeline.php(219): Illuminate/Foundation/Http/Middleware/TrimStrings->handle(Object(Illuminate/Http/Request), Object(Closure))
#43 C:/laragon/www/APK_POS2/vendor/laravel/framework/src/Illuminate/Http/Middleware/ValidatePostSize.php(27): Illuminate/Pipeline/Pipeline->{closure:{closure:Illuminate/Pipeline/Pipeline::carry():194}:195}(Object(Illuminate/Http/Request))
#44 C:/laragon/www/APK_POS2/vendor/laravel/framework/src/Illuminate/Pipeline/Pipeline.php(219): Illuminate/Http/Middleware/ValidatePostSize->handle(Object(Illuminate/Http/Request), Object(Closure))
#45 C:/laragon/www/APK_POS2/vendor/laravel/framework/src/Illuminate/Foundation/Http/Middleware/PreventRequestsDuringMaintenance.php(109): Illuminate/Pipeline/Pipeline->{closure:{closure:Illuminate/Pipeline/Pipeline::carry():194}:195}(Object(Illuminate/Http/Request))
#46 C:/laragon/www/APK_POS2/vendor/laravel/framework/src/Illuminate/Pipeline/Pipeline.php(219): Illuminate/Foundation/Http/Middleware/PreventRequestsDuringMaintenance->handle(Object(Illuminate/Http/Request), Object(Closure))
#47 C:/laragon/www/APK_POS2/vendor/laravel/framework/src/Illuminate/Http/Middleware/HandleCors.php(61): Illuminate/Pipeline/Pipeline->{closure:{closure:Illuminate/Pipeline/Pipeline::carry():194}:195}(Object(Illuminate/Http/Request))
#48 C:/laragon/www/APK_POS2/vendor/laravel/framework/src/Illuminate/Pipeline/Pipeline.php(219): Illuminate/Http/Middleware/HandleCors->handle(Object(Illuminate/Http/Request), Object(Closure))
#49 C:/laragon/www/APK_POS2/vendor/laravel/framework/src/Illuminate/Http/Middleware/TrustProxies.php(58): Illuminate/Pipeline/Pipeline->{closure:{closure:Illuminate/Pipeline/Pipeline::carry():194}:195}(Object(Illuminate/Http/Request))
#50 C:/laragon/www/APK_POS2/vendor/laravel/framework/src/Illuminate/Pipeline/Pipeline.php(219): Illuminate/Http/Middleware/TrustProxies->handle(Object(Illuminate/Http/Request), Object(Closure))
#51 C:/laragon/www/APK_POS2/vendor/laravel/framework/src/Illuminate/Foundation/Http/Middleware/InvokeDeferredCallbacks.php(22): Illuminate/Pipeline/Pipeline->{closure:{closure:Illuminate/Pipeline/Pipeline::carry():194}:195}(Object(Illuminate/Http/Request))
#52 C:/laragon/www/APK_POS2/vendor/laravel/framework/src/Illuminate/Pipeline/Pipeline.php(219): Illuminate/Foundation/Http/Middleware/InvokeDeferredCallbacks->handle(Object(Illuminate/Http/Request), Object(Closure))
#53 C:/laragon/www/APK_POS2/vendor/laravel/framework/src/Illuminate/Http/Middleware/ValidatePathEncoding.php(26): Illuminate/Pipeline/Pipeline->{closure:{closure:Illuminate/Pipeline/Pipeline::carry():194}:195}(Object(Illuminate/Http/Request))
#54 C:/laragon/www/APK_POS2/vendor/laravel/framework/src/Illuminate/Pipeline/Pipeline.php(219): Illuminate/Http/Middleware/ValidatePathEncoding->handle(Object(Illuminate/Http/Request), Object(Closure))
#55 C:/laragon/www/APK_POS2/vendor/laravel/framework/src/Illuminate/Pipeline/Pipeline.php(137): Illuminate/Pipeline/Pipeline->{closure:{closure:Illuminate/Pipeline/Pipeline::carry():194}:195}(Object(Illuminate/Http/Request))
#56 C:/laragon/www/APK_POS2/vendor/laravel/framework/src/Illuminate/Foundation/Http/Kernel.php(175): Illuminate/Pipeline/Pipeline->then(Object(Closure))
#57 C:/laragon/www/APK_POS2/vendor/laravel/framework/src/Illuminate/Foundation/Http/Kernel.php(144): Illuminate/Foundation/Http/Kernel->sendRequestThroughRouter(Object(Illuminate/Http/Request))
#58 C:/laragon/www/APK_POS2/vendor/laravel/framework/src/Illuminate/Foundation/Application.php(1220): Illuminate/Foundation/Http/Kernel->handle(Object(Illuminate/Http/Request))
#59 C:/laragon/www/APK_POS2/public/index.php(20): Illuminate/Foundation/Application->handleRequest(Object(Illuminate/Http/Request))
#60 C:/laragon/www/APK_POS2/vendor/laravel/framework/src/Illuminate/Foundation/resources/server.php(23): require_once('C://laragon//www//...')
#61 {main}

[previous exception] [object] (PDOException(code: 23000): SQLSTATE[23000]: Integrity constraint violation: 1451 Cannot delete or update a parent row: a foreign key constraint fails (`pos_faizzz`.`item_penjualan`, CONSTRAINT `item_penjualan_produk_id_foreign` FOREIGN KEY (`produk_id`) REFERENCES `produk` (`id`)) at C:/laragon/www/APK_POS2/vendor/laravel/framework/src/Illuminate/Database/Connection.php:609)
[stacktrace]
#0 C:/laragon/www/APK_POS2/vendor/laravel/framework/src/Illuminate/Database/Connection.php(609): PDOStatement->execute()
#1 C:/laragon/www/APK_POS2/vendor/laravel/framework/src/Illuminate/Database/Connection.php(827): Illuminate/Database/Connection->{closure:Illuminate/Database/Connection::affectingStatement():597}('delete from `pr...', Array)
#2 C:/laragon/www/APK_POS2/vendor/laravel/framework/src/Illuminate/Database/Connection.php(794): Illuminate/Database/Connection->runQueryCallback('delete from `pr...', Array, Object(Closure))
#3 C:/laragon/www/APK_POS2/vendor/laravel/framework/src/Illuminate/Database/Connection.php(597): Illuminate/Database/Connection->run('delete from `pr...', Array, Object(Closure))
#4 C:/laragon/www/APK_POS2/vendor/laravel/framework/src/Illuminate/Database/Connection.php(561): Illuminate/Database/Connection->affectingStatement('delete from `pr...', Array)
#5 C:/laragon/www/APK_POS2/vendor/laravel/framework/src/Illuminate/Database/Query/Builder.php(4426): Illuminate/Database/Connection->delete('delete from `pr...', Array)
#6 C:/laragon/www/APK_POS2/vendor/laravel/framework/src/Illuminate/Database/Eloquent/Builder.php(1480): Illuminate/Database/Query/Builder->delete()
#7 C:/laragon/www/APK_POS2/vendor/laravel/framework/src/Illuminate/Database/Eloquent/Model.php(1578): Illuminate/Database/Eloquent/Builder->delete()
#8 C:/laragon/www/APK_POS2/vendor/laravel/framework/src/Illuminate/Database/Eloquent/Model.php(1510): Illuminate/Database/Eloquent/Model->performDeleteOnModel()
#9 C:/laragon/www/APK_POS2/app/Http/Controllers/ProdukController.php(110): Illuminate/Database/Eloquent/Model->delete()
#10 C:/laragon/www/APK_POS2/vendor/laravel/framework/src/Illuminate/Routing/ControllerDispatcher.php(46): App/Http/Controllers/ProdukController->destroy(Object(App/Models/Produk))
#11 C:/laragon/www/APK_POS2/vendor/laravel/framework/src/Illuminate/Routing/Route.php(265): Illuminate/Routing/ControllerDispatcher->dispatch(Object(Illuminate/Routing/Route), Object(App/Http/Controllers/ProdukController), 'destroy')
#12 C:/laragon/www/APK_POS2/vendor/laravel/framework/src/Illuminate/Routing/Route.php(211): Illuminate/Routing/Route->runController()
#13 C:/laragon/www/APK_POS2/vendor/laravel/framework/src/Illuminate/Routing/Router.php(822): Illuminate/Routing/Route->run()
#14 C:/laragon/www/APK_POS2/vendor/laravel/framework/src/Illuminate/Pipeline/Pipeline.php(180): Illuminate/Routing/Router->{closure:Illuminate/Routing/Router::runRouteWithinStack():821}(Object(Illuminate/Http/Request))
#15 C:/laragon/www/APK_POS2/app/Http/Middleware/RoleMiddleware.php(27): Illuminate/Pipeline/Pipeline->{closure:Illuminate/Pipeline/Pipeline::prepareDestination():178}(Object(Illuminate/Http/Request))
#16 C:/laragon/www/APK_POS2/vendor/laravel/framework/src/Illuminate/Pipeline/Pipeline.php(219): App/Http/Middleware/RoleMiddleware->handle(Object(Illuminate/Http/Request), Object(Closure), 'admin', 'kasir')
#17 C:/laragon/www/APK_POS2/vendor/laravel/framework/src/Illuminate/Routing/Middleware/SubstituteBindings.php(50): Illuminate/Pipeline/Pipeline->{closure:{closure:Illuminate/Pipeline/Pipeline::carry():194}:195}(Object(Illuminate/Http/Request))
#18 C:/laragon/www/APK_POS2/vendor/laravel/framework/src/Illuminate/Pipeline/Pipeline.php(219): Illuminate/Routing/Middleware/SubstituteBindings->handle(Object(Illuminate/Http/Request), Object(Closure))
#19 C:/laragon/www/APK_POS2/vendor/laravel/framework/src/Illuminate/Auth/Middleware/Authenticate.php(63): Illuminate/Pipeline/Pipeline->{closure:{closure:Illuminate/Pipeline/Pipeline::carry():194}:195}(Object(Illuminate/Http/Request))
#20 C:/laragon/www/APK_POS2/vendor/laravel/framework/src/Illuminate/Pipeline/Pipeline.php(219): Illuminate/Auth/Middleware/Authenticate->handle(Object(Illuminate/Http/Request), Object(Closure))
#21 C:/laragon/www/APK_POS2/vendor/laravel/framework/src/Illuminate/Foundation/Http/Middleware/VerifyCsrfToken.php(87): Illuminate/Pipeline/Pipeline->{closure:{closure:Illuminate/Pipeline/Pipeline::carry():194}:195}(Object(Illuminate/Http/Request))
#22 C:/laragon/www/APK_POS2/vendor/laravel/framework/src/Illuminate/Pipeline/Pipeline.php(219): Illuminate/Foundation/Http/Middleware/VerifyCsrfToken->handle(Object(Illuminate/Http/Request), Object(Closure))
#23 C:/laragon/www/APK_POS2/vendor/laravel/framework/src/Illuminate/View/Middleware/ShareErrorsFromSession.php(48): Illuminate/Pipeline/Pipeline->{closure:{closure:Illuminate/Pipeline/Pipeline::carry():194}:195}(Object(Illuminate/Http/Request))
#24 C:/laragon/www/APK_POS2/vendor/laravel/framework/src/Illuminate/Pipeline/Pipeline.php(219): Illuminate/View/Middleware/ShareErrorsFromSession->handle(Object(Illuminate/Http/Request), Object(Closure))
#25 C:/laragon/www/APK_POS2/vendor/laravel/framework/src/Illuminate/Session/Middleware/StartSession.php(120): Illuminate/Pipeline/Pipeline->{closure:{closure:Illuminate/Pipeline/Pipeline::carry():194}:195}(Object(Illuminate/Http/Request))
#26 C:/laragon/www/APK_POS2/vendor/laravel/framework/src/Illuminate/Session/Middleware/StartSession.php(63): Illuminate/Session/Middleware/StartSession->handleStatefulRequest(Object(Illuminate/Http/Request), Object(Illuminate/Session/Store), Object(Closure))
#27 C:/laragon/www/APK_POS2/vendor/laravel/framework/src/Illuminate/Pipeline/Pipeline.php(219): Illuminate/Session/Middleware/StartSession->handle(Object(Illuminate/Http/Request), Object(Closure))
#28 C:/laragon/www/APK_POS2/vendor/laravel/framework/src/Illuminate/Cookie/Middleware/AddQueuedCookiesToResponse.php(36): Illuminate/Pipeline/Pipeline->{closure:{closure:Illuminate/Pipeline/Pipeline::carry():194}:195}(Object(Illuminate/Http/Request))
#29 C:/laragon/www/APK_POS2/vendor/laravel/framework/src/Illuminate/Pipeline/Pipeline.php(219): Illuminate/Cookie/Middleware/AddQueuedCookiesToResponse->handle(Object(Illuminate/Http/Request), Object(Closure))
#30 C:/laragon/www/APK_POS2/vendor/laravel/framework/src/Illuminate/Cookie/Middleware/EncryptCookies.php(74): Illuminate/Pipeline/Pipeline->{closure:{closure:Illuminate/Pipeline/Pipeline::carry():194}:195}(Object(Illuminate/Http/Request))
#31 C:/laragon/www/APK_POS2/vendor/laravel/framework/src/Illuminate/Pipeline/Pipeline.php(219): Illuminate/Cookie/Middleware/EncryptCookies->handle(Object(Illuminate/Http/Request), Object(Closure))
#32 C:/laragon/www/APK_POS2/vendor/laravel/framework/src/Illuminate/Pipeline/Pipeline.php(137): Illuminate/Pipeline/Pipeline->{closure:{closure:Illuminate/Pipeline/Pipeline::carry():194}:195}(Object(Illuminate/Http/Request))
#33 C:/laragon/www/APK_POS2/vendor/laravel/framework/src/Illuminate/Routing/Router.php(821): Illuminate/Pipeline/Pipeline->then(Object(Closure))
#34 C:/laragon/www/APK_POS2/vendor/laravel/framework/src/Illuminate/Routing/Router.php(800): Illuminate/Routing/Router->runRouteWithinStack(Object(Illuminate/Routing/Route), Object(Illuminate/Http/Request))
#35 C:/laragon/www/APK_POS2/vendor/laravel/framework/src/Illuminate/Routing/Router.php(764): Illuminate/Routing/Router->runRoute(Object(Illuminate/Http/Request), Object(Illuminate/Routing/Route))
#36 C:/laragon/www/APK_POS2/vendor/laravel/framework/src/Illuminate/Routing/Router.php(753): Illuminate/Routing/Router->dispatchToRoute(Object(Illuminate/Http/Request))
#37 C:/laragon/www/APK_POS2/vendor/laravel/framework/src/Illuminate/Foundation/Http/Kernel.php(200): Illuminate/Routing/Router->dispatch(Object(Illuminate/Http/Request))
#38 C:/laragon/www/APK_POS2/vendor/laravel/framework/src/Illuminate/Pipeline/Pipeline.php(180): Illuminate/Foundation/Http/Kernel->{closure:Illuminate/Foundation/Http/Kernel::dispatchToRouter():197}(Object(Illuminate/Http/Request))
#39 C:/laragon/www/APK_POS2/vendor/laravel/framework/src/Illuminate/Foundation/Http/Middleware/TransformsRequest.php(21): Illuminate/Pipeline/Pipeline->{closure:Illuminate/Pipeline/Pipeline::prepareDestination():178}(Object(Illuminate/Http/Request))
#40 C:/laragon/www/APK_POS2/vendor/laravel/framework/src/Illuminate/Foundation/Http/Middleware/ConvertEmptyStringsToNull.php(31): Illuminate/Foundation/Http/Middleware/TransformsRequest->handle(Object(Illuminate/Http/Request), Object(Closure))
#41 C:/laragon/www/APK_POS2/vendor/laravel/framework/src/Illuminate/Pipeline/Pipeline.php(219): Illuminate/Foundation/Http/Middleware/ConvertEmptyStringsToNull->handle(Object(Illuminate/Http/Request), Object(Closure))
#42 C:/laragon/www/APK_POS2/vendor/laravel/framework/src/Illuminate/Foundation/Http/Middleware/TransformsRequest.php(21): Illuminate/Pipeline/Pipeline->{closure:{closure:Illuminate/Pipeline/Pipeline::carry():194}:195}(Object(Illuminate/Http/Request))
#43 C:/laragon/www/APK_POS2/vendor/laravel/framework/src/Illuminate/Foundation/Http/Middleware/TrimStrings.php(51): Illuminate/Foundation/Http/Middleware/TransformsRequest->handle(Object(Illuminate/Http/Request), Object(Closure))
#44 C:/laragon/www/APK_POS2/vendor/laravel/framework/src/Illuminate/Pipeline/Pipeline.php(219): Illuminate/Foundation/Http/Middleware/TrimStrings->handle(Object(Illuminate/Http/Request), Object(Closure))
#45 C:/laragon/www/APK_POS2/vendor/laravel/framework/src/Illuminate/Http/Middleware/ValidatePostSize.php(27): Illuminate/Pipeline/Pipeline->{closure:{closure:Illuminate/Pipeline/Pipeline::carry():194}:195}(Object(Illuminate/Http/Request))
#46 C:/laragon/www/APK_POS2/vendor/laravel/framework/src/Illuminate/Pipeline/Pipeline.php(219): Illuminate/Http/Middleware/ValidatePostSize->handle(Object(Illuminate/Http/Request), Object(Closure))
#47 C:/laragon/www/APK_POS2/vendor/laravel/framework/src/Illuminate/Foundation/Http/Middleware/PreventRequestsDuringMaintenance.php(109): Illuminate/Pipeline/Pipeline->{closure:{closure:Illuminate/Pipeline/Pipeline::carry():194}:195}(Object(Illuminate/Http/Request))
#48 C:/laragon/www/APK_POS2/vendor/laravel/framework/src/Illuminate/Pipeline/Pipeline.php(219): Illuminate/Foundation/Http/Middleware/PreventRequestsDuringMaintenance->handle(Object(Illuminate/Http/Request), Object(Closure))
#49 C:/laragon/www/APK_POS2/vendor/laravel/framework/src/Illuminate/Http/Middleware/HandleCors.php(61): Illuminate/Pipeline/Pipeline->{closure:{closure:Illuminate/Pipeline/Pipeline::carry():194}:195}(Object(Illuminate/Http/Request))
#50 C:/laragon/www/APK_POS2/vendor/laravel/framework/src/Illuminate/Pipeline/Pipeline.php(219): Illuminate/Http/Middleware/HandleCors->handle(Object(Illuminate/Http/Request), Object(Closure))
#51 C:/laragon/www/APK_POS2/vendor/laravel/framework/src/Illuminate/Http/Middleware/TrustProxies.php(58): Illuminate/Pipeline/Pipeline->{closure:{closure:Illuminate/Pipeline/Pipeline::carry():194}:195}(Object(Illuminate/Http/Request))
#52 C:/laragon/www/APK_POS2/vendor/laravel/framework/src/Illuminate/Pipeline/Pipeline.php(219): Illuminate/Http/Middleware/TrustProxies->handle(Object(Illuminate/Http/Request), Object(Closure))
#53 C:/laragon/www/APK_POS2/vendor/laravel/framework/src/Illuminate/Foundation/Http/Middleware/InvokeDeferredCallbacks.php(22): Illuminate/Pipeline/Pipeline->{closure:{closure:Illuminate/Pipeline/Pipeline::carry():194}:195}(Object(Illuminate/Http/Request))
#54 C:/laragon/www/APK_POS2/vendor/laravel/framework/src/Illuminate/Pipeline/Pipeline.php(219): Illuminate/Foundation/Http/Middleware/InvokeDeferredCallbacks->handle(Object(Illuminate/Http/Request), Object(Closure))
#55 C:/laragon/www/APK_POS2/vendor/laravel/framework/src/Illuminate/Http/Middleware/ValidatePathEncoding.php(26): Illuminate/Pipeline/Pipeline->{closure:{closure:Illuminate/Pipeline/Pipeline::carry():194}:195}(Object(Illuminate/Http/Request))
#56 C:/laragon/www/APK_POS2/vendor/laravel/framework/src/Illuminate/Pipeline/Pipeline.php(219): Illuminate/Http/Middleware/ValidatePathEncoding->handle(Object(Illuminate/Http/Request), Object(Closure))
#57 C:/laragon/www/APK_POS2/vendor/laravel/framework/src/Illuminate/Pipeline/Pipeline.php(137): Illuminate/Pipeline/Pipeline->{closure:{closure:Illuminate/Pipeline/Pipeline::carry():194}:195}(Object(Illuminate/Http/Request))
#58 C:/laragon/www/APK_POS2/vendor/laravel/framework/src/Illuminate/Foundation/Http/Kernel.php(175): Illuminate/Pipeline/Pipeline->then(Object(Closure))
#59 C:/laragon/www/APK_POS2/vendor/laravel/framework/src/Illuminate/Foundation/Http/Kernel.php(144): Illuminate/Foundation/Http/Kernel->sendRequestThroughRouter(Object(Illuminate/Http/Request))
#60 C:/laragon/www/APK_POS2/vendor/laravel/framework/src/Illuminate/Foundation/Application.php(1220): Illuminate/Foundation/Http/Kernel->handle(Object(Illuminate/Http/Request))
#61 C:/laragon/www/APK_POS2/public/index.php(20): Illuminate/Foundation/Application->handleRequest(Object(Illuminate/Http/Request))
#62 C:/laragon/www/APK_POS2/vendor/laravel/framework/src/Illuminate/Foundation/resources/server.php(23): require_once('C://laragon//www//...')
#63 {main}
"} 
